--
-- PostgreSQL database dump
--

-- Dumped from database version 17.4
-- Dumped by pg_dump version 17.4

SET statement_timeout = 0;
SET lock_timeout = 0;
SET idle_in_transaction_session_timeout = 0;
SET transaction_timeout = 0;
SET client_encoding = 'UTF8';
SET standard_conforming_strings = on;
SELECT pg_catalog.set_config('search_path', '', false);
SET check_function_bodies = false;
SET xmloption = content;
SET client_min_messages = warning;
SET row_security = off;

SET default_tablespace = '';

SET default_table_access_method = heap;

--
-- Name: admin_interface_theme; Type: TABLE; Schema: public; Owner: postgres
--

CREATE TABLE public.admin_interface_theme (
    id integer NOT NULL,
    name character varying(50) NOT NULL,
    active boolean NOT NULL,
    title character varying(50) NOT NULL,
    title_visible boolean NOT NULL,
    logo character varying(100) NOT NULL,
    logo_visible boolean NOT NULL,
    css_header_background_color character varying(10) NOT NULL,
    title_color character varying(10) NOT NULL,
    css_header_text_color character varying(10) NOT NULL,
    css_header_link_color character varying(10) NOT NULL,
    css_header_link_hover_color character varying(10) NOT NULL,
    css_module_background_color character varying(10) NOT NULL,
    css_module_text_color character varying(10) NOT NULL,
    css_module_link_color character varying(10) NOT NULL,
    css_module_link_hover_color character varying(10) NOT NULL,
    css_module_rounded_corners boolean NOT NULL,
    css_generic_link_color character varying(10) NOT NULL,
    css_generic_link_hover_color character varying(10) NOT NULL,
    css_save_button_background_color character varying(10) NOT NULL,
    css_save_button_background_hover_color character varying(10) NOT NULL,
    css_save_button_text_color character varying(10) NOT NULL,
    css_delete_button_background_color character varying(10) NOT NULL,
    css_delete_button_background_hover_color character varying(10) NOT NULL,
    css_delete_button_text_color character varying(10) NOT NULL,
    list_filter_dropdown boolean NOT NULL,
    related_modal_active boolean NOT NULL,
    related_modal_background_color character varying(10) NOT NULL,
    related_modal_rounded_corners boolean NOT NULL,
    logo_color character varying(10) NOT NULL,
    recent_actions_visible boolean NOT NULL,
    favicon character varying(100) NOT NULL,
    related_modal_background_opacity character varying(5) NOT NULL,
    env_name character varying(50) NOT NULL,
    env_visible_in_header boolean NOT NULL,
    env_color character varying(10) NOT NULL,
    env_visible_in_favicon boolean NOT NULL,
    related_modal_close_button_visible boolean NOT NULL,
    language_chooser_active boolean NOT NULL,
    language_chooser_display character varying(10) NOT NULL,
    list_filter_sticky boolean NOT NULL,
    form_pagination_sticky boolean NOT NULL,
    form_submit_sticky boolean NOT NULL,
    css_module_background_selected_color character varying(10) NOT NULL,
    css_module_link_selected_color character varying(10) NOT NULL,
    logo_max_height smallint NOT NULL,
    logo_max_width smallint NOT NULL,
    foldable_apps boolean NOT NULL,
    language_chooser_control character varying(20) NOT NULL,
    list_filter_highlight boolean NOT NULL,
    list_filter_removal_links boolean NOT NULL,
    show_fieldsets_as_tabs boolean NOT NULL,
    show_inlines_as_tabs boolean NOT NULL,
    css_generic_link_active_color character varying(10) NOT NULL,
    collapsible_stacked_inlines boolean NOT NULL,
    collapsible_stacked_inlines_collapsed boolean NOT NULL,
    collapsible_tabular_inlines boolean NOT NULL,
    collapsible_tabular_inlines_collapsed boolean NOT NULL,
    CONSTRAINT admin_interface_theme_logo_max_height_check CHECK ((logo_max_height >= 0)),
    CONSTRAINT admin_interface_theme_logo_max_width_check CHECK ((logo_max_width >= 0))
);


ALTER TABLE public.admin_interface_theme OWNER TO postgres;

--
-- Name: admin_interface_theme_id_seq; Type: SEQUENCE; Schema: public; Owner: postgres
--

ALTER TABLE public.admin_interface_theme ALTER COLUMN id ADD GENERATED BY DEFAULT AS IDENTITY (
    SEQUENCE NAME public.admin_interface_theme_id_seq
    START WITH 1
    INCREMENT BY 1
    NO MINVALUE
    NO MAXVALUE
    CACHE 1
);


--
-- Name: auth_group; Type: TABLE; Schema: public; Owner: postgres
--

CREATE TABLE public.auth_group (
    id integer NOT NULL,
    name character varying(150) NOT NULL
);


ALTER TABLE public.auth_group OWNER TO postgres;

--
-- Name: auth_group_id_seq; Type: SEQUENCE; Schema: public; Owner: postgres
--

ALTER TABLE public.auth_group ALTER COLUMN id ADD GENERATED BY DEFAULT AS IDENTITY (
    SEQUENCE NAME public.auth_group_id_seq
    START WITH 1
    INCREMENT BY 1
    NO MINVALUE
    NO MAXVALUE
    CACHE 1
);


--
-- Name: auth_group_permissions; Type: TABLE; Schema: public; Owner: postgres
--

CREATE TABLE public.auth_group_permissions (
    id integer NOT NULL,
    group_id integer NOT NULL,
    permission_id integer NOT NULL
);


ALTER TABLE public.auth_group_permissions OWNER TO postgres;

--
-- Name: auth_group_permissions_id_seq; Type: SEQUENCE; Schema: public; Owner: postgres
--

ALTER TABLE public.auth_group_permissions ALTER COLUMN id ADD GENERATED BY DEFAULT AS IDENTITY (
    SEQUENCE NAME public.auth_group_permissions_id_seq
    START WITH 1
    INCREMENT BY 1
    NO MINVALUE
    NO MAXVALUE
    CACHE 1
);


--
-- Name: auth_permission; Type: TABLE; Schema: public; Owner: postgres
--

CREATE TABLE public.auth_permission (
    id integer NOT NULL,
    name character varying(255) NOT NULL,
    content_type_id integer NOT NULL,
    codename character varying(100) NOT NULL
);


ALTER TABLE public.auth_permission OWNER TO postgres;

--
-- Name: auth_permission_id_seq; Type: SEQUENCE; Schema: public; Owner: postgres
--

ALTER TABLE public.auth_permission ALTER COLUMN id ADD GENERATED BY DEFAULT AS IDENTITY (
    SEQUENCE NAME public.auth_permission_id_seq
    START WITH 1
    INCREMENT BY 1
    NO MINVALUE
    NO MAXVALUE
    CACHE 1
);


--
-- Name: authtoken_token; Type: TABLE; Schema: public; Owner: postgres
--

CREATE TABLE public.authtoken_token (
    key character varying(40) NOT NULL,
    created timestamp with time zone NOT NULL,
    user_id integer NOT NULL
);


ALTER TABLE public.authtoken_token OWNER TO postgres;

--
-- Name: dashboard_chamcongrp; Type: TABLE; Schema: public; Owner: postgres
--

CREATE TABLE public.dashboard_chamcongrp (
    id bigint NOT NULL,
    ten character varying(300) NOT NULL,
    monhoc character varying(300) NOT NULL,
    lop character varying(300) NOT NULL,
    thoigian date NOT NULL,
    sogio numeric(4,2) NOT NULL
);


ALTER TABLE public.dashboard_chamcongrp OWNER TO postgres;

--
-- Name: dashboard_chamcongrp_id_seq; Type: SEQUENCE; Schema: public; Owner: postgres
--

ALTER TABLE public.dashboard_chamcongrp ALTER COLUMN id ADD GENERATED BY DEFAULT AS IDENTITY (
    SEQUENCE NAME public.dashboard_chamcongrp_id_seq
    START WITH 1
    INCREMENT BY 1
    NO MINVALUE
    NO MAXVALUE
    CACHE 1
);


--
-- Name: dashboard_dashboard; Type: TABLE; Schema: public; Owner: postgres
--

CREATE TABLE public.dashboard_dashboard (
    id bigint NOT NULL,
    ma character varying(300) NOT NULL
);


ALTER TABLE public.dashboard_dashboard OWNER TO postgres;

--
-- Name: dashboard_dashboard_id_seq; Type: SEQUENCE; Schema: public; Owner: postgres
--

ALTER TABLE public.dashboard_dashboard ALTER COLUMN id ADD GENERATED BY DEFAULT AS IDENTITY (
    SEQUENCE NAME public.dashboard_dashboard_id_seq
    START WITH 1
    INCREMENT BY 1
    NO MINVALUE
    NO MAXVALUE
    CACHE 1
);


--
-- Name: dashboard_diemdanhrp; Type: TABLE; Schema: public; Owner: postgres
--

CREATE TABLE public.dashboard_diemdanhrp (
    id bigint NOT NULL,
    lop character varying(300) NOT NULL,
    monhoc character varying(300) NOT NULL,
    thoigian date NOT NULL,
    sv character varying(300) NOT NULL,
    ghichu character varying(300) NOT NULL
);


ALTER TABLE public.dashboard_diemdanhrp OWNER TO postgres;

--
-- Name: dashboard_diemdanhrp_id_seq; Type: SEQUENCE; Schema: public; Owner: postgres
--

ALTER TABLE public.dashboard_diemdanhrp ALTER COLUMN id ADD GENERATED BY DEFAULT AS IDENTITY (
    SEQUENCE NAME public.dashboard_diemdanhrp_id_seq
    START WITH 1
    INCREMENT BY 1
    NO MINVALUE
    NO MAXVALUE
    CACHE 1
);


--
-- Name: dashboard_hocphirp; Type: TABLE; Schema: public; Owner: postgres
--

CREATE TABLE public.dashboard_hocphirp (
    id bigint NOT NULL,
    ten character varying(300) NOT NULL,
    lop character varying(300) NOT NULL,
    sotien integer NOT NULL
);


ALTER TABLE public.dashboard_hocphirp OWNER TO postgres;

--
-- Name: dashboard_hocphirp_id_seq; Type: SEQUENCE; Schema: public; Owner: postgres
--

ALTER TABLE public.dashboard_hocphirp ALTER COLUMN id ADD GENERATED BY DEFAULT AS IDENTITY (
    SEQUENCE NAME public.dashboard_hocphirp_id_seq
    START WITH 1
    INCREMENT BY 1
    NO MINVALUE
    NO MAXVALUE
    CACHE 1
);


--
-- Name: dashboard_report; Type: TABLE; Schema: public; Owner: postgres
--

CREATE TABLE public.dashboard_report (
    id bigint NOT NULL,
    ma character varying(300) NOT NULL
);


ALTER TABLE public.dashboard_report OWNER TO postgres;

--
-- Name: dashboard_report_id_seq; Type: SEQUENCE; Schema: public; Owner: postgres
--

ALTER TABLE public.dashboard_report ALTER COLUMN id ADD GENERATED BY DEFAULT AS IDENTITY (
    SEQUENCE NAME public.dashboard_report_id_seq
    START WITH 1
    INCREMENT BY 1
    NO MINVALUE
    NO MAXVALUE
    CACHE 1
);


--
-- Name: django_admin_log; Type: TABLE; Schema: public; Owner: postgres
--

CREATE TABLE public.django_admin_log (
    id integer NOT NULL,
    action_time timestamp with time zone NOT NULL,
    object_id text,
    object_repr character varying(200) NOT NULL,
    action_flag smallint NOT NULL,
    change_message text NOT NULL,
    content_type_id integer,
    user_id integer NOT NULL,
    CONSTRAINT django_admin_log_action_flag_check CHECK ((action_flag >= 0))
);


ALTER TABLE public.django_admin_log OWNER TO postgres;

--
-- Name: django_admin_log_id_seq; Type: SEQUENCE; Schema: public; Owner: postgres
--

ALTER TABLE public.django_admin_log ALTER COLUMN id ADD GENERATED BY DEFAULT AS IDENTITY (
    SEQUENCE NAME public.django_admin_log_id_seq
    START WITH 1
    INCREMENT BY 1
    NO MINVALUE
    NO MAXVALUE
    CACHE 1
);


--
-- Name: django_content_type; Type: TABLE; Schema: public; Owner: postgres
--

CREATE TABLE public.django_content_type (
    id integer NOT NULL,
    app_label character varying(100) NOT NULL,
    model character varying(100) NOT NULL
);


ALTER TABLE public.django_content_type OWNER TO postgres;

--
-- Name: django_content_type_id_seq; Type: SEQUENCE; Schema: public; Owner: postgres
--

ALTER TABLE public.django_content_type ALTER COLUMN id ADD GENERATED BY DEFAULT AS IDENTITY (
    SEQUENCE NAME public.django_content_type_id_seq
    START WITH 1
    INCREMENT BY 1
    NO MINVALUE
    NO MAXVALUE
    CACHE 1
);


--
-- Name: django_migrations; Type: TABLE; Schema: public; Owner: postgres
--

CREATE TABLE public.django_migrations (
    id integer NOT NULL,
    app character varying(255) NOT NULL,
    name character varying(255) NOT NULL,
    applied timestamp with time zone NOT NULL
);


ALTER TABLE public.django_migrations OWNER TO postgres;

--
-- Name: django_migrations_id_seq; Type: SEQUENCE; Schema: public; Owner: postgres
--

ALTER TABLE public.django_migrations ALTER COLUMN id ADD GENERATED BY DEFAULT AS IDENTITY (
    SEQUENCE NAME public.django_migrations_id_seq
    START WITH 1
    INCREMENT BY 1
    NO MINVALUE
    NO MAXVALUE
    CACHE 1
);


--
-- Name: django_session; Type: TABLE; Schema: public; Owner: postgres
--

CREATE TABLE public.django_session (
    session_key character varying(40) NOT NULL,
    session_data text NOT NULL,
    expire_date timestamp with time zone NOT NULL
);


ALTER TABLE public.django_session OWNER TO postgres;

--
-- Name: django_site; Type: TABLE; Schema: public; Owner: postgres
--

CREATE TABLE public.django_site (
    id integer NOT NULL,
    domain character varying(100) NOT NULL,
    name character varying(50) NOT NULL
);


ALTER TABLE public.django_site OWNER TO postgres;

--
-- Name: django_site_id_seq; Type: SEQUENCE; Schema: public; Owner: postgres
--

ALTER TABLE public.django_site ALTER COLUMN id ADD GENERATED BY DEFAULT AS IDENTITY (
    SEQUENCE NAME public.django_site_id_seq
    START WITH 1
    INCREMENT BY 1
    NO MINVALUE
    NO MAXVALUE
    CACHE 1
);


--
-- Name: guardian_groupobjectpermission; Type: TABLE; Schema: public; Owner: postgres
--

CREATE TABLE public.guardian_groupobjectpermission (
    id integer NOT NULL,
    object_pk character varying(255) NOT NULL,
    content_type_id integer NOT NULL,
    group_id integer NOT NULL,
    permission_id integer NOT NULL
);


ALTER TABLE public.guardian_groupobjectpermission OWNER TO postgres;

--
-- Name: guardian_groupobjectpermission_id_seq; Type: SEQUENCE; Schema: public; Owner: postgres
--

ALTER TABLE public.guardian_groupobjectpermission ALTER COLUMN id ADD GENERATED BY DEFAULT AS IDENTITY (
    SEQUENCE NAME public.guardian_groupobjectpermission_id_seq
    START WITH 1
    INCREMENT BY 1
    NO MINVALUE
    NO MAXVALUE
    CACHE 1
);


--
-- Name: guardian_userobjectpermission; Type: TABLE; Schema: public; Owner: postgres
--

CREATE TABLE public.guardian_userobjectpermission (
    id integer NOT NULL,
    object_pk character varying(255) NOT NULL,
    content_type_id integer NOT NULL,
    permission_id integer NOT NULL,
    user_id integer NOT NULL
);


ALTER TABLE public.guardian_userobjectpermission OWNER TO postgres;

--
-- Name: guardian_userobjectpermission_id_seq; Type: SEQUENCE; Schema: public; Owner: postgres
--

ALTER TABLE public.guardian_userobjectpermission ALTER COLUMN id ADD GENERATED BY DEFAULT AS IDENTITY (
    SEQUENCE NAME public.guardian_userobjectpermission_id_seq
    START WITH 1
    INCREMENT BY 1
    NO MINVALUE
    NO MAXVALUE
    CACHE 1
);


--
-- Name: info_assign; Type: TABLE; Schema: public; Owner: postgres
--

CREATE TABLE public.info_assign (
    id integer NOT NULL,
    class_id_id character varying(100) NOT NULL,
    course_id character varying(50) NOT NULL,
    teacher_id character varying(100) NOT NULL
);


ALTER TABLE public.info_assign OWNER TO postgres;

--
-- Name: info_assign_id_seq; Type: SEQUENCE; Schema: public; Owner: postgres
--

ALTER TABLE public.info_assign ALTER COLUMN id ADD GENERATED BY DEFAULT AS IDENTITY (
    SEQUENCE NAME public.info_assign_id_seq
    START WITH 1
    INCREMENT BY 1
    NO MINVALUE
    NO MAXVALUE
    CACHE 1
);


--
-- Name: info_assigntime; Type: TABLE; Schema: public; Owner: postgres
--

CREATE TABLE public.info_assigntime (
    id integer NOT NULL,
    period character varying(50) NOT NULL,
    day character varying(15) NOT NULL,
    assign_id integer NOT NULL
);


ALTER TABLE public.info_assigntime OWNER TO postgres;

--
-- Name: info_assigntime_id_seq; Type: SEQUENCE; Schema: public; Owner: postgres
--

ALTER TABLE public.info_assigntime ALTER COLUMN id ADD GENERATED BY DEFAULT AS IDENTITY (
    SEQUENCE NAME public.info_assigntime_id_seq
    START WITH 1
    INCREMENT BY 1
    NO MINVALUE
    NO MAXVALUE
    CACHE 1
);


--
-- Name: info_attendance; Type: TABLE; Schema: public; Owner: postgres
--

CREATE TABLE public.info_attendance (
    id integer NOT NULL,
    date date NOT NULL,
    status boolean NOT NULL,
    attendanceclass_id integer NOT NULL,
    course_id character varying(50) NOT NULL,
    student_id character varying(100) NOT NULL
);


ALTER TABLE public.info_attendance OWNER TO postgres;

--
-- Name: info_attendance_id_seq; Type: SEQUENCE; Schema: public; Owner: postgres
--

ALTER TABLE public.info_attendance ALTER COLUMN id ADD GENERATED BY DEFAULT AS IDENTITY (
    SEQUENCE NAME public.info_attendance_id_seq
    START WITH 1
    INCREMENT BY 1
    NO MINVALUE
    NO MAXVALUE
    CACHE 1
);


--
-- Name: info_attendanceclass; Type: TABLE; Schema: public; Owner: postgres
--

CREATE TABLE public.info_attendanceclass (
    id integer NOT NULL,
    date date NOT NULL,
    status integer NOT NULL,
    assign_id integer NOT NULL
);


ALTER TABLE public.info_attendanceclass OWNER TO postgres;

--
-- Name: info_attendanceclass_id_seq; Type: SEQUENCE; Schema: public; Owner: postgres
--

ALTER TABLE public.info_attendanceclass ALTER COLUMN id ADD GENERATED BY DEFAULT AS IDENTITY (
    SEQUENCE NAME public.info_attendanceclass_id_seq
    START WITH 1
    INCREMENT BY 1
    NO MINVALUE
    NO MAXVALUE
    CACHE 1
);


--
-- Name: info_attendancerange; Type: TABLE; Schema: public; Owner: postgres
--

CREATE TABLE public.info_attendancerange (
    id integer NOT NULL,
    start_date date NOT NULL,
    end_date date NOT NULL
);


ALTER TABLE public.info_attendancerange OWNER TO postgres;

--
-- Name: info_attendancerange_id_seq; Type: SEQUENCE; Schema: public; Owner: postgres
--

ALTER TABLE public.info_attendancerange ALTER COLUMN id ADD GENERATED BY DEFAULT AS IDENTITY (
    SEQUENCE NAME public.info_attendancerange_id_seq
    START WITH 1
    INCREMENT BY 1
    NO MINVALUE
    NO MAXVALUE
    CACHE 1
);


--
-- Name: info_attendancetotal; Type: TABLE; Schema: public; Owner: postgres
--

CREATE TABLE public.info_attendancetotal (
    id integer NOT NULL,
    course_id character varying(50) NOT NULL,
    student_id character varying(100) NOT NULL
);


ALTER TABLE public.info_attendancetotal OWNER TO postgres;

--
-- Name: info_attendancetotal_id_seq; Type: SEQUENCE; Schema: public; Owner: postgres
--

ALTER TABLE public.info_attendancetotal ALTER COLUMN id ADD GENERATED BY DEFAULT AS IDENTITY (
    SEQUENCE NAME public.info_attendancetotal_id_seq
    START WITH 1
    INCREMENT BY 1
    NO MINVALUE
    NO MAXVALUE
    CACHE 1
);


--
-- Name: info_class; Type: TABLE; Schema: public; Owner: postgres
--

CREATE TABLE public.info_class (
    id character varying(100) NOT NULL,
    section character varying(100) NOT NULL,
    sem integer NOT NULL,
    dept_id character varying(100) NOT NULL
);


ALTER TABLE public.info_class OWNER TO postgres;

--
-- Name: info_course; Type: TABLE; Schema: public; Owner: postgres
--

CREATE TABLE public.info_course (
    id character varying(50) NOT NULL,
    name character varying(50) NOT NULL,
    shortname character varying(50) NOT NULL,
    dept_id character varying(100) NOT NULL
);


ALTER TABLE public.info_course OWNER TO postgres;

--
-- Name: info_dept; Type: TABLE; Schema: public; Owner: postgres
--

CREATE TABLE public.info_dept (
    id character varying(100) NOT NULL,
    name character varying(200) NOT NULL
);


ALTER TABLE public.info_dept OWNER TO postgres;

--
-- Name: info_historicaldept; Type: TABLE; Schema: public; Owner: postgres
--

CREATE TABLE public.info_historicaldept (
    id character varying(100) NOT NULL,
    name character varying(200) NOT NULL,
    history_id integer NOT NULL,
    history_date timestamp with time zone NOT NULL,
    history_change_reason character varying(100),
    history_type character varying(1) NOT NULL,
    history_user_id integer
);


ALTER TABLE public.info_historicaldept OWNER TO postgres;

--
-- Name: info_historicaldept_history_id_seq; Type: SEQUENCE; Schema: public; Owner: postgres
--

ALTER TABLE public.info_historicaldept ALTER COLUMN history_id ADD GENERATED BY DEFAULT AS IDENTITY (
    SEQUENCE NAME public.info_historicaldept_history_id_seq
    START WITH 1
    INCREMENT BY 1
    NO MINVALUE
    NO MAXVALUE
    CACHE 1
);


--
-- Name: info_marks; Type: TABLE; Schema: public; Owner: postgres
--

CREATE TABLE public.info_marks (
    id integer NOT NULL,
    name character varying(50) NOT NULL,
    marks1 integer NOT NULL,
    studentcourse_id integer NOT NULL
);


ALTER TABLE public.info_marks OWNER TO postgres;

--
-- Name: info_marks_id_seq; Type: SEQUENCE; Schema: public; Owner: postgres
--

ALTER TABLE public.info_marks ALTER COLUMN id ADD GENERATED BY DEFAULT AS IDENTITY (
    SEQUENCE NAME public.info_marks_id_seq
    START WITH 1
    INCREMENT BY 1
    NO MINVALUE
    NO MAXVALUE
    CACHE 1
);


--
-- Name: info_marksclass; Type: TABLE; Schema: public; Owner: postgres
--

CREATE TABLE public.info_marksclass (
    id integer NOT NULL,
    name character varying(50) NOT NULL,
    status boolean NOT NULL,
    assign_id integer NOT NULL
);


ALTER TABLE public.info_marksclass OWNER TO postgres;

--
-- Name: info_marksclass_id_seq; Type: SEQUENCE; Schema: public; Owner: postgres
--

ALTER TABLE public.info_marksclass ALTER COLUMN id ADD GENERATED BY DEFAULT AS IDENTITY (
    SEQUENCE NAME public.info_marksclass_id_seq
    START WITH 1
    INCREMENT BY 1
    NO MINVALUE
    NO MAXVALUE
    CACHE 1
);


--
-- Name: info_student; Type: TABLE; Schema: public; Owner: postgres
--

CREATE TABLE public.info_student (
    "USN" character varying(100) NOT NULL,
    name character varying(200) NOT NULL,
    sex character varying(50) NOT NULL,
    "DOB" date NOT NULL,
    class_id_id character varying(100) NOT NULL,
    user_id integer
);


ALTER TABLE public.info_student OWNER TO postgres;

--
-- Name: info_studentcourse; Type: TABLE; Schema: public; Owner: postgres
--

CREATE TABLE public.info_studentcourse (
    id integer NOT NULL,
    course_id character varying(50) NOT NULL,
    student_id character varying(100) NOT NULL
);


ALTER TABLE public.info_studentcourse OWNER TO postgres;

--
-- Name: info_studentcourse_id_seq; Type: SEQUENCE; Schema: public; Owner: postgres
--

ALTER TABLE public.info_studentcourse ALTER COLUMN id ADD GENERATED BY DEFAULT AS IDENTITY (
    SEQUENCE NAME public.info_studentcourse_id_seq
    START WITH 1
    INCREMENT BY 1
    NO MINVALUE
    NO MAXVALUE
    CACHE 1
);


--
-- Name: info_teacher; Type: TABLE; Schema: public; Owner: postgres
--

CREATE TABLE public.info_teacher (
    id character varying(100) NOT NULL,
    name character varying(100) NOT NULL,
    sex character varying(50) NOT NULL,
    "DOB" date NOT NULL,
    dept_id character varying(100) NOT NULL,
    user_id integer
);


ALTER TABLE public.info_teacher OWNER TO postgres;

--
-- Name: info_user; Type: TABLE; Schema: public; Owner: postgres
--

CREATE TABLE public.info_user (
    id integer NOT NULL,
    password character varying(128) NOT NULL,
    last_login timestamp with time zone,
    is_superuser boolean NOT NULL,
    username character varying(150) NOT NULL,
    first_name character varying(150) NOT NULL,
    last_name character varying(150) NOT NULL,
    email character varying(254) NOT NULL,
    is_staff boolean NOT NULL,
    is_active boolean NOT NULL,
    date_joined timestamp with time zone NOT NULL
);


ALTER TABLE public.info_user OWNER TO postgres;

--
-- Name: info_user_groups; Type: TABLE; Schema: public; Owner: postgres
--

CREATE TABLE public.info_user_groups (
    id integer NOT NULL,
    user_id integer NOT NULL,
    group_id integer NOT NULL
);


ALTER TABLE public.info_user_groups OWNER TO postgres;

--
-- Name: info_user_groups_id_seq; Type: SEQUENCE; Schema: public; Owner: postgres
--

ALTER TABLE public.info_user_groups ALTER COLUMN id ADD GENERATED BY DEFAULT AS IDENTITY (
    SEQUENCE NAME public.info_user_groups_id_seq
    START WITH 1
    INCREMENT BY 1
    NO MINVALUE
    NO MAXVALUE
    CACHE 1
);


--
-- Name: info_user_id_seq; Type: SEQUENCE; Schema: public; Owner: postgres
--

ALTER TABLE public.info_user ALTER COLUMN id ADD GENERATED BY DEFAULT AS IDENTITY (
    SEQUENCE NAME public.info_user_id_seq
    START WITH 1
    INCREMENT BY 1
    NO MINVALUE
    NO MAXVALUE
    CACHE 1
);


--
-- Name: info_user_user_permissions; Type: TABLE; Schema: public; Owner: postgres
--

CREATE TABLE public.info_user_user_permissions (
    id integer NOT NULL,
    user_id integer NOT NULL,
    permission_id integer NOT NULL
);


ALTER TABLE public.info_user_user_permissions OWNER TO postgres;

--
-- Name: info_user_user_permissions_id_seq; Type: SEQUENCE; Schema: public; Owner: postgres
--

ALTER TABLE public.info_user_user_permissions ALTER COLUMN id ADD GENERATED BY DEFAULT AS IDENTITY (
    SEQUENCE NAME public.info_user_user_permissions_id_seq
    START WITH 1
    INCREMENT BY 1
    NO MINVALUE
    NO MAXVALUE
    CACHE 1
);


--
-- Name: shop_item; Type: TABLE; Schema: public; Owner: postgres
--

CREATE TABLE public.shop_item (
    id bigint NOT NULL,
    name character varying(255) NOT NULL,
    description text,
    price double precision NOT NULL
);


ALTER TABLE public.shop_item OWNER TO postgres;

--
-- Name: shop_item_id_seq; Type: SEQUENCE; Schema: public; Owner: postgres
--

ALTER TABLE public.shop_item ALTER COLUMN id ADD GENERATED BY DEFAULT AS IDENTITY (
    SEQUENCE NAME public.shop_item_id_seq
    START WITH 1
    INCREMENT BY 1
    NO MINVALUE
    NO MAXVALUE
    CACHE 1
);


--
-- Name: shop_purchase; Type: TABLE; Schema: public; Owner: postgres
--

CREATE TABLE public.shop_purchase (
    id bigint NOT NULL,
    customer_full_name character varying(64) NOT NULL,
    payment_method character varying(2) NOT NULL,
    "time" timestamp with time zone NOT NULL,
    successful boolean NOT NULL,
    item_id bigint NOT NULL
);


ALTER TABLE public.shop_purchase OWNER TO postgres;

--
-- Name: shop_purchase_id_seq; Type: SEQUENCE; Schema: public; Owner: postgres
--

ALTER TABLE public.shop_purchase ALTER COLUMN id ADD GENERATED BY DEFAULT AS IDENTITY (
    SEQUENCE NAME public.shop_purchase_id_seq
    START WITH 1
    INCREMENT BY 1
    NO MINVALUE
    NO MAXVALUE
    CACHE 1
);


--
-- Name: shop_rawrp; Type: TABLE; Schema: public; Owner: postgres
--

CREATE TABLE public.shop_rawrp (
    id bigint NOT NULL,
    labels character varying(50) NOT NULL,
    data integer
);


ALTER TABLE public.shop_rawrp OWNER TO postgres;

--
-- Name: shop_rawrp_id_seq; Type: SEQUENCE; Schema: public; Owner: postgres
--

ALTER TABLE public.shop_rawrp ALTER COLUMN id ADD GENERATED BY DEFAULT AS IDENTITY (
    SEQUENCE NAME public.shop_rawrp_id_seq
    START WITH 1
    INCREMENT BY 1
    NO MINVALUE
    NO MAXVALUE
    CACHE 1
);


--
-- Name: sms_ctdt; Type: TABLE; Schema: public; Owner: postgres
--

CREATE TABLE public.sms_ctdt (
    id bigint NOT NULL,
    ten character varying(100) NOT NULL,
    khoa character varying(100) NOT NULL,
    khoahoc integer NOT NULL
);


ALTER TABLE public.sms_ctdt OWNER TO postgres;

--
-- Name: sms_ctdt_id_seq; Type: SEQUENCE; Schema: public; Owner: postgres
--

ALTER TABLE public.sms_ctdt ALTER COLUMN id ADD GENERATED BY DEFAULT AS IDENTITY (
    SEQUENCE NAME public.sms_ctdt_id_seq
    START WITH 1
    INCREMENT BY 1
    NO MINVALUE
    NO MAXVALUE
    CACHE 1
);


--
-- Name: sms_ctdtmonhoc; Type: TABLE; Schema: public; Owner: postgres
--

CREATE TABLE public.sms_ctdtmonhoc (
    id bigint NOT NULL,
    status integer NOT NULL,
    ctdt_id bigint NOT NULL,
    monhoc_id bigint NOT NULL
);


ALTER TABLE public.sms_ctdtmonhoc OWNER TO postgres;

--
-- Name: sms_ctdtmonhoc_id_seq; Type: SEQUENCE; Schema: public; Owner: postgres
--

ALTER TABLE public.sms_ctdtmonhoc ALTER COLUMN id ADD GENERATED BY DEFAULT AS IDENTITY (
    SEQUENCE NAME public.sms_ctdtmonhoc_id_seq
    START WITH 1
    INCREMENT BY 1
    NO MINVALUE
    NO MAXVALUE
    CACHE 1
);


--
-- Name: sms_diemdanh; Type: TABLE; Schema: public; Owner: postgres
--

CREATE TABLE public.sms_diemdanh (
    id bigint NOT NULL,
    status integer NOT NULL,
    lichhoc_id bigint NOT NULL,
    sv_id bigint NOT NULL
);


ALTER TABLE public.sms_diemdanh OWNER TO postgres;

--
-- Name: sms_diemdanh_id_seq; Type: SEQUENCE; Schema: public; Owner: postgres
--

ALTER TABLE public.sms_diemdanh ALTER COLUMN id ADD GENERATED BY DEFAULT AS IDENTITY (
    SEQUENCE NAME public.sms_diemdanh_id_seq
    START WITH 1
    INCREMENT BY 1
    NO MINVALUE
    NO MAXVALUE
    CACHE 1
);


--
-- Name: sms_diemdanhall; Type: TABLE; Schema: public; Owner: postgres
--

CREATE TABLE public.sms_diemdanhall (
    id bigint NOT NULL,
    ten character varying(100) NOT NULL,
    sdt character varying(100) NOT NULL,
    diachi character varying(300) NOT NULL,
    status integer NOT NULL
);


ALTER TABLE public.sms_diemdanhall OWNER TO postgres;

--
-- Name: sms_diemdanhall_id_seq; Type: SEQUENCE; Schema: public; Owner: postgres
--

ALTER TABLE public.sms_diemdanhall ALTER COLUMN id ADD GENERATED BY DEFAULT AS IDENTITY (
    SEQUENCE NAME public.sms_diemdanhall_id_seq
    START WITH 1
    INCREMENT BY 1
    NO MINVALUE
    NO MAXVALUE
    CACHE 1
);


--
-- Name: sms_diemthanhphan; Type: TABLE; Schema: public; Owner: postgres
--

CREATE TABLE public.sms_diemthanhphan (
    id bigint NOT NULL,
    diem numeric(5,1) NOT NULL,
    status integer NOT NULL,
    log_id bigint,
    monhoc_id bigint NOT NULL,
    sv_id bigint NOT NULL,
    tp_id bigint NOT NULL
);


ALTER TABLE public.sms_diemthanhphan OWNER TO postgres;

--
-- Name: sms_diemthanhphan_id_seq; Type: SEQUENCE; Schema: public; Owner: postgres
--

ALTER TABLE public.sms_diemthanhphan ALTER COLUMN id ADD GENERATED BY DEFAULT AS IDENTITY (
    SEQUENCE NAME public.sms_diemthanhphan_id_seq
    START WITH 1
    INCREMENT BY 1
    NO MINVALUE
    NO MAXVALUE
    CACHE 1
);


--
-- Name: sms_giayto_hs81; Type: TABLE; Schema: public; Owner: postgres
--

CREATE TABLE public.sms_giayto_hs81 (
    id bigint NOT NULL,
    ten character varying(100) NOT NULL,
    format character varying(50),
    soluong integer NOT NULL,
    status character varying(50),
    hs81_id bigint NOT NULL,
    softfile_id bigint
);


ALTER TABLE public.sms_giayto_hs81 OWNER TO postgres;

--
-- Name: sms_giayto_hs81_id_seq; Type: SEQUENCE; Schema: public; Owner: postgres
--

ALTER TABLE public.sms_giayto_hs81 ALTER COLUMN id ADD GENERATED BY DEFAULT AS IDENTITY (
    SEQUENCE NAME public.sms_giayto_hs81_id_seq
    START WITH 1
    INCREMENT BY 1
    NO MINVALUE
    NO MAXVALUE
    CACHE 1
);


--
-- Name: sms_gvlmh; Type: TABLE; Schema: public; Owner: postgres
--

CREATE TABLE public.sms_gvlmh (
    id bigint NOT NULL,
    status integer NOT NULL,
    gv_id bigint NOT NULL,
    lopmh_id bigint NOT NULL
);


ALTER TABLE public.sms_gvlmh OWNER TO postgres;

--
-- Name: sms_gvlmh_id_seq; Type: SEQUENCE; Schema: public; Owner: postgres
--

ALTER TABLE public.sms_gvlmh ALTER COLUMN id ADD GENERATED BY DEFAULT AS IDENTITY (
    SEQUENCE NAME public.sms_gvlmh_id_seq
    START WITH 1
    INCREMENT BY 1
    NO MINVALUE
    NO MAXVALUE
    CACHE 1
);


--
-- Name: sms_gvlop; Type: TABLE; Schema: public; Owner: postgres
--

CREATE TABLE public.sms_gvlop (
    id bigint NOT NULL,
    status integer NOT NULL,
    gv_id bigint NOT NULL,
    lop_id bigint NOT NULL
);


ALTER TABLE public.sms_gvlop OWNER TO postgres;

--
-- Name: sms_gvlop_id_seq; Type: SEQUENCE; Schema: public; Owner: postgres
--

ALTER TABLE public.sms_gvlop ALTER COLUMN id ADD GENERATED BY DEFAULT AS IDENTITY (
    SEQUENCE NAME public.sms_gvlop_id_seq
    START WITH 1
    INCREMENT BY 1
    NO MINVALUE
    NO MAXVALUE
    CACHE 1
);


--
-- Name: sms_gvmonhoc; Type: TABLE; Schema: public; Owner: postgres
--

CREATE TABLE public.sms_gvmonhoc (
    id bigint NOT NULL,
    status integer NOT NULL,
    gv_id bigint NOT NULL,
    monhoc_id bigint NOT NULL
);


ALTER TABLE public.sms_gvmonhoc OWNER TO postgres;

--
-- Name: sms_gvmonhoc_id_seq; Type: SEQUENCE; Schema: public; Owner: postgres
--

ALTER TABLE public.sms_gvmonhoc ALTER COLUMN id ADD GENERATED BY DEFAULT AS IDENTITY (
    SEQUENCE NAME public.sms_gvmonhoc_id_seq
    START WITH 1
    INCREMENT BY 1
    NO MINVALUE
    NO MAXVALUE
    CACHE 1
);


--
-- Name: sms_hedt; Type: TABLE; Schema: public; Owner: postgres
--

CREATE TABLE public.sms_hedt (
    id bigint NOT NULL,
    ma integer NOT NULL,
    ten character varying(20) NOT NULL
);


ALTER TABLE public.sms_hedt OWNER TO postgres;

--
-- Name: sms_hedt_id_seq; Type: SEQUENCE; Schema: public; Owner: postgres
--

ALTER TABLE public.sms_hedt ALTER COLUMN id ADD GENERATED BY DEFAULT AS IDENTITY (
    SEQUENCE NAME public.sms_hedt_id_seq
    START WITH 1
    INCREMENT BY 1
    NO MINVALUE
    NO MAXVALUE
    CACHE 1
);


--
-- Name: sms_historicalctdt; Type: TABLE; Schema: public; Owner: postgres
--

CREATE TABLE public.sms_historicalctdt (
    id bigint NOT NULL,
    ten character varying(100) NOT NULL,
    khoa character varying(100) NOT NULL,
    khoahoc integer NOT NULL,
    history_id integer NOT NULL,
    history_date timestamp with time zone NOT NULL,
    history_change_reason character varying(100),
    history_type character varying(1) NOT NULL,
    history_user_id integer
);


ALTER TABLE public.sms_historicalctdt OWNER TO postgres;

--
-- Name: sms_historicalctdt_history_id_seq; Type: SEQUENCE; Schema: public; Owner: postgres
--

ALTER TABLE public.sms_historicalctdt ALTER COLUMN history_id ADD GENERATED BY DEFAULT AS IDENTITY (
    SEQUENCE NAME public.sms_historicalctdt_history_id_seq
    START WITH 1
    INCREMENT BY 1
    NO MINVALUE
    NO MAXVALUE
    CACHE 1
);


--
-- Name: sms_historicalctdtmonhoc; Type: TABLE; Schema: public; Owner: postgres
--

CREATE TABLE public.sms_historicalctdtmonhoc (
    id bigint NOT NULL,
    status integer NOT NULL,
    history_id integer NOT NULL,
    history_date timestamp with time zone NOT NULL,
    history_change_reason character varying(100),
    history_type character varying(1) NOT NULL,
    ctdt_id bigint,
    history_user_id integer,
    monhoc_id bigint
);


ALTER TABLE public.sms_historicalctdtmonhoc OWNER TO postgres;

--
-- Name: sms_historicalctdtmonhoc_history_id_seq; Type: SEQUENCE; Schema: public; Owner: postgres
--

ALTER TABLE public.sms_historicalctdtmonhoc ALTER COLUMN history_id ADD GENERATED BY DEFAULT AS IDENTITY (
    SEQUENCE NAME public.sms_historicalctdtmonhoc_history_id_seq
    START WITH 1
    INCREMENT BY 1
    NO MINVALUE
    NO MAXVALUE
    CACHE 1
);


--
-- Name: sms_historicaldiemdanh; Type: TABLE; Schema: public; Owner: postgres
--

CREATE TABLE public.sms_historicaldiemdanh (
    id bigint NOT NULL,
    status integer NOT NULL,
    history_id integer NOT NULL,
    history_date timestamp with time zone NOT NULL,
    history_change_reason character varying(100),
    history_type character varying(1) NOT NULL,
    history_user_id integer,
    lichhoc_id bigint,
    sv_id bigint
);


ALTER TABLE public.sms_historicaldiemdanh OWNER TO postgres;

--
-- Name: sms_historicaldiemdanh_history_id_seq; Type: SEQUENCE; Schema: public; Owner: postgres
--

ALTER TABLE public.sms_historicaldiemdanh ALTER COLUMN history_id ADD GENERATED BY DEFAULT AS IDENTITY (
    SEQUENCE NAME public.sms_historicaldiemdanh_history_id_seq
    START WITH 1
    INCREMENT BY 1
    NO MINVALUE
    NO MAXVALUE
    CACHE 1
);


--
-- Name: sms_historicaldiemthanhphan; Type: TABLE; Schema: public; Owner: postgres
--

CREATE TABLE public.sms_historicaldiemthanhphan (
    id bigint NOT NULL,
    diem numeric(5,1) NOT NULL,
    status integer NOT NULL,
    history_id integer NOT NULL,
    history_date timestamp with time zone NOT NULL,
    history_change_reason character varying(100),
    history_type character varying(1) NOT NULL,
    history_user_id integer,
    log_id bigint,
    monhoc_id bigint,
    sv_id bigint,
    tp_id bigint
);


ALTER TABLE public.sms_historicaldiemthanhphan OWNER TO postgres;

--
-- Name: sms_historicaldiemthanhphan_history_id_seq; Type: SEQUENCE; Schema: public; Owner: postgres
--

ALTER TABLE public.sms_historicaldiemthanhphan ALTER COLUMN history_id ADD GENERATED BY DEFAULT AS IDENTITY (
    SEQUENCE NAME public.sms_historicaldiemthanhphan_history_id_seq
    START WITH 1
    INCREMENT BY 1
    NO MINVALUE
    NO MAXVALUE
    CACHE 1
);


--
-- Name: sms_historicalgiayto_hs81; Type: TABLE; Schema: public; Owner: postgres
--

CREATE TABLE public.sms_historicalgiayto_hs81 (
    id bigint NOT NULL,
    ten character varying(100) NOT NULL,
    format character varying(50),
    soluong integer NOT NULL,
    status character varying(50),
    history_id integer NOT NULL,
    history_date timestamp with time zone NOT NULL,
    history_change_reason character varying(100),
    history_type character varying(1) NOT NULL,
    history_user_id integer,
    hs81_id bigint,
    softfile_id bigint
);


ALTER TABLE public.sms_historicalgiayto_hs81 OWNER TO postgres;

--
-- Name: sms_historicalgiayto_hs81_history_id_seq; Type: SEQUENCE; Schema: public; Owner: postgres
--

ALTER TABLE public.sms_historicalgiayto_hs81 ALTER COLUMN history_id ADD GENERATED BY DEFAULT AS IDENTITY (
    SEQUENCE NAME public.sms_historicalgiayto_hs81_history_id_seq
    START WITH 1
    INCREMENT BY 1
    NO MINVALUE
    NO MAXVALUE
    CACHE 1
);


--
-- Name: sms_historicalgvlmh; Type: TABLE; Schema: public; Owner: postgres
--

CREATE TABLE public.sms_historicalgvlmh (
    id bigint NOT NULL,
    status integer NOT NULL,
    history_id integer NOT NULL,
    history_date timestamp with time zone NOT NULL,
    history_change_reason character varying(100),
    history_type character varying(1) NOT NULL,
    gv_id bigint,
    history_user_id integer,
    lopmh_id bigint
);


ALTER TABLE public.sms_historicalgvlmh OWNER TO postgres;

--
-- Name: sms_historicalgvlmh_history_id_seq; Type: SEQUENCE; Schema: public; Owner: postgres
--

ALTER TABLE public.sms_historicalgvlmh ALTER COLUMN history_id ADD GENERATED BY DEFAULT AS IDENTITY (
    SEQUENCE NAME public.sms_historicalgvlmh_history_id_seq
    START WITH 1
    INCREMENT BY 1
    NO MINVALUE
    NO MAXVALUE
    CACHE 1
);


--
-- Name: sms_historicalgvlop; Type: TABLE; Schema: public; Owner: postgres
--

CREATE TABLE public.sms_historicalgvlop (
    id bigint NOT NULL,
    status integer NOT NULL,
    history_id integer NOT NULL,
    history_date timestamp with time zone NOT NULL,
    history_change_reason character varying(100),
    history_type character varying(1) NOT NULL,
    gv_id bigint,
    history_user_id integer,
    lop_id bigint
);


ALTER TABLE public.sms_historicalgvlop OWNER TO postgres;

--
-- Name: sms_historicalgvlop_history_id_seq; Type: SEQUENCE; Schema: public; Owner: postgres
--

ALTER TABLE public.sms_historicalgvlop ALTER COLUMN history_id ADD GENERATED BY DEFAULT AS IDENTITY (
    SEQUENCE NAME public.sms_historicalgvlop_history_id_seq
    START WITH 1
    INCREMENT BY 1
    NO MINVALUE
    NO MAXVALUE
    CACHE 1
);


--
-- Name: sms_historicalgvmonhoc; Type: TABLE; Schema: public; Owner: postgres
--

CREATE TABLE public.sms_historicalgvmonhoc (
    id bigint NOT NULL,
    status integer NOT NULL,
    history_id integer NOT NULL,
    history_date timestamp with time zone NOT NULL,
    history_change_reason character varying(100),
    history_type character varying(1) NOT NULL,
    gv_id bigint,
    history_user_id integer,
    monhoc_id bigint
);


ALTER TABLE public.sms_historicalgvmonhoc OWNER TO postgres;

--
-- Name: sms_historicalgvmonhoc_history_id_seq; Type: SEQUENCE; Schema: public; Owner: postgres
--

ALTER TABLE public.sms_historicalgvmonhoc ALTER COLUMN history_id ADD GENERATED BY DEFAULT AS IDENTITY (
    SEQUENCE NAME public.sms_historicalgvmonhoc_history_id_seq
    START WITH 1
    INCREMENT BY 1
    NO MINVALUE
    NO MAXVALUE
    CACHE 1
);


--
-- Name: sms_historicalhedt; Type: TABLE; Schema: public; Owner: postgres
--

CREATE TABLE public.sms_historicalhedt (
    id bigint NOT NULL,
    ma integer NOT NULL,
    ten character varying(20) NOT NULL,
    history_id integer NOT NULL,
    history_date timestamp with time zone NOT NULL,
    history_change_reason character varying(100),
    history_type character varying(1) NOT NULL,
    history_user_id integer
);


ALTER TABLE public.sms_historicalhedt OWNER TO postgres;

--
-- Name: sms_historicalhedt_history_id_seq; Type: SEQUENCE; Schema: public; Owner: postgres
--

ALTER TABLE public.sms_historicalhedt ALTER COLUMN history_id ADD GENERATED BY DEFAULT AS IDENTITY (
    SEQUENCE NAME public.sms_historicalhedt_history_id_seq
    START WITH 1
    INCREMENT BY 1
    NO MINVALUE
    NO MAXVALUE
    CACHE 1
);


--
-- Name: sms_historicalhocky; Type: TABLE; Schema: public; Owner: postgres
--

CREATE TABLE public.sms_historicalhocky (
    id bigint NOT NULL,
    ma integer NOT NULL,
    ten character varying(20) NOT NULL,
    history_id integer NOT NULL,
    history_date timestamp with time zone NOT NULL,
    history_change_reason character varying(100),
    history_type character varying(1) NOT NULL,
    history_user_id integer
);


ALTER TABLE public.sms_historicalhocky OWNER TO postgres;

--
-- Name: sms_historicalhocky_history_id_seq; Type: SEQUENCE; Schema: public; Owner: postgres
--

ALTER TABLE public.sms_historicalhocky ALTER COLUMN history_id ADD GENERATED BY DEFAULT AS IDENTITY (
    SEQUENCE NAME public.sms_historicalhocky_history_id_seq
    START WITH 1
    INCREMENT BY 1
    NO MINVALUE
    NO MAXVALUE
    CACHE 1
);


--
-- Name: sms_historicalhocphi; Type: TABLE; Schema: public; Owner: postgres
--

CREATE TABLE public.sms_historicalhocphi (
    id bigint NOT NULL,
    hk integer NOT NULL,
    thoigian date NOT NULL,
    sotien integer NOT NULL,
    hpstatus integer NOT NULL,
    ghichu text NOT NULL,
    status integer NOT NULL,
    history_id integer NOT NULL,
    history_date timestamp with time zone NOT NULL,
    history_change_reason character varying(100),
    history_type character varying(1) NOT NULL,
    history_user_id integer,
    lop_id bigint,
    sv_id bigint
);


ALTER TABLE public.sms_historicalhocphi OWNER TO postgres;

--
-- Name: sms_historicalhocphi_history_id_seq; Type: SEQUENCE; Schema: public; Owner: postgres
--

ALTER TABLE public.sms_historicalhocphi ALTER COLUMN history_id ADD GENERATED BY DEFAULT AS IDENTITY (
    SEQUENCE NAME public.sms_historicalhocphi_history_id_seq
    START WITH 1
    INCREMENT BY 1
    NO MINVALUE
    NO MAXVALUE
    CACHE 1
);


--
-- Name: sms_historicalhocphistatus; Type: TABLE; Schema: public; Owner: postgres
--

CREATE TABLE public.sms_historicalhocphistatus (
    id bigint NOT NULL,
    ma integer NOT NULL,
    ten character varying(100) NOT NULL,
    history_id integer NOT NULL,
    history_date timestamp with time zone NOT NULL,
    history_change_reason character varying(100),
    history_type character varying(1) NOT NULL,
    history_user_id integer
);


ALTER TABLE public.sms_historicalhocphistatus OWNER TO postgres;

--
-- Name: sms_historicalhocphistatus_history_id_seq; Type: SEQUENCE; Schema: public; Owner: postgres
--

ALTER TABLE public.sms_historicalhocphistatus ALTER COLUMN history_id ADD GENERATED BY DEFAULT AS IDENTITY (
    SEQUENCE NAME public.sms_historicalhocphistatus_history_id_seq
    START WITH 1
    INCREMENT BY 1
    NO MINVALUE
    NO MAXVALUE
    CACHE 1
);


--
-- Name: sms_historicalhp81; Type: TABLE; Schema: public; Owner: postgres
--

CREATE TABLE public.sms_historicalhp81 (
    id bigint NOT NULL,
    thoigian date,
    sotien1 integer,
    sotien2 integer,
    ghichu text,
    history_id integer NOT NULL,
    history_date timestamp with time zone NOT NULL,
    history_change_reason character varying(100),
    history_type character varying(1) NOT NULL,
    history_user_id integer,
    hk_id bigint,
    status_id bigint,
    sv_id bigint
);


ALTER TABLE public.sms_historicalhp81 OWNER TO postgres;

--
-- Name: sms_historicalhp81_history_id_seq; Type: SEQUENCE; Schema: public; Owner: postgres
--

ALTER TABLE public.sms_historicalhp81 ALTER COLUMN history_id ADD GENERATED BY DEFAULT AS IDENTITY (
    SEQUENCE NAME public.sms_historicalhp81_history_id_seq
    START WITH 1
    INCREMENT BY 1
    NO MINVALUE
    NO MAXVALUE
    CACHE 1
);


--
-- Name: sms_historicalhs81; Type: TABLE; Schema: public; Owner: postgres
--

CREATE TABLE public.sms_historicalhs81 (
    id bigint NOT NULL,
    status character varying(20) NOT NULL,
    thoigian date,
    ddn boolean NOT NULL,
    cntn boolean NOT NULL,
    btn boolean NOT NULL,
    xnct boolean NOT NULL,
    cccd boolean NOT NULL,
    cccdbo boolean NOT NULL,
    cccdme boolean NOT NULL,
    gks boolean NOT NULL,
    ghichu text,
    history_id integer NOT NULL,
    history_date timestamp with time zone NOT NULL,
    history_change_reason character varying(100),
    history_type character varying(1) NOT NULL,
    history_user_id integer,
    hk_id bigint,
    sv_id bigint
);


ALTER TABLE public.sms_historicalhs81 OWNER TO postgres;

--
-- Name: sms_historicalhs81_history_id_seq; Type: SEQUENCE; Schema: public; Owner: postgres
--

ALTER TABLE public.sms_historicalhs81 ALTER COLUMN history_id ADD GENERATED BY DEFAULT AS IDENTITY (
    SEQUENCE NAME public.sms_historicalhs81_history_id_seq
    START WITH 1
    INCREMENT BY 1
    NO MINVALUE
    NO MAXVALUE
    CACHE 1
);


--
-- Name: sms_historicalhsgv; Type: TABLE; Schema: public; Owner: postgres
--

CREATE TABLE public.sms_historicalhsgv (
    id bigint NOT NULL,
    ma character varying(100) NOT NULL,
    hoten character varying(100) NOT NULL,
    namsinh date,
    cccd character varying(100),
    ngaycap date,
    noicap character varying(100),
    diachi character varying(100),
    sdt character varying(100),
    email character varying(100),
    mst character varying(100),
    bhxh character varying(100),
    dongbhxh character varying(100),
    stk character varying(100),
    nh character varying(100),
    cn character varying(100),
    trinhdo character varying(50),
    truongtn character varying(100),
    nganhtn character varying(100),
    shdtg character varying(100),
    ngayky date,
    ngayhh date,
    hs_btn boolean NOT NULL,
    hs_bd boolean NOT NULL,
    hs_cc boolean NOT NULL,
    hs_syll boolean NOT NULL,
    hs_ccta boolean NOT NULL,
    hs_ccth boolean NOT NULL,
    hs_status character varying(50) NOT NULL,
    ghichu text,
    history_id integer NOT NULL,
    history_date timestamp with time zone NOT NULL,
    history_change_reason character varying(100),
    history_type character varying(1) NOT NULL,
    history_user_id integer,
    user_id integer
);


ALTER TABLE public.sms_historicalhsgv OWNER TO postgres;

--
-- Name: sms_historicalhsgv_history_id_seq; Type: SEQUENCE; Schema: public; Owner: postgres
--

ALTER TABLE public.sms_historicalhsgv ALTER COLUMN history_id ADD GENERATED BY DEFAULT AS IDENTITY (
    SEQUENCE NAME public.sms_historicalhsgv_history_id_seq
    START WITH 1
    INCREMENT BY 1
    NO MINVALUE
    NO MAXVALUE
    CACHE 1
);


--
-- Name: sms_historicalhsns; Type: TABLE; Schema: public; Owner: postgres
--

CREATE TABLE public.sms_historicalhsns (
    id bigint NOT NULL,
    ma character varying(100) NOT NULL,
    email character varying(100) NOT NULL,
    hoten character varying(100) NOT NULL,
    gioitinh character varying,
    namsinh date,
    dantoc character varying(30),
    tongiao character varying(30),
    quoctich character varying(30),
    quequan character varying(100),
    diachi1 character varying(100),
    diachi2 character varying(100),
    sdt character varying(100),
    cccd character varying(100),
    ngaycap date,
    noicap date,
    mst character varying(100),
    tddt character varying,
    noidt character varying(100),
    kdt character varying(100),
    cndt character varying(100),
    namtn character varying(100),
    xldt character varying,
    cdcv character varying,
    vtcv character varying,
    shd character varying(100),
    ngayky date,
    ngayhh date,
    trangthaihd character varying,
    tcld character varying,
    loaihd character varying,
    ngaylv character varying(100),
    tgcd character varying,
    tgbhxh character varying,
    ssbhxh character varying(100),
    tongluong integer,
    luongcb integer,
    stk character varying(100),
    nh character varying(100),
    chinhanh character varying(100),
    hs_btn boolean NOT NULL,
    hs_bd boolean NOT NULL,
    hs_cc boolean NOT NULL,
    hs_syll boolean NOT NULL,
    hs_ccta boolean NOT NULL,
    hs_ccth boolean NOT NULL,
    hs_khac character varying(100),
    hs_status character varying(50) NOT NULL,
    ghichu text,
    history_id integer NOT NULL,
    history_date timestamp with time zone NOT NULL,
    history_change_reason character varying(100),
    history_type character varying(1) NOT NULL,
    history_user_id integer,
    user_id integer
);


ALTER TABLE public.sms_historicalhsns OWNER TO postgres;

--
-- Name: sms_historicalhsns_history_id_seq; Type: SEQUENCE; Schema: public; Owner: postgres
--

ALTER TABLE public.sms_historicalhsns ALTER COLUMN history_id ADD GENERATED BY DEFAULT AS IDENTITY (
    SEQUENCE NAME public.sms_historicalhsns_history_id_seq
    START WITH 1
    INCREMENT BY 1
    NO MINVALUE
    NO MAXVALUE
    CACHE 1
);


--
-- Name: sms_historicalhssv; Type: TABLE; Schema: public; Owner: postgres
--

CREATE TABLE public.sms_historicalhssv (
    id bigint NOT NULL,
    msv character varying(100) NOT NULL,
    hoten character varying(100) NOT NULL,
    namsinh date,
    gioitinh character varying,
    dantoc character varying(30),
    noisinh character varying(200),
    quequan character varying(200),
    diachi character varying(200),
    xa character varying(100),
    huyen character varying(100),
    tinh character varying(100),
    cccd character varying(100),
    ngaycap date,
    noicap character varying(100),
    stk character varying(100),
    nh character varying(100),
    hotenbo character varying(200),
    hotenme character varying(200),
    sdths character varying(100),
    sdtph character varying(100),
    hs_syll boolean NOT NULL,
    hs_pxt boolean NOT NULL,
    hs_btn boolean NOT NULL,
    hs_gcntttt boolean NOT NULL,
    hs_hbthcs boolean NOT NULL,
    hs_cccd boolean NOT NULL,
    hs_gks boolean NOT NULL,
    hs_shk boolean NOT NULL,
    hs_a34 boolean NOT NULL,
    hs_status character varying(50) NOT NULL,
    ghichu text,
    history_id integer NOT NULL,
    history_date timestamp with time zone NOT NULL,
    history_change_reason character varying(100),
    history_type character varying(1) NOT NULL,
    history_user_id integer,
    lop_id bigint,
    status_id bigint,
    user_id integer
);


ALTER TABLE public.sms_historicalhssv OWNER TO postgres;

--
-- Name: sms_historicalhssv_history_id_seq; Type: SEQUENCE; Schema: public; Owner: postgres
--

ALTER TABLE public.sms_historicalhssv ALTER COLUMN history_id ADD GENERATED BY DEFAULT AS IDENTITY (
    SEQUENCE NAME public.sms_historicalhssv_history_id_seq
    START WITH 1
    INCREMENT BY 1
    NO MINVALUE
    NO MAXVALUE
    CACHE 1
);


--
-- Name: sms_historicalkhoahoc; Type: TABLE; Schema: public; Owner: postgres
--

CREATE TABLE public.sms_historicalkhoahoc (
    id bigint NOT NULL,
    ma integer NOT NULL,
    ten character varying(20) NOT NULL,
    history_id integer NOT NULL,
    history_date timestamp with time zone NOT NULL,
    history_change_reason character varying(100),
    history_type character varying(1) NOT NULL,
    history_user_id integer
);


ALTER TABLE public.sms_historicalkhoahoc OWNER TO postgres;

--
-- Name: sms_historicalkhoahoc_history_id_seq; Type: SEQUENCE; Schema: public; Owner: postgres
--

ALTER TABLE public.sms_historicalkhoahoc ALTER COLUMN history_id ADD GENERATED BY DEFAULT AS IDENTITY (
    SEQUENCE NAME public.sms_historicalkhoahoc_history_id_seq
    START WITH 1
    INCREMENT BY 1
    NO MINVALUE
    NO MAXVALUE
    CACHE 1
);


--
-- Name: sms_historicallichhoc; Type: TABLE; Schema: public; Owner: postgres
--

CREATE TABLE public.sms_historicallichhoc (
    id bigint NOT NULL,
    trungtam character varying(100),
    diadiem character varying(100),
    thoigian timestamp with time zone NOT NULL,
    sotiet integer NOT NULL,
    status character varying(50) NOT NULL,
    ghichu text,
    history_id integer NOT NULL,
    history_date timestamp with time zone NOT NULL,
    history_change_reason character varying(100),
    history_type character varying(1) NOT NULL,
    giaovien_id bigint,
    history_user_id integer,
    lmh_id bigint
);


ALTER TABLE public.sms_historicallichhoc OWNER TO postgres;

--
-- Name: sms_historicallichhoc_history_id_seq; Type: SEQUENCE; Schema: public; Owner: postgres
--

ALTER TABLE public.sms_historicallichhoc ALTER COLUMN history_id ADD GENERATED BY DEFAULT AS IDENTITY (
    SEQUENCE NAME public.sms_historicallichhoc_history_id_seq
    START WITH 1
    INCREMENT BY 1
    NO MINVALUE
    NO MAXVALUE
    CACHE 1
);


--
-- Name: sms_historicalloaidiem; Type: TABLE; Schema: public; Owner: postgres
--

CREATE TABLE public.sms_historicalloaidiem (
    id bigint NOT NULL,
    ma integer NOT NULL,
    trunglap integer NOT NULL,
    heso integer NOT NULL,
    ten character varying(100),
    history_id integer NOT NULL,
    history_date timestamp with time zone NOT NULL,
    history_change_reason character varying(100),
    history_type character varying(1) NOT NULL,
    history_user_id integer
);


ALTER TABLE public.sms_historicalloaidiem OWNER TO postgres;

--
-- Name: sms_historicalloaidiem_history_id_seq; Type: SEQUENCE; Schema: public; Owner: postgres
--

ALTER TABLE public.sms_historicalloaidiem ALTER COLUMN history_id ADD GENERATED BY DEFAULT AS IDENTITY (
    SEQUENCE NAME public.sms_historicalloaidiem_history_id_seq
    START WITH 1
    INCREMENT BY 1
    NO MINVALUE
    NO MAXVALUE
    CACHE 1
);


--
-- Name: sms_historicallop; Type: TABLE; Schema: public; Owner: postgres
--

CREATE TABLE public.sms_historicallop (
    id bigint NOT NULL,
    ma character varying(100) NOT NULL,
    ten character varying(100) NOT NULL,
    history_id integer NOT NULL,
    history_date timestamp with time zone NOT NULL,
    history_change_reason character varying(100),
    history_type character varying(1) NOT NULL,
    ctdt_id bigint,
    history_user_id integer,
    trungtam_id bigint
);


ALTER TABLE public.sms_historicallop OWNER TO postgres;

--
-- Name: sms_historicallop_history_id_seq; Type: SEQUENCE; Schema: public; Owner: postgres
--

ALTER TABLE public.sms_historicallop ALTER COLUMN history_id ADD GENERATED BY DEFAULT AS IDENTITY (
    SEQUENCE NAME public.sms_historicallop_history_id_seq
    START WITH 1
    INCREMENT BY 1
    NO MINVALUE
    NO MAXVALUE
    CACHE 1
);


--
-- Name: sms_historicallophk; Type: TABLE; Schema: public; Owner: postgres
--

CREATE TABLE public.sms_historicallophk (
    id bigint NOT NULL,
    start_hk date,
    end_hk date,
    history_id integer NOT NULL,
    history_date timestamp with time zone NOT NULL,
    history_change_reason character varying(100),
    history_type character varying(1) NOT NULL,
    history_user_id integer,
    hk_id bigint,
    lop_id bigint
);


ALTER TABLE public.sms_historicallophk OWNER TO postgres;

--
-- Name: sms_historicallophk_history_id_seq; Type: SEQUENCE; Schema: public; Owner: postgres
--

ALTER TABLE public.sms_historicallophk ALTER COLUMN history_id ADD GENERATED BY DEFAULT AS IDENTITY (
    SEQUENCE NAME public.sms_historicallophk_history_id_seq
    START WITH 1
    INCREMENT BY 1
    NO MINVALUE
    NO MAXVALUE
    CACHE 1
);


--
-- Name: sms_historicallopmonhoc; Type: TABLE; Schema: public; Owner: postgres
--

CREATE TABLE public.sms_historicallopmonhoc (
    id bigint NOT NULL,
    ngaystart date,
    ngayend date,
    status character varying(50) NOT NULL,
    hsdt text,
    hsdt1 boolean NOT NULL,
    hsdt2 boolean NOT NULL,
    hsdt3 boolean NOT NULL,
    hsdt4 boolean NOT NULL,
    hsdt5 boolean NOT NULL,
    hsdt6 boolean NOT NULL,
    hsdt7 boolean NOT NULL,
    history_id integer NOT NULL,
    history_date timestamp with time zone NOT NULL,
    history_change_reason character varying(100),
    history_type character varying(1) NOT NULL,
    history_user_id integer,
    hk_id bigint,
    lop_id bigint,
    monhoc_id bigint
);


ALTER TABLE public.sms_historicallopmonhoc OWNER TO postgres;

--
-- Name: sms_historicallopmonhoc_history_id_seq; Type: SEQUENCE; Schema: public; Owner: postgres
--

ALTER TABLE public.sms_historicallopmonhoc ALTER COLUMN history_id ADD GENERATED BY DEFAULT AS IDENTITY (
    SEQUENCE NAME public.sms_historicallopmonhoc_history_id_seq
    START WITH 1
    INCREMENT BY 1
    NO MINVALUE
    NO MAXVALUE
    CACHE 1
);


--
-- Name: sms_historicalmonhoc; Type: TABLE; Schema: public; Owner: postgres
--

CREATE TABLE public.sms_historicalmonhoc (
    id bigint NOT NULL,
    ma character varying(100) NOT NULL,
    ten character varying(100) NOT NULL,
    chuongtrinh character varying(100) NOT NULL,
    sotinchi integer NOT NULL,
    sogio_lt integer,
    sogio_th integer,
    sogio_kt integer,
    history_id integer NOT NULL,
    history_date timestamp with time zone NOT NULL,
    history_change_reason character varying(100),
    history_type character varying(1) NOT NULL,
    history_user_id integer
);


ALTER TABLE public.sms_historicalmonhoc OWNER TO postgres;

--
-- Name: sms_historicalmonhoc_history_id_seq; Type: SEQUENCE; Schema: public; Owner: postgres
--

ALTER TABLE public.sms_historicalmonhoc ALTER COLUMN history_id ADD GENERATED BY DEFAULT AS IDENTITY (
    SEQUENCE NAME public.sms_historicalmonhoc_history_id_seq
    START WITH 1
    INCREMENT BY 1
    NO MINVALUE
    NO MAXVALUE
    CACHE 1
);


--
-- Name: sms_historicalnganh; Type: TABLE; Schema: public; Owner: postgres
--

CREATE TABLE public.sms_historicalnganh (
    id bigint NOT NULL,
    ma integer NOT NULL,
    ten character varying(20) NOT NULL,
    history_id integer NOT NULL,
    history_date timestamp with time zone NOT NULL,
    history_change_reason character varying(100),
    history_type character varying(1) NOT NULL,
    history_user_id integer
);


ALTER TABLE public.sms_historicalnganh OWNER TO postgres;

--
-- Name: sms_historicalnganh_history_id_seq; Type: SEQUENCE; Schema: public; Owner: postgres
--

ALTER TABLE public.sms_historicalnganh ALTER COLUMN history_id ADD GENERATED BY DEFAULT AS IDENTITY (
    SEQUENCE NAME public.sms_historicalnganh_history_id_seq
    START WITH 1
    INCREMENT BY 1
    NO MINVALUE
    NO MAXVALUE
    CACHE 1
);


--
-- Name: sms_historicalnslop; Type: TABLE; Schema: public; Owner: postgres
--

CREATE TABLE public.sms_historicalnslop (
    id bigint NOT NULL,
    status integer NOT NULL,
    history_id integer NOT NULL,
    history_date timestamp with time zone NOT NULL,
    history_change_reason character varying(100),
    history_type character varying(1) NOT NULL,
    history_user_id integer,
    lop_id bigint,
    ns_id bigint
);


ALTER TABLE public.sms_historicalnslop OWNER TO postgres;

--
-- Name: sms_historicalnslop_history_id_seq; Type: SEQUENCE; Schema: public; Owner: postgres
--

ALTER TABLE public.sms_historicalnslop ALTER COLUMN history_id ADD GENERATED BY DEFAULT AS IDENTITY (
    SEQUENCE NAME public.sms_historicalnslop_history_id_seq
    START WITH 1
    INCREMENT BY 1
    NO MINVALUE
    NO MAXVALUE
    CACHE 1
);


--
-- Name: sms_historicalnsphong; Type: TABLE; Schema: public; Owner: postgres
--

CREATE TABLE public.sms_historicalnsphong (
    id bigint NOT NULL,
    status integer NOT NULL,
    history_id integer NOT NULL,
    history_date timestamp with time zone NOT NULL,
    history_change_reason character varying(100),
    history_type character varying(1) NOT NULL,
    history_user_id integer,
    ns_id bigint,
    phong_id bigint
);


ALTER TABLE public.sms_historicalnsphong OWNER TO postgres;

--
-- Name: sms_historicalnsphong_history_id_seq; Type: SEQUENCE; Schema: public; Owner: postgres
--

ALTER TABLE public.sms_historicalnsphong ALTER COLUMN history_id ADD GENERATED BY DEFAULT AS IDENTITY (
    SEQUENCE NAME public.sms_historicalnsphong_history_id_seq
    START WITH 1
    INCREMENT BY 1
    NO MINVALUE
    NO MAXVALUE
    CACHE 1
);


--
-- Name: sms_historicalphong; Type: TABLE; Schema: public; Owner: postgres
--

CREATE TABLE public.sms_historicalphong (
    id bigint NOT NULL,
    ma integer NOT NULL,
    ten character varying(100) NOT NULL,
    history_id integer NOT NULL,
    history_date timestamp with time zone NOT NULL,
    history_change_reason character varying(100),
    history_type character varying(1) NOT NULL,
    history_user_id integer
);


ALTER TABLE public.sms_historicalphong OWNER TO postgres;

--
-- Name: sms_historicalphong_history_id_seq; Type: SEQUENCE; Schema: public; Owner: postgres
--

ALTER TABLE public.sms_historicalphong ALTER COLUMN history_id ADD GENERATED BY DEFAULT AS IDENTITY (
    SEQUENCE NAME public.sms_historicalphong_history_id_seq
    START WITH 1
    INCREMENT BY 1
    NO MINVALUE
    NO MAXVALUE
    CACHE 1
);


--
-- Name: sms_historicalsvstatus; Type: TABLE; Schema: public; Owner: postgres
--

CREATE TABLE public.sms_historicalsvstatus (
    id bigint NOT NULL,
    ma integer NOT NULL,
    ten character varying(100) NOT NULL,
    history_id integer NOT NULL,
    history_date timestamp with time zone NOT NULL,
    history_change_reason character varying(100),
    history_type character varying(1) NOT NULL,
    history_user_id integer
);


ALTER TABLE public.sms_historicalsvstatus OWNER TO postgres;

--
-- Name: sms_historicalsvstatus_history_id_seq; Type: SEQUENCE; Schema: public; Owner: postgres
--

ALTER TABLE public.sms_historicalsvstatus ALTER COLUMN history_id ADD GENERATED BY DEFAULT AS IDENTITY (
    SEQUENCE NAME public.sms_historicalsvstatus_history_id_seq
    START WITH 1
    INCREMENT BY 1
    NO MINVALUE
    NO MAXVALUE
    CACHE 1
);


--
-- Name: sms_historicaltrungtam; Type: TABLE; Schema: public; Owner: postgres
--

CREATE TABLE public.sms_historicaltrungtam (
    id bigint NOT NULL,
    ma integer NOT NULL,
    ten character varying(100) NOT NULL,
    history_id integer NOT NULL,
    history_date timestamp with time zone NOT NULL,
    history_change_reason character varying(100),
    history_type character varying(1) NOT NULL,
    history_user_id integer
);


ALTER TABLE public.sms_historicaltrungtam OWNER TO postgres;

--
-- Name: sms_historicaltrungtam_history_id_seq; Type: SEQUENCE; Schema: public; Owner: postgres
--

ALTER TABLE public.sms_historicaltrungtam ALTER COLUMN history_id ADD GENERATED BY DEFAULT AS IDENTITY (
    SEQUENCE NAME public.sms_historicaltrungtam_history_id_seq
    START WITH 1
    INCREMENT BY 1
    NO MINVALUE
    NO MAXVALUE
    CACHE 1
);


--
-- Name: sms_historicalttgv; Type: TABLE; Schema: public; Owner: postgres
--

CREATE TABLE public.sms_historicalttgv (
    id bigint NOT NULL,
    sotien1 integer,
    sotien2 integer,
    ghichu text,
    history_id integer NOT NULL,
    history_date timestamp with time zone NOT NULL,
    history_change_reason character varying(100),
    history_type character varying(1) NOT NULL,
    gv_id bigint,
    history_user_id integer,
    lopmh_id bigint
);


ALTER TABLE public.sms_historicalttgv OWNER TO postgres;

--
-- Name: sms_historicalttgv_history_id_seq; Type: SEQUENCE; Schema: public; Owner: postgres
--

ALTER TABLE public.sms_historicalttgv ALTER COLUMN history_id ADD GENERATED BY DEFAULT AS IDENTITY (
    SEQUENCE NAME public.sms_historicalttgv_history_id_seq
    START WITH 1
    INCREMENT BY 1
    NO MINVALUE
    NO MAXVALUE
    CACHE 1
);


--
-- Name: sms_historicaluploadedfile; Type: TABLE; Schema: public; Owner: postgres
--

CREATE TABLE public.sms_historicaluploadedfile (
    id bigint NOT NULL,
    file text NOT NULL,
    uploaded_at timestamp with time zone NOT NULL,
    mota character varying(100) NOT NULL,
    history_id integer NOT NULL,
    history_date timestamp with time zone NOT NULL,
    history_change_reason character varying(100),
    history_type character varying(1) NOT NULL,
    history_user_id integer
);


ALTER TABLE public.sms_historicaluploadedfile OWNER TO postgres;

--
-- Name: sms_historicaluploadedfile_history_id_seq; Type: SEQUENCE; Schema: public; Owner: postgres
--

ALTER TABLE public.sms_historicaluploadedfile ALTER COLUMN history_id ADD GENERATED BY DEFAULT AS IDENTITY (
    SEQUENCE NAME public.sms_historicaluploadedfile_history_id_seq
    START WITH 1
    INCREMENT BY 1
    NO MINVALUE
    NO MAXVALUE
    CACHE 1
);


--
-- Name: sms_hocky; Type: TABLE; Schema: public; Owner: postgres
--

CREATE TABLE public.sms_hocky (
    id bigint NOT NULL,
    ma integer NOT NULL,
    ten character varying(20) NOT NULL
);


ALTER TABLE public.sms_hocky OWNER TO postgres;

--
-- Name: sms_hocky_id_seq; Type: SEQUENCE; Schema: public; Owner: postgres
--

ALTER TABLE public.sms_hocky ALTER COLUMN id ADD GENERATED BY DEFAULT AS IDENTITY (
    SEQUENCE NAME public.sms_hocky_id_seq
    START WITH 1
    INCREMENT BY 1
    NO MINVALUE
    NO MAXVALUE
    CACHE 1
);


--
-- Name: sms_hocphi; Type: TABLE; Schema: public; Owner: postgres
--

CREATE TABLE public.sms_hocphi (
    id bigint NOT NULL,
    hk integer NOT NULL,
    thoigian date NOT NULL,
    sotien integer NOT NULL,
    hpstatus integer NOT NULL,
    ghichu text NOT NULL,
    status integer NOT NULL,
    lop_id bigint NOT NULL,
    sv_id bigint NOT NULL
);


ALTER TABLE public.sms_hocphi OWNER TO postgres;

--
-- Name: sms_hocphi_id_seq; Type: SEQUENCE; Schema: public; Owner: postgres
--

ALTER TABLE public.sms_hocphi ALTER COLUMN id ADD GENERATED BY DEFAULT AS IDENTITY (
    SEQUENCE NAME public.sms_hocphi_id_seq
    START WITH 1
    INCREMENT BY 1
    NO MINVALUE
    NO MAXVALUE
    CACHE 1
);


--
-- Name: sms_hocphistatus; Type: TABLE; Schema: public; Owner: postgres
--

CREATE TABLE public.sms_hocphistatus (
    id bigint NOT NULL,
    ma integer NOT NULL,
    ten character varying(100) NOT NULL
);


ALTER TABLE public.sms_hocphistatus OWNER TO postgres;

--
-- Name: sms_hocphistatus_id_seq; Type: SEQUENCE; Schema: public; Owner: postgres
--

ALTER TABLE public.sms_hocphistatus ALTER COLUMN id ADD GENERATED BY DEFAULT AS IDENTITY (
    SEQUENCE NAME public.sms_hocphistatus_id_seq
    START WITH 1
    INCREMENT BY 1
    NO MINVALUE
    NO MAXVALUE
    CACHE 1
);


--
-- Name: sms_hp81; Type: TABLE; Schema: public; Owner: postgres
--

CREATE TABLE public.sms_hp81 (
    id bigint NOT NULL,
    thoigian date,
    sotien1 integer,
    sotien2 integer,
    ghichu text,
    hk_id bigint NOT NULL,
    status_id bigint NOT NULL,
    sv_id bigint NOT NULL
);


ALTER TABLE public.sms_hp81 OWNER TO postgres;

--
-- Name: sms_hp81_id_seq; Type: SEQUENCE; Schema: public; Owner: postgres
--

ALTER TABLE public.sms_hp81 ALTER COLUMN id ADD GENERATED BY DEFAULT AS IDENTITY (
    SEQUENCE NAME public.sms_hp81_id_seq
    START WITH 1
    INCREMENT BY 1
    NO MINVALUE
    NO MAXVALUE
    CACHE 1
);


--
-- Name: sms_hs81; Type: TABLE; Schema: public; Owner: postgres
--

CREATE TABLE public.sms_hs81 (
    id bigint NOT NULL,
    status character varying(20) NOT NULL,
    thoigian date,
    ddn boolean NOT NULL,
    cntn boolean NOT NULL,
    btn boolean NOT NULL,
    xnct boolean NOT NULL,
    cccd boolean NOT NULL,
    cccdbo boolean NOT NULL,
    cccdme boolean NOT NULL,
    gks boolean NOT NULL,
    ghichu text,
    hk_id bigint NOT NULL,
    sv_id bigint NOT NULL
);


ALTER TABLE public.sms_hs81 OWNER TO postgres;

--
-- Name: sms_hs81_id_seq; Type: SEQUENCE; Schema: public; Owner: postgres
--

ALTER TABLE public.sms_hs81 ALTER COLUMN id ADD GENERATED BY DEFAULT AS IDENTITY (
    SEQUENCE NAME public.sms_hs81_id_seq
    START WITH 1
    INCREMENT BY 1
    NO MINVALUE
    NO MAXVALUE
    CACHE 1
);


--
-- Name: sms_hsgv; Type: TABLE; Schema: public; Owner: postgres
--

CREATE TABLE public.sms_hsgv (
    id bigint NOT NULL,
    ma character varying(100) NOT NULL,
    hoten character varying(100) NOT NULL,
    namsinh date,
    cccd character varying(100),
    ngaycap date,
    noicap character varying(100),
    diachi character varying(100),
    sdt character varying(100),
    email character varying(100),
    mst character varying(100),
    bhxh character varying(100),
    dongbhxh character varying(100),
    stk character varying(100),
    nh character varying(100),
    cn character varying(100),
    trinhdo character varying(50),
    truongtn character varying(100),
    nganhtn character varying(100),
    shdtg character varying(100),
    ngayky date,
    ngayhh date,
    hs_btn boolean NOT NULL,
    hs_bd boolean NOT NULL,
    hs_cc boolean NOT NULL,
    hs_syll boolean NOT NULL,
    hs_ccta boolean NOT NULL,
    hs_ccth boolean NOT NULL,
    hs_status character varying(50) NOT NULL,
    ghichu text,
    user_id integer
);


ALTER TABLE public.sms_hsgv OWNER TO postgres;

--
-- Name: sms_hsgv_id_seq; Type: SEQUENCE; Schema: public; Owner: postgres
--

ALTER TABLE public.sms_hsgv ALTER COLUMN id ADD GENERATED BY DEFAULT AS IDENTITY (
    SEQUENCE NAME public.sms_hsgv_id_seq
    START WITH 1
    INCREMENT BY 1
    NO MINVALUE
    NO MAXVALUE
    CACHE 1
);


--
-- Name: sms_hsns; Type: TABLE; Schema: public; Owner: postgres
--

CREATE TABLE public.sms_hsns (
    id bigint NOT NULL,
    ma character varying(100) NOT NULL,
    email character varying(100) NOT NULL,
    hoten character varying(100) NOT NULL,
    gioitinh character varying,
    namsinh date,
    dantoc character varying(30),
    tongiao character varying(30),
    quoctich character varying(30),
    quequan character varying(100),
    diachi1 character varying(100),
    diachi2 character varying(100),
    sdt character varying(100),
    cccd character varying(100),
    ngaycap date,
    noicap date,
    mst character varying(100),
    tddt character varying,
    noidt character varying(100),
    kdt character varying(100),
    cndt character varying(100),
    namtn character varying(100),
    xldt character varying,
    cdcv character varying,
    vtcv character varying,
    shd character varying(100),
    ngayky date,
    ngayhh date,
    trangthaihd character varying,
    tcld character varying,
    loaihd character varying,
    ngaylv character varying(100),
    tgcd character varying,
    tgbhxh character varying,
    ssbhxh character varying(100),
    tongluong integer,
    luongcb integer,
    stk character varying(100),
    nh character varying(100),
    chinhanh character varying(100),
    hs_btn boolean NOT NULL,
    hs_bd boolean NOT NULL,
    hs_cc boolean NOT NULL,
    hs_syll boolean NOT NULL,
    hs_ccta boolean NOT NULL,
    hs_ccth boolean NOT NULL,
    hs_khac character varying(100),
    hs_status character varying(50) NOT NULL,
    ghichu text,
    user_id integer
);


ALTER TABLE public.sms_hsns OWNER TO postgres;

--
-- Name: sms_hsns_id_seq; Type: SEQUENCE; Schema: public; Owner: postgres
--

ALTER TABLE public.sms_hsns ALTER COLUMN id ADD GENERATED BY DEFAULT AS IDENTITY (
    SEQUENCE NAME public.sms_hsns_id_seq
    START WITH 1
    INCREMENT BY 1
    NO MINVALUE
    NO MAXVALUE
    CACHE 1
);


--
-- Name: sms_hssv; Type: TABLE; Schema: public; Owner: postgres
--

CREATE TABLE public.sms_hssv (
    id bigint NOT NULL,
    msv character varying(100) NOT NULL,
    hoten character varying(100) NOT NULL,
    namsinh date,
    gioitinh character varying,
    dantoc character varying(30),
    noisinh character varying(200),
    quequan character varying(200),
    diachi character varying(200),
    xa character varying(100),
    huyen character varying(100),
    tinh character varying(100),
    cccd character varying(100),
    ngaycap date,
    noicap character varying(100),
    stk character varying(100),
    nh character varying(100),
    hotenbo character varying(200),
    hotenme character varying(200),
    sdths character varying(100),
    sdtph character varying(100),
    hs_syll boolean NOT NULL,
    hs_pxt boolean NOT NULL,
    hs_btn boolean NOT NULL,
    hs_gcntttt boolean NOT NULL,
    hs_hbthcs boolean NOT NULL,
    hs_cccd boolean NOT NULL,
    hs_gks boolean NOT NULL,
    hs_shk boolean NOT NULL,
    hs_a34 boolean NOT NULL,
    hs_status character varying(50) NOT NULL,
    ghichu text,
    lop_id bigint,
    status_id bigint NOT NULL,
    user_id integer
);


ALTER TABLE public.sms_hssv OWNER TO postgres;

--
-- Name: sms_hssv_id_seq; Type: SEQUENCE; Schema: public; Owner: postgres
--

ALTER TABLE public.sms_hssv ALTER COLUMN id ADD GENERATED BY DEFAULT AS IDENTITY (
    SEQUENCE NAME public.sms_hssv_id_seq
    START WITH 1
    INCREMENT BY 1
    NO MINVALUE
    NO MAXVALUE
    CACHE 1
);


--
-- Name: sms_khoahoc; Type: TABLE; Schema: public; Owner: postgres
--

CREATE TABLE public.sms_khoahoc (
    id bigint NOT NULL,
    ma integer NOT NULL,
    ten character varying(20) NOT NULL
);


ALTER TABLE public.sms_khoahoc OWNER TO postgres;

--
-- Name: sms_khoahoc_id_seq; Type: SEQUENCE; Schema: public; Owner: postgres
--

ALTER TABLE public.sms_khoahoc ALTER COLUMN id ADD GENERATED BY DEFAULT AS IDENTITY (
    SEQUENCE NAME public.sms_khoahoc_id_seq
    START WITH 1
    INCREMENT BY 1
    NO MINVALUE
    NO MAXVALUE
    CACHE 1
);


--
-- Name: sms_lichhoc; Type: TABLE; Schema: public; Owner: postgres
--

CREATE TABLE public.sms_lichhoc (
    id bigint NOT NULL,
    trungtam character varying(100),
    diadiem character varying(100),
    thoigian timestamp with time zone NOT NULL,
    sotiet integer NOT NULL,
    status character varying(50) NOT NULL,
    ghichu text,
    giaovien_id bigint,
    lmh_id bigint NOT NULL
);


ALTER TABLE public.sms_lichhoc OWNER TO postgres;

--
-- Name: sms_lichhoc_id_seq; Type: SEQUENCE; Schema: public; Owner: postgres
--

ALTER TABLE public.sms_lichhoc ALTER COLUMN id ADD GENERATED BY DEFAULT AS IDENTITY (
    SEQUENCE NAME public.sms_lichhoc_id_seq
    START WITH 1
    INCREMENT BY 1
    NO MINVALUE
    NO MAXVALUE
    CACHE 1
);


--
-- Name: sms_loaidiem; Type: TABLE; Schema: public; Owner: postgres
--

CREATE TABLE public.sms_loaidiem (
    id bigint NOT NULL,
    ma integer NOT NULL,
    trunglap integer NOT NULL,
    heso integer NOT NULL,
    ten character varying(100)
);


ALTER TABLE public.sms_loaidiem OWNER TO postgres;

--
-- Name: sms_loaidiem_id_seq; Type: SEQUENCE; Schema: public; Owner: postgres
--

ALTER TABLE public.sms_loaidiem ALTER COLUMN id ADD GENERATED BY DEFAULT AS IDENTITY (
    SEQUENCE NAME public.sms_loaidiem_id_seq
    START WITH 1
    INCREMENT BY 1
    NO MINVALUE
    NO MAXVALUE
    CACHE 1
);


--
-- Name: sms_logdiem; Type: TABLE; Schema: public; Owner: postgres
--

CREATE TABLE public.sms_logdiem (
    id bigint NOT NULL,
    created_at timestamp with time zone NOT NULL,
    capnhat_at timestamp with time zone,
    ten character varying(100)
);


ALTER TABLE public.sms_logdiem OWNER TO postgres;

--
-- Name: sms_logdiem_id_seq; Type: SEQUENCE; Schema: public; Owner: postgres
--

ALTER TABLE public.sms_logdiem ALTER COLUMN id ADD GENERATED BY DEFAULT AS IDENTITY (
    SEQUENCE NAME public.sms_logdiem_id_seq
    START WITH 1
    INCREMENT BY 1
    NO MINVALUE
    NO MAXVALUE
    CACHE 1
);


--
-- Name: sms_lop; Type: TABLE; Schema: public; Owner: postgres
--

CREATE TABLE public.sms_lop (
    id bigint NOT NULL,
    ma character varying(100) NOT NULL,
    ten character varying(100) NOT NULL,
    ctdt_id bigint NOT NULL,
    trungtam_id bigint NOT NULL
);


ALTER TABLE public.sms_lop OWNER TO postgres;

--
-- Name: sms_lop_id_seq; Type: SEQUENCE; Schema: public; Owner: postgres
--

ALTER TABLE public.sms_lop ALTER COLUMN id ADD GENERATED BY DEFAULT AS IDENTITY (
    SEQUENCE NAME public.sms_lop_id_seq
    START WITH 1
    INCREMENT BY 1
    NO MINVALUE
    NO MAXVALUE
    CACHE 1
);


--
-- Name: sms_lophk; Type: TABLE; Schema: public; Owner: postgres
--

CREATE TABLE public.sms_lophk (
    id bigint NOT NULL,
    start_hk date,
    end_hk date,
    hk_id bigint NOT NULL,
    lop_id bigint NOT NULL
);


ALTER TABLE public.sms_lophk OWNER TO postgres;

--
-- Name: sms_lophk_id_seq; Type: SEQUENCE; Schema: public; Owner: postgres
--

ALTER TABLE public.sms_lophk ALTER COLUMN id ADD GENERATED BY DEFAULT AS IDENTITY (
    SEQUENCE NAME public.sms_lophk_id_seq
    START WITH 1
    INCREMENT BY 1
    NO MINVALUE
    NO MAXVALUE
    CACHE 1
);


--
-- Name: sms_lopmonhoc; Type: TABLE; Schema: public; Owner: postgres
--

CREATE TABLE public.sms_lopmonhoc (
    id bigint NOT NULL,
    ngaystart date,
    ngayend date,
    status character varying(50) NOT NULL,
    hsdt text,
    hsdt1 boolean NOT NULL,
    hsdt2 boolean NOT NULL,
    hsdt3 boolean NOT NULL,
    hsdt4 boolean NOT NULL,
    hsdt5 boolean NOT NULL,
    hsdt6 boolean NOT NULL,
    hsdt7 boolean NOT NULL,
    hk_id bigint NOT NULL,
    lop_id bigint NOT NULL,
    monhoc_id bigint NOT NULL
);


ALTER TABLE public.sms_lopmonhoc OWNER TO postgres;

--
-- Name: sms_lopmonhoc_id_seq; Type: SEQUENCE; Schema: public; Owner: postgres
--

ALTER TABLE public.sms_lopmonhoc ALTER COLUMN id ADD GENERATED BY DEFAULT AS IDENTITY (
    SEQUENCE NAME public.sms_lopmonhoc_id_seq
    START WITH 1
    INCREMENT BY 1
    NO MINVALUE
    NO MAXVALUE
    CACHE 1
);


--
-- Name: sms_monhoc; Type: TABLE; Schema: public; Owner: postgres
--

CREATE TABLE public.sms_monhoc (
    id bigint NOT NULL,
    ma character varying(100) NOT NULL,
    ten character varying(100) NOT NULL,
    chuongtrinh character varying(100) NOT NULL,
    sotinchi integer NOT NULL,
    sogio_lt integer,
    sogio_th integer,
    sogio_kt integer
);


ALTER TABLE public.sms_monhoc OWNER TO postgres;

--
-- Name: sms_monhoc_id_seq; Type: SEQUENCE; Schema: public; Owner: postgres
--

ALTER TABLE public.sms_monhoc ALTER COLUMN id ADD GENERATED BY DEFAULT AS IDENTITY (
    SEQUENCE NAME public.sms_monhoc_id_seq
    START WITH 1
    INCREMENT BY 1
    NO MINVALUE
    NO MAXVALUE
    CACHE 1
);


--
-- Name: sms_nganh; Type: TABLE; Schema: public; Owner: postgres
--

CREATE TABLE public.sms_nganh (
    id bigint NOT NULL,
    ma integer NOT NULL,
    ten character varying(20) NOT NULL
);


ALTER TABLE public.sms_nganh OWNER TO postgres;

--
-- Name: sms_nganh_id_seq; Type: SEQUENCE; Schema: public; Owner: postgres
--

ALTER TABLE public.sms_nganh ALTER COLUMN id ADD GENERATED BY DEFAULT AS IDENTITY (
    SEQUENCE NAME public.sms_nganh_id_seq
    START WITH 1
    INCREMENT BY 1
    NO MINVALUE
    NO MAXVALUE
    CACHE 1
);


--
-- Name: sms_nslop; Type: TABLE; Schema: public; Owner: postgres
--

CREATE TABLE public.sms_nslop (
    id bigint NOT NULL,
    status integer NOT NULL,
    lop_id bigint NOT NULL,
    ns_id bigint NOT NULL
);


ALTER TABLE public.sms_nslop OWNER TO postgres;

--
-- Name: sms_nslop_id_seq; Type: SEQUENCE; Schema: public; Owner: postgres
--

ALTER TABLE public.sms_nslop ALTER COLUMN id ADD GENERATED BY DEFAULT AS IDENTITY (
    SEQUENCE NAME public.sms_nslop_id_seq
    START WITH 1
    INCREMENT BY 1
    NO MINVALUE
    NO MAXVALUE
    CACHE 1
);


--
-- Name: sms_nsphong; Type: TABLE; Schema: public; Owner: postgres
--

CREATE TABLE public.sms_nsphong (
    id bigint NOT NULL,
    status integer NOT NULL,
    ns_id bigint NOT NULL,
    phong_id bigint NOT NULL
);


ALTER TABLE public.sms_nsphong OWNER TO postgres;

--
-- Name: sms_nsphong_id_seq; Type: SEQUENCE; Schema: public; Owner: postgres
--

ALTER TABLE public.sms_nsphong ALTER COLUMN id ADD GENERATED BY DEFAULT AS IDENTITY (
    SEQUENCE NAME public.sms_nsphong_id_seq
    START WITH 1
    INCREMENT BY 1
    NO MINVALUE
    NO MAXVALUE
    CACHE 1
);


--
-- Name: sms_phong; Type: TABLE; Schema: public; Owner: postgres
--

CREATE TABLE public.sms_phong (
    id bigint NOT NULL,
    ma integer NOT NULL,
    ten character varying(100) NOT NULL
);


ALTER TABLE public.sms_phong OWNER TO postgres;

--
-- Name: sms_phong_id_seq; Type: SEQUENCE; Schema: public; Owner: postgres
--

ALTER TABLE public.sms_phong ALTER COLUMN id ADD GENERATED BY DEFAULT AS IDENTITY (
    SEQUENCE NAME public.sms_phong_id_seq
    START WITH 1
    INCREMENT BY 1
    NO MINVALUE
    NO MAXVALUE
    CACHE 1
);


--
-- Name: sms_svstatus; Type: TABLE; Schema: public; Owner: postgres
--

CREATE TABLE public.sms_svstatus (
    id bigint NOT NULL,
    ma integer NOT NULL,
    ten character varying(100) NOT NULL
);


ALTER TABLE public.sms_svstatus OWNER TO postgres;

--
-- Name: sms_svstatus_id_seq; Type: SEQUENCE; Schema: public; Owner: postgres
--

ALTER TABLE public.sms_svstatus ALTER COLUMN id ADD GENERATED BY DEFAULT AS IDENTITY (
    SEQUENCE NAME public.sms_svstatus_id_seq
    START WITH 1
    INCREMENT BY 1
    NO MINVALUE
    NO MAXVALUE
    CACHE 1
);


--
-- Name: sms_teacherdeptinfo; Type: TABLE; Schema: public; Owner: postgres
--

CREATE TABLE public.sms_teacherdeptinfo (
    id bigint NOT NULL,
    dept_name character varying(50) NOT NULL
);


ALTER TABLE public.sms_teacherdeptinfo OWNER TO postgres;

--
-- Name: sms_teacherdeptinfo_id_seq; Type: SEQUENCE; Schema: public; Owner: postgres
--

ALTER TABLE public.sms_teacherdeptinfo ALTER COLUMN id ADD GENERATED BY DEFAULT AS IDENTITY (
    SEQUENCE NAME public.sms_teacherdeptinfo_id_seq
    START WITH 1
    INCREMENT BY 1
    NO MINVALUE
    NO MAXVALUE
    CACHE 1
);


--
-- Name: sms_teacherinfo; Type: TABLE; Schema: public; Owner: postgres
--

CREATE TABLE public.sms_teacherinfo (
    id bigint NOT NULL,
    name character varying(100) NOT NULL,
    email character varying(254) NOT NULL,
    age integer NOT NULL,
    gender character varying(10) NOT NULL,
    passing_year character varying(100) NOT NULL,
    joining_date date NOT NULL,
    salary integer NOT NULL,
    dept_type_id bigint NOT NULL,
    sub_type_id bigint NOT NULL
);


ALTER TABLE public.sms_teacherinfo OWNER TO postgres;

--
-- Name: sms_teacherinfo_id_seq; Type: SEQUENCE; Schema: public; Owner: postgres
--

ALTER TABLE public.sms_teacherinfo ALTER COLUMN id ADD GENERATED BY DEFAULT AS IDENTITY (
    SEQUENCE NAME public.sms_teacherinfo_id_seq
    START WITH 1
    INCREMENT BY 1
    NO MINVALUE
    NO MAXVALUE
    CACHE 1
);


--
-- Name: sms_teachersubinfo; Type: TABLE; Schema: public; Owner: postgres
--

CREATE TABLE public.sms_teachersubinfo (
    id bigint NOT NULL,
    sub_name character varying(50) NOT NULL
);


ALTER TABLE public.sms_teachersubinfo OWNER TO postgres;

--
-- Name: sms_teachersubinfo_id_seq; Type: SEQUENCE; Schema: public; Owner: postgres
--

ALTER TABLE public.sms_teachersubinfo ALTER COLUMN id ADD GENERATED BY DEFAULT AS IDENTITY (
    SEQUENCE NAME public.sms_teachersubinfo_id_seq
    START WITH 1
    INCREMENT BY 1
    NO MINVALUE
    NO MAXVALUE
    CACHE 1
);


--
-- Name: sms_trungtam; Type: TABLE; Schema: public; Owner: postgres
--

CREATE TABLE public.sms_trungtam (
    id bigint NOT NULL,
    ma integer NOT NULL,
    ten character varying(100) NOT NULL
);


ALTER TABLE public.sms_trungtam OWNER TO postgres;

--
-- Name: sms_trungtam_id_seq; Type: SEQUENCE; Schema: public; Owner: postgres
--

ALTER TABLE public.sms_trungtam ALTER COLUMN id ADD GENERATED BY DEFAULT AS IDENTITY (
    SEQUENCE NAME public.sms_trungtam_id_seq
    START WITH 1
    INCREMENT BY 1
    NO MINVALUE
    NO MAXVALUE
    CACHE 1
);


--
-- Name: sms_ttgv; Type: TABLE; Schema: public; Owner: postgres
--

CREATE TABLE public.sms_ttgv (
    id bigint NOT NULL,
    sotien1 integer,
    sotien2 integer,
    ghichu text,
    gv_id bigint NOT NULL,
    lopmh_id bigint NOT NULL
);


ALTER TABLE public.sms_ttgv OWNER TO postgres;

--
-- Name: sms_ttgv_id_seq; Type: SEQUENCE; Schema: public; Owner: postgres
--

ALTER TABLE public.sms_ttgv ALTER COLUMN id ADD GENERATED BY DEFAULT AS IDENTITY (
    SEQUENCE NAME public.sms_ttgv_id_seq
    START WITH 1
    INCREMENT BY 1
    NO MINVALUE
    NO MAXVALUE
    CACHE 1
);


--
-- Name: sms_uploadedfile; Type: TABLE; Schema: public; Owner: postgres
--

CREATE TABLE public.sms_uploadedfile (
    id bigint NOT NULL,
    file character varying(100) NOT NULL,
    uploaded_at timestamp with time zone NOT NULL,
    mota character varying(100) NOT NULL
);


ALTER TABLE public.sms_uploadedfile OWNER TO postgres;

--
-- Name: sms_uploadedfile_id_seq; Type: SEQUENCE; Schema: public; Owner: postgres
--

ALTER TABLE public.sms_uploadedfile ALTER COLUMN id ADD GENERATED BY DEFAULT AS IDENTITY (
    SEQUENCE NAME public.sms_uploadedfile_id_seq
    START WITH 1
    INCREMENT BY 1
    NO MINVALUE
    NO MAXVALUE
    CACHE 1
);


--
-- Data for Name: admin_interface_theme; Type: TABLE DATA; Schema: public; Owner: postgres
--

COPY public.admin_interface_theme (id, name, active, title, title_visible, logo, logo_visible, css_header_background_color, title_color, css_header_text_color, css_header_link_color, css_header_link_hover_color, css_module_background_color, css_module_text_color, css_module_link_color, css_module_link_hover_color, css_module_rounded_corners, css_generic_link_color, css_generic_link_hover_color, css_save_button_background_color, css_save_button_background_hover_color, css_save_button_text_color, css_delete_button_background_color, css_delete_button_background_hover_color, css_delete_button_text_color, list_filter_dropdown, related_modal_active, related_modal_background_color, related_modal_rounded_corners, logo_color, recent_actions_visible, favicon, related_modal_background_opacity, env_name, env_visible_in_header, env_color, env_visible_in_favicon, related_modal_close_button_visible, language_chooser_active, language_chooser_display, list_filter_sticky, form_pagination_sticky, form_submit_sticky, css_module_background_selected_color, css_module_link_selected_color, logo_max_height, logo_max_width, foldable_apps, language_chooser_control, list_filter_highlight, list_filter_removal_links, show_fieldsets_as_tabs, show_inlines_as_tabs, css_generic_link_active_color, collapsible_stacked_inlines, collapsible_stacked_inlines_collapsed, collapsible_tabular_inlines, collapsible_tabular_inlines_collapsed) FROM stdin;
1	Django	f	Administration	t	admin-interface/logo/heu_logo_nddxNTd.gif	t	#0C4B33	#F5DD5D	#44B78B	#FFFFFF	#C9F0DD	#44B78B	#FFFFFF	#FFFFFF	#C9F0DD	t	#0C3C26	#156641	#0C4B33	#0C3C26	#FFFFFF	#BA2121	#A41515	#FFFFFF	t	t	#000000	t	#FFFFFF	t		0.3		t	#E74C3C	t	t	t	code	t	f	f	#FFFFCC	#FFFFFF	30	150	t	default-select	t	f	f	f	#29B864	f	t	f	t
4	USWDS	f	Django administration	f		t	#112E51	#FFFFFF	#FFFFFF	#FFFFFF	#E1F3F8	#205493	#FFFFFF	#FFFFFF	#E1F3F8	t	#205493	#0071BC	#205493	#112E51	#FFFFFF	#CD2026	#981B1E	#FFFFFF	f	t	#000000	t	#FFFFFF	t		0.8		t	#E74C3C	t	t	t	code	t	f	f	#FFFFCC	#FFFFFF	100	400	t	default-select	t	f	f	f	#29B864	f	t	f	t
3	Foundation	f	Django administration	f		t	#2C3840	#DDDDDD	#FFFFFF	#FFFFFF	#DDDDDD	#074E68	#FFFFFF	#FFFFFF	#DDDDDD	t	#000000	#074E68	#2199E8	#1585CF	#FFFFFF	#CC4B37	#BF4634	#FFFFFF	f	t	#000000	t	#CCCCCC	t		0.2		t	#E74C3C	t	t	t	code	t	f	f	#FFFFCC	#FFFFFF	100	400	t	default-select	t	f	f	f	#29B864	f	t	f	t
2	Bootstrap	t	Administration	t	admin-interface/logo/heu_logo_qBLhoOC.gif	t	#FFFFFF	#503873	#463265	#463265	#7351A6	#7351A6	#FFFFFF	#CDBFE3	#FFFFFF	t	#463265	#7351A6	#5CB85C	#449D44	#FFFFFF	#D9534F	#C9302C	#FFFFFF	f	t	#503873	t	#503873	t		0.2		t	#E74C3C	t	t	t	code	t	f	f	#FFFFCC	#FFFFFF	30	125	t	default-select	t	f	f	f	#29B864	f	t	f	t
\.


--
-- Data for Name: auth_group; Type: TABLE DATA; Schema: public; Owner: postgres
--

COPY public.auth_group (id, name) FROM stdin;
3	KT
2	Supervisors
5	CTSV
6	DT
4	HR
7	GVCH
8	Hc Vin
9	GVTG
\.


--
-- Data for Name: auth_group_permissions; Type: TABLE DATA; Schema: public; Owner: postgres
--

COPY public.auth_group_permissions (id, group_id, permission_id) FROM stdin;
1	3	202
2	3	363
3	3	364
4	3	365
5	3	366
6	3	140
7	3	181
8	3	347
9	3	348
10	3	349
11	3	350
12	5	195
13	5	196
14	5	197
15	5	198
16	5	140
17	5	181
18	5	190
19	5	382
20	6	137
21	6	138
22	6	139
23	6	140
24	6	178
25	6	179
26	6	180
27	6	181
28	6	187
29	6	188
30	6	189
31	6	190
32	6	199
33	6	200
34	6	201
35	6	202
36	6	371
37	6	372
38	6	373
39	6	374
40	4	128
41	4	382
45	4	181
49	4	186
53	4	190
54	4	125
58	4	126
59	4	127
60	2	384
61	2	385
62	2	386
63	2	109
64	2	110
65	2	111
66	2	112
67	2	379
68	2	380
69	2	381
70	2	382
71	2	383
72	2	376
73	2	377
74	2	378
75	2	367
76	2	368
77	2	369
78	2	370
79	2	371
80	2	372
81	2	373
82	2	374
83	2	375
84	2	344
85	2	345
86	2	346
87	2	343
88	2	128
89	2	129
90	2	130
91	2	131
92	2	132
93	2	183
94	2	184
95	2	185
96	2	186
97	2	187
98	2	188
99	2	189
100	2	190
101	2	191
102	2	192
103	2	193
104	2	194
105	2	195
106	2	196
107	2	197
108	2	198
109	2	199
110	2	200
111	2	201
112	2	202
113	2	363
114	2	364
115	2	365
116	2	366
117	2	125
118	2	126
119	2	127
120	2	137
121	2	138
122	2	139
123	2	140
124	2	141
125	2	178
126	2	179
127	2	180
128	2	181
129	2	182
130	2	355
131	2	356
132	2	357
133	2	358
134	7	376
135	7	377
136	7	378
137	7	343
138	7	344
139	7	345
140	7	346
141	7	379
142	7	380
143	7	381
144	7	382
145	7	375
146	7	140
147	7	181
152	7	350
153	5	200
154	5	201
155	5	202
156	5	199
157	6	344
158	6	345
159	6	346
160	6	343
161	4	140
162	8	186
163	8	190
164	8	198
165	8	382
166	9	140
167	9	181
168	9	183
169	9	184
170	9	185
171	9	186
172	9	379
173	9	380
174	9	381
175	9	382
\.


--
-- Data for Name: auth_permission; Type: TABLE DATA; Schema: public; Owner: postgres
--

COPY public.auth_permission (id, name, content_type_id, codename) FROM stdin;
1	Can add user	1	add_user
2	Can change user	1	change_user
3	Can delete user	1	delete_user
4	Can view user	1	view_user
5	Can add assign	2	add_assign
6	Can change assign	2	change_assign
7	Can delete assign	2	delete_assign
8	Can view assign	2	view_assign
9	Can add attendance range	3	add_attendancerange
10	Can change attendance range	3	change_attendancerange
11	Can delete attendance range	3	delete_attendancerange
12	Can view attendance range	3	view_attendancerange
13	Can add class	4	add_class
14	Can change class	4	change_class
15	Can delete class	4	delete_class
16	Can view class	4	view_class
17	Can add course	5	add_course
18	Can change course	5	change_course
19	Can delete course	5	delete_course
20	Can view course	5	view_course
21	Can add dept	6	add_dept
22	Can change dept	6	change_dept
23	Can delete dept	6	delete_dept
24	Can view dept	6	view_dept
25	Can add student	7	add_student
26	Can change student	7	change_student
27	Can delete student	7	delete_student
28	Can view student	7	view_student
29	Can add teacher	8	add_teacher
30	Can change teacher	8	change_teacher
31	Can delete teacher	8	delete_teacher
32	Can view teacher	8	view_teacher
33	Can add student course	9	add_studentcourse
34	Can change student course	9	change_studentcourse
35	Can delete student course	9	delete_studentcourse
36	Can view student course	9	view_studentcourse
37	Can add historical dept	10	add_historicaldept
38	Can change historical dept	10	change_historicaldept
39	Can delete historical dept	10	delete_historicaldept
40	Can view historical dept	10	view_historicaldept
41	Can add Attendance	11	add_attendanceclass
42	Can change Attendance	11	change_attendanceclass
43	Can delete Attendance	11	delete_attendanceclass
44	Can view Attendance	11	view_attendanceclass
45	Can add attendance	12	add_attendance
46	Can change attendance	12	change_attendance
47	Can delete attendance	12	delete_attendance
48	Can view attendance	12	view_attendance
49	Can add assign time	13	add_assigntime
50	Can change assign time	13	change_assigntime
51	Can delete assign time	13	delete_assigntime
52	Can view assign time	13	view_assigntime
53	Can add marks class	14	add_marksclass
54	Can change marks class	14	change_marksclass
55	Can delete marks class	14	delete_marksclass
56	Can view marks class	14	view_marksclass
57	Can add marks	15	add_marks
58	Can change marks	15	change_marks
59	Can delete marks	15	delete_marks
60	Can view marks	15	view_marks
61	Can add attendance total	16	add_attendancetotal
62	Can change attendance total	16	change_attendancetotal
63	Can delete attendance total	16	delete_attendancetotal
64	Can view attendance total	16	view_attendancetotal
65	Can add Theme	17	add_theme
66	Can change Theme	17	change_theme
67	Can delete Theme	17	delete_theme
68	Can view Theme	17	view_theme
69	Can add log entry	18	add_logentry
70	Can change log entry	18	change_logentry
71	Can delete log entry	18	delete_logentry
72	Can view log entry	18	view_logentry
73	Can add permission	19	add_permission
74	Can change permission	19	change_permission
75	Can delete permission	19	delete_permission
76	Can view permission	19	view_permission
77	Can add group	20	add_group
78	Can change group	20	change_group
79	Can delete group	20	delete_group
80	Can view group	20	view_group
81	Can add content type	21	add_contenttype
82	Can change content type	21	change_contenttype
83	Can delete content type	21	delete_contenttype
84	Can view content type	21	view_contenttype
85	Can add session	22	add_session
86	Can change session	22	change_session
87	Can delete session	22	delete_session
88	Can view session	22	view_session
89	Can add Token	23	add_token
90	Can change Token	23	change_token
91	Can delete Token	23	delete_token
92	Can view Token	23	view_token
93	Can add Token	24	add_tokenproxy
94	Can change Token	24	change_tokenproxy
95	Can delete Token	24	delete_tokenproxy
96	Can view Token	24	view_tokenproxy
97	Can add chamcong rp	25	add_chamcongrp
98	Can change chamcong rp	25	change_chamcongrp
99	Can delete chamcong rp	25	delete_chamcongrp
100	Can view chamcong rp	25	view_chamcongrp
101	Can add diemdanh rp	26	add_diemdanhrp
102	Can change diemdanh rp	26	change_diemdanhrp
103	Can delete diemdanh rp	26	delete_diemdanhrp
104	Can view diemdanh rp	26	view_diemdanhrp
105	Can add hocphi rp	27	add_hocphirp
106	Can change hocphi rp	27	change_hocphirp
107	Can delete hocphi rp	27	delete_hocphirp
108	Can view hocphi rp	27	view_hocphirp
109	Can add Chng trinh o to	28	add_ctdt
110	Can change Chng trinh o to	28	change_ctdt
111	Can delete Chng trinh o to	28	delete_ctdt
112	Can view Chng trinh o to	28	view_ctdt
113	Can add diemdanh all	29	add_diemdanhall
114	Can change diemdanh all	29	change_diemdanhall
115	Can delete diemdanh all	29	delete_diemdanhall
116	Can view diemdanh all	29	view_diemdanhall
117	Can add Hc k	30	add_hocky
118	Can change Hc k	30	change_hocky
119	Can delete Hc k	30	delete_hocky
120	Can view Hc k	30	view_hocky
121	Can add Trng thi Hc ph	31	add_hocphistatus
122	Can change Trng thi Hc ph	31	change_hocphistatus
123	Can delete Trng thi Hc ph	31	delete_hocphistatus
124	Can view Trng thi Hc ph	31	view_hocphistatus
125	Can add Gio vin	32	add_hsgv
126	Can change Gio vin	32	change_hsgv
127	Can delete Gio vin	32	delete_hsgv
128	Can view Gio vin	32	view_hsgv
129	Can add Nhn s	33	add_hsns
130	Can change Nhn s	33	change_hsns
131	Can delete Nhn s	33	delete_hsns
132	Can view Nhn s	33	view_hsns
133	Can add log diem	34	add_logdiem
134	Can change log diem	34	change_logdiem
135	Can delete log diem	34	delete_logdiem
136	Can view log diem	34	view_logdiem
137	Can add Lp	35	add_lop
138	Can change Lp	35	change_lop
139	Can delete Lp	35	delete_lop
140	Can view Lp	35	view_lop
141	can assign lop	35	assign_lop
142	Can add teacher dept info	36	add_teacherdeptinfo
143	Can change teacher dept info	36	change_teacherdeptinfo
144	Can delete teacher dept info	36	delete_teacherdeptinfo
145	Can view teacher dept info	36	view_teacherdeptinfo
146	Can add teacher sub info	37	add_teachersubinfo
147	Can change teacher sub info	37	change_teachersubinfo
148	Can delete teacher sub info	37	delete_teachersubinfo
149	Can view teacher sub info	37	view_teachersubinfo
150	Can add uploaded file	38	add_uploadedfile
151	Can change uploaded file	38	change_uploadedfile
152	Can delete uploaded file	38	delete_uploadedfile
153	Can view uploaded file	38	view_uploadedfile
154	Can add Trung tm	39	add_trungtam
155	Can change Trung tm	39	change_trungtam
156	Can delete Trung tm	39	delete_trungtam
157	Can view Trung tm	39	view_trungtam
158	Can add teacher info	40	add_teacherinfo
159	Can change teacher info	40	change_teacherinfo
160	Can delete teacher info	40	delete_teacherinfo
161	Can view teacher info	40	view_teacherinfo
162	Can add Trng thi hc vin	41	add_svstatus
163	Can change Trng thi hc vin	41	change_svstatus
164	Can delete Trng thi hc vin	41	delete_svstatus
165	Can view Trng thi hc vin	41	view_svstatus
166	Can add Phng	42	add_phong
167	Can change Phng	42	change_phong
168	Can delete Phng	42	delete_phong
169	Can view Phng	42	view_phong
170	Can add Ngnh o to	43	add_nganh
171	Can change Ngnh o to	43	change_nganh
172	Can delete Ngnh o to	43	delete_nganh
173	Can view Ngnh o to	43	view_nganh
174	Can add Mn hc	44	add_monhoc
175	Can change Mn hc	44	change_monhoc
176	Can delete Mn hc	44	delete_monhoc
177	Can view Mn hc	44	view_monhoc
178	Can add Lp mn hc	45	add_lopmonhoc
179	Can change Lp mn hc	45	change_lopmonhoc
180	Can delete Lp mn hc	45	delete_lopmonhoc
181	Can view Lp mn hc	45	view_lopmonhoc
182	can assign lopmonhoc	45	assign_lopmonhoc
183	Can add im thnh phn	46	add_loaidiem
184	Can change im thnh phn	46	change_loaidiem
185	Can delete im thnh phn	46	delete_loaidiem
186	Can view im thnh phn	46	view_loaidiem
187	Can add Lch hc	47	add_lichhoc
188	Can change Lch hc	47	change_lichhoc
189	Can delete Lch hc	47	delete_lichhoc
190	Can view Lch hc	47	view_lichhoc
191	Can add Kha hc	48	add_khoahoc
192	Can change Kha hc	48	change_khoahoc
193	Can delete Kha hc	48	delete_khoahoc
194	Can view Kha hc	48	view_khoahoc
195	Can add Hc vin	49	add_hssv
196	Can change Hc vin	49	change_hssv
197	Can delete Hc vin	49	delete_hssv
198	Can view Hc vin	49	view_hssv
199	Can add H s 81	50	add_hs81
200	Can change H s 81	50	change_hs81
201	Can delete H s 81	50	delete_hs81
202	Can view H s 81	50	view_hs81
203	Can add hocphi	51	add_hocphi
204	Can change hocphi	51	change_hocphi
205	Can delete hocphi	51	delete_hocphi
206	Can view hocphi	51	view_hocphi
207	Can add historical uploaded file	52	add_historicaluploadedfile
208	Can change historical uploaded file	52	change_historicaluploadedfile
209	Can delete historical uploaded file	52	delete_historicaluploadedfile
210	Can view historical uploaded file	52	view_historicaluploadedfile
211	Can add historical Thanh ton gio vin	53	add_historicalttgv
212	Can change historical Thanh ton gio vin	53	change_historicalttgv
213	Can delete historical Thanh ton gio vin	53	delete_historicalttgv
214	Can view historical Thanh ton gio vin	53	view_historicalttgv
215	Can add historical Trung tm	54	add_historicaltrungtam
216	Can change historical Trung tm	54	change_historicaltrungtam
217	Can delete historical Trung tm	54	delete_historicaltrungtam
218	Can view historical Trung tm	54	view_historicaltrungtam
219	Can add historical Trng thi hc vin	55	add_historicalsvstatus
220	Can change historical Trng thi hc vin	55	change_historicalsvstatus
221	Can delete historical Trng thi hc vin	55	delete_historicalsvstatus
222	Can view historical Trng thi hc vin	55	view_historicalsvstatus
223	Can add historical Phng	56	add_historicalphong
224	Can change historical Phng	56	change_historicalphong
225	Can delete historical Phng	56	delete_historicalphong
226	Can view historical Phng	56	view_historicalphong
227	Can add historical Nhn s phng	57	add_historicalnsphong
228	Can change historical Nhn s phng	57	change_historicalnsphong
229	Can delete historical Nhn s phng	57	delete_historicalnsphong
230	Can view historical Nhn s phng	57	view_historicalnsphong
231	Can add historical Nhn s lp	58	add_historicalnslop
232	Can change historical Nhn s lp	58	change_historicalnslop
233	Can delete historical Nhn s lp	58	delete_historicalnslop
234	Can view historical Nhn s lp	58	view_historicalnslop
235	Can add historical Ngnh o to	59	add_historicalnganh
236	Can change historical Ngnh o to	59	change_historicalnganh
237	Can delete historical Ngnh o to	59	delete_historicalnganh
238	Can view historical Ngnh o to	59	view_historicalnganh
239	Can add historical Mn hc	60	add_historicalmonhoc
240	Can change historical Mn hc	60	change_historicalmonhoc
241	Can delete historical Mn hc	60	delete_historicalmonhoc
242	Can view historical Mn hc	60	view_historicalmonhoc
243	Can add historical Lp mn hc	61	add_historicallopmonhoc
244	Can change historical Lp mn hc	61	change_historicallopmonhoc
245	Can delete historical Lp mn hc	61	delete_historicallopmonhoc
246	Can view historical Lp mn hc	61	view_historicallopmonhoc
247	Can add historical Lp Hc k	62	add_historicallophk
248	Can change historical Lp Hc k	62	change_historicallophk
249	Can delete historical Lp Hc k	62	delete_historicallophk
250	Can view historical Lp Hc k	62	view_historicallophk
251	Can add historical Lp	63	add_historicallop
252	Can change historical Lp	63	change_historicallop
253	Can delete historical Lp	63	delete_historicallop
254	Can view historical Lp	63	view_historicallop
255	Can add historical im thnh phn	64	add_historicalloaidiem
256	Can change historical im thnh phn	64	change_historicalloaidiem
257	Can delete historical im thnh phn	64	delete_historicalloaidiem
258	Can view historical im thnh phn	64	view_historicalloaidiem
259	Can add historical Lch hc	65	add_historicallichhoc
260	Can change historical Lch hc	65	change_historicallichhoc
261	Can delete historical Lch hc	65	delete_historicallichhoc
262	Can view historical Lch hc	65	view_historicallichhoc
263	Can add historical Kha hc	66	add_historicalkhoahoc
264	Can change historical Kha hc	66	change_historicalkhoahoc
265	Can delete historical Kha hc	66	delete_historicalkhoahoc
266	Can view historical Kha hc	66	view_historicalkhoahoc
267	Can add historical Hc vin	67	add_historicalhssv
268	Can change historical Hc vin	67	change_historicalhssv
269	Can delete historical Hc vin	67	delete_historicalhssv
270	Can view historical Hc vin	67	view_historicalhssv
271	Can add historical Nhn s	68	add_historicalhsns
272	Can change historical Nhn s	68	change_historicalhsns
273	Can delete historical Nhn s	68	delete_historicalhsns
274	Can view historical Nhn s	68	view_historicalhsns
275	Can add historical Gio vin	69	add_historicalhsgv
276	Can change historical Gio vin	69	change_historicalhsgv
277	Can delete historical Gio vin	69	delete_historicalhsgv
278	Can view historical Gio vin	69	view_historicalhsgv
279	Can add historical H s 81	70	add_historicalhs81
280	Can change historical H s 81	70	change_historicalhs81
281	Can delete historical H s 81	70	delete_historicalhs81
282	Can view historical H s 81	70	view_historicalhs81
283	Can add historical Hc ph 81	71	add_historicalhp81
284	Can change historical Hc ph 81	71	change_historicalhp81
285	Can delete historical Hc ph 81	71	delete_historicalhp81
286	Can view historical Hc ph 81	71	view_historicalhp81
287	Can add historical Trng thi Hc ph	72	add_historicalhocphistatus
288	Can change historical Trng thi Hc ph	72	change_historicalhocphistatus
289	Can delete historical Trng thi Hc ph	72	delete_historicalhocphistatus
290	Can view historical Trng thi Hc ph	72	view_historicalhocphistatus
291	Can add historical hocphi	73	add_historicalhocphi
292	Can change historical hocphi	73	change_historicalhocphi
293	Can delete historical hocphi	73	delete_historicalhocphi
294	Can view historical hocphi	73	view_historicalhocphi
295	Can add historical Hc k	74	add_historicalhocky
296	Can change historical Hc k	74	change_historicalhocky
297	Can delete historical Hc k	74	delete_historicalhocky
298	Can view historical Hc k	74	view_historicalhocky
299	Can add historical H o to	75	add_historicalhedt
300	Can change historical H o to	75	change_historicalhedt
301	Can delete historical H o to	75	delete_historicalhedt
302	Can view historical H o to	75	view_historicalhedt
303	Can add historical Gao vin Mn hc   	76	add_historicalgvmonhoc
304	Can change historical Gao vin Mn hc   	76	change_historicalgvmonhoc
305	Can delete historical Gao vin Mn hc   	76	delete_historicalgvmonhoc
306	Can view historical Gao vin Mn hc   	76	view_historicalgvmonhoc
307	Can add historical Gao vin lp	77	add_historicalgvlop
308	Can change historical Gao vin lp	77	change_historicalgvlop
309	Can delete historical Gao vin lp	77	delete_historicalgvlop
310	Can view historical Gao vin lp	77	view_historicalgvlop
311	Can add historical Gio vin lp mn hc	78	add_historicalgvlmh
312	Can change historical Gio vin lp mn hc	78	change_historicalgvlmh
313	Can delete historical Gio vin lp mn hc	78	delete_historicalgvlmh
314	Can view historical Gio vin lp mn hc	78	view_historicalgvlmh
315	Can add historical giayto_hs81	79	add_historicalgiayto_hs81
316	Can change historical giayto_hs81	79	change_historicalgiayto_hs81
317	Can delete historical giayto_hs81	79	delete_historicalgiayto_hs81
318	Can view historical giayto_hs81	79	view_historicalgiayto_hs81
319	Can add historical im thnh phn	80	add_historicaldiemthanhphan
320	Can change historical im thnh phn	80	change_historicaldiemthanhphan
321	Can delete historical im thnh phn	80	delete_historicaldiemthanhphan
322	Can view historical im thnh phn	80	view_historicaldiemthanhphan
323	Can add historical im danh	81	add_historicaldiemdanh
324	Can change historical im danh	81	change_historicaldiemdanh
325	Can delete historical im danh	81	delete_historicaldiemdanh
326	Can view historical im danh	81	view_historicaldiemdanh
327	Can add historical Chng trnh o to mn hc	82	add_historicalctdtmonhoc
328	Can change historical Chng trnh o to mn hc	82	change_historicalctdtmonhoc
329	Can delete historical Chng trnh o to mn hc	82	delete_historicalctdtmonhoc
330	Can view historical Chng trnh o to mn hc	82	view_historicalctdtmonhoc
331	Can add historical Chng trinh o to	83	add_historicalctdt
332	Can change historical Chng trinh o to	83	change_historicalctdt
333	Can delete historical Chng trinh o to	83	delete_historicalctdt
334	Can view historical Chng trinh o to	83	view_historicalctdt
335	Can add H o to	84	add_hedt
336	Can change H o to	84	change_hedt
337	Can delete H o to	84	delete_hedt
338	Can view H o to	84	view_hedt
339	Can add giayto_hs81	85	add_giayto_hs81
340	Can change giayto_hs81	85	change_giayto_hs81
341	Can delete giayto_hs81	85	delete_giayto_hs81
342	Can view giayto_hs81	85	view_giayto_hs81
343	Can add im thnh phn	86	add_diemthanhphan
344	Can change im thnh phn	86	change_diemthanhphan
345	Can delete im thnh phn	86	delete_diemthanhphan
346	Can view im thnh phn	86	view_diemthanhphan
347	Can add Thanh ton gio vin	87	add_ttgv
348	Can change Thanh ton gio vin	87	change_ttgv
349	Can delete Thanh ton gio vin	87	delete_ttgv
350	Can view Thanh ton gio vin	87	view_ttgv
351	Can add Nhn s phng	88	add_nsphong
352	Can change Nhn s phng	88	change_nsphong
353	Can delete Nhn s phng	88	delete_nsphong
354	Can view Nhn s phng	88	view_nsphong
355	Can add Nhn s lp	89	add_nslop
356	Can change Nhn s lp	89	change_nslop
357	Can delete Nhn s lp	89	delete_nslop
358	Can view Nhn s lp	89	view_nslop
359	Can add Lp Hc k	90	add_lophk
360	Can change Lp Hc k	90	change_lophk
361	Can delete Lp Hc k	90	delete_lophk
362	Can view Lp Hc k	90	view_lophk
363	Can add Hc ph 81	91	add_hp81
364	Can change Hc ph 81	91	change_hp81
365	Can delete Hc ph 81	91	delete_hp81
366	Can view Hc ph 81	91	view_hp81
367	Can add Gao vin Mn hc   	92	add_gvmonhoc
368	Can change Gao vin Mn hc   	92	change_gvmonhoc
369	Can delete Gao vin Mn hc   	92	delete_gvmonhoc
370	Can view Gao vin Mn hc   	92	view_gvmonhoc
371	Can add Gao vin lp	93	add_gvlop
372	Can change Gao vin lp	93	change_gvlop
373	Can delete Gao vin lp	93	delete_gvlop
374	Can view Gao vin lp	93	view_gvlop
375	Can add Gio vin lp mn hc	94	add_gvlmh
376	Can change Gio vin lp mn hc	94	change_gvlmh
377	Can delete Gio vin lp mn hc	94	delete_gvlmh
378	Can view Gio vin lp mn hc	94	view_gvlmh
379	Can add im danh	95	add_diemdanh
380	Can change im danh	95	change_diemdanh
381	Can delete im danh	95	delete_diemdanh
382	Can view im danh	95	view_diemdanh
383	Can add Chng trnh o to mn hc	96	add_ctdtmonhoc
384	Can change Chng trnh o to mn hc	96	change_ctdtmonhoc
385	Can delete Chng trnh o to mn hc	96	delete_ctdtmonhoc
386	Can view Chng trnh o to mn hc	96	view_ctdtmonhoc
387	Can add item	97	add_item
388	Can change item	97	change_item
389	Can delete item	97	delete_item
390	Can view item	97	view_item
391	Can add raw rp	98	add_rawrp
392	Can change raw rp	98	change_rawrp
393	Can delete raw rp	98	delete_rawrp
394	Can view raw rp	98	view_rawrp
395	Can add purchase	99	add_purchase
396	Can change purchase	99	change_purchase
397	Can delete purchase	99	delete_purchase
398	Can view purchase	99	view_purchase
399	Can add site	100	add_site
400	Can change site	100	change_site
401	Can delete site	100	delete_site
402	Can view site	100	view_site
403	Can add group object permission	101	add_groupobjectpermission
404	Can change group object permission	101	change_groupobjectpermission
405	Can delete group object permission	101	delete_groupobjectpermission
406	Can view group object permission	101	view_groupobjectpermission
407	Can add user object permission	102	add_userobjectpermission
408	Can change user object permission	102	change_userobjectpermission
409	Can delete user object permission	102	delete_userobjectpermission
410	Can view user object permission	102	view_userobjectpermission
411	Can add dashboard	103	add_dashboard
412	Can change dashboard	103	change_dashboard
413	Can delete dashboard	103	delete_dashboard
414	Can view dashboard	103	view_dashboard
415	Can add report	104	add_report
416	Can change report	104	change_report
417	Can delete report	104	delete_report
418	Can view report	104	view_report
\.


--
-- Data for Name: authtoken_token; Type: TABLE DATA; Schema: public; Owner: postgres
--

COPY public.authtoken_token (key, created, user_id) FROM stdin;
\.


--
-- Data for Name: dashboard_chamcongrp; Type: TABLE DATA; Schema: public; Owner: postgres
--

COPY public.dashboard_chamcongrp (id, ten, monhoc, lop, thoigian, sogio) FROM stdin;
\.


--
-- Data for Name: dashboard_dashboard; Type: TABLE DATA; Schema: public; Owner: postgres
--

COPY public.dashboard_dashboard (id, ma) FROM stdin;
\.


--
-- Data for Name: dashboard_diemdanhrp; Type: TABLE DATA; Schema: public; Owner: postgres
--

COPY public.dashboard_diemdanhrp (id, lop, monhoc, thoigian, sv, ghichu) FROM stdin;
\.


--
-- Data for Name: dashboard_hocphirp; Type: TABLE DATA; Schema: public; Owner: postgres
--

COPY public.dashboard_hocphirp (id, ten, lop, sotien) FROM stdin;
\.


--
-- Data for Name: dashboard_report; Type: TABLE DATA; Schema: public; Owner: postgres
--

COPY public.dashboard_report (id, ma) FROM stdin;
\.


--
-- Data for Name: django_admin_log; Type: TABLE DATA; Schema: public; Owner: postgres
--

COPY public.django_admin_log (id, action_time, object_id, object_repr, action_flag, change_message, content_type_id, user_id) FROM stdin;
1	2025-03-19 21:33:15.57545+07	1	Django	2	[{"changed": {"fields": ["Logo", "Max width", "Max height", "Title"]}}]	17	2
2	2025-03-19 21:37:46.247063+07	4	USWDS	2	[{"changed": {"fields": ["Active"]}}]	17	2
3	2025-03-19 21:37:46.260832+07	2	Bootstrap	2	[{"changed": {"fields": ["Active"]}}]	17	2
4	2025-03-19 21:38:33.957718+07	2	Bootstrap	2	[{"changed": {"fields": ["Logo", "Max width", "Max height", "Title"]}}]	17	2
5	2025-03-19 21:42:32.277484+07	3	heu-demo	1	[{"added": {}}]	1	2
6	2025-03-19 21:42:51.407954+07	3	heu-demo	2	[{"changed": {"fields": ["Superuser status"]}}]	1	2
7	2025-03-19 21:46:03.10566+07	3	heu-demo	2	[{"changed": {"fields": ["Staff status"]}}]	1	2
8	2025-03-19 21:46:39.955572+07	3	Foundation	2	[{"changed": {"fields": ["Active"]}}]	17	3
9	2025-03-19 21:46:39.966398+07	2	Bootstrap	2	[{"changed": {"fields": ["Active"]}}]	17	3
10	2025-03-19 21:47:32.243815+07	3	Foundation	2	[{"changed": {"fields": ["Active"]}}]	17	2
11	2025-03-19 21:47:32.256154+07	2	Bootstrap	2	[{"changed": {"fields": ["Active"]}}]	17	2
12	2025-03-19 21:49:01.350909+07	3	heu-demo	2	[{"changed": {"fields": ["Last name", "Email address"]}}]	1	3
13	2025-03-19 22:03:18.344094+07	3	heu-demo	2	[]	1	3
14	2025-03-20 10:28:27.098272+07	2	Bootstrap	2	[{"changed": {"fields": ["Visible"]}}]	17	3
15	2025-03-20 12:10:23.578296+07	2	Supervisors	1	[{"added": {}}]	20	3
16	2025-03-20 12:10:49.101253+07	3	KT	1	[{"added": {}}]	20	3
17	2025-03-20 12:11:04.141628+07	4	HR	1	[{"added": {}}]	20	3
18	2025-03-20 12:11:19.146026+07	5	CTSV	1	[{"added": {}}]	20	3
19	2025-03-20 12:12:25.632001+07	6	DT	1	[{"added": {}}]	20	3
20	2025-03-21 06:06:11.821325+07	1	Lop_permisison_1	3		20	3
21	2025-03-21 06:11:23.637206+07	3	KT	2	[{"changed": {"fields": ["Permissions"]}}]	20	3
22	2025-03-21 06:14:09.899753+07	5	CTSV	2	[{"changed": {"fields": ["Permissions"]}}]	20	3
23	2025-03-21 06:17:34.134679+07	6	DT	2	[{"changed": {"fields": ["Permissions"]}}]	20	3
24	2025-03-21 06:19:15.996001+07	4	HR	2	[{"changed": {"fields": ["Permissions"]}}]	20	3
25	2025-03-21 06:27:44.247116+07	2	Supervisors	2	[{"changed": {"fields": ["Permissions"]}}]	20	3
26	2025-03-21 06:28:36.241589+07	2	Supervisors	2	[{"changed": {"fields": ["Permissions"]}}]	20	3
27	2025-03-21 06:29:27.695648+07	2	Supervisors	2	[{"changed": {"fields": ["Permissions"]}}]	20	3
28	2025-03-21 06:30:20.66925+07	2	Supervisors	2	[{"changed": {"fields": ["Permissions"]}}]	20	3
29	2025-03-21 06:31:48.017105+07	2	Supervisors	2	[{"changed": {"fields": ["Permissions"]}}]	20	3
30	2025-03-21 08:28:15.175343+07	7	GVTG	1	[{"added": {}}]	20	3
31	2025-03-21 08:29:21.655787+07	7	GVTG	2	[{"changed": {"fields": ["Permissions"]}}]	20	3
32	2025-03-21 08:30:54.993654+07	7	GVTG	2	[{"changed": {"fields": ["Permissions"]}}]	20	3
33	2025-03-21 08:33:40.866271+07	5	CTSV	2	[{"changed": {"fields": ["Permissions"]}}]	20	3
34	2025-03-21 08:34:03.056439+07	5	CTSV	2	[]	20	3
35	2025-03-21 08:34:27.341999+07	6	DT	2	[]	20	3
36	2025-03-21 08:36:07.013003+07	7	GVTG	2	[{"changed": {"fields": ["Permissions"]}}]	20	3
37	2025-03-21 08:36:53.646967+07	6	DT	2	[{"changed": {"fields": ["Permissions"]}}]	20	3
38	2025-03-21 08:38:38.371101+07	4	HR	2	[{"changed": {"fields": ["Permissions"]}}]	20	3
39	2025-03-21 08:46:17.899643+07	7	GVCH	2	[{"changed": {"fields": ["Name"]}}]	20	3
40	2025-03-21 12:34:57.982432+07	8	Hc Vin	1	[{"added": {}}]	20	3
41	2025-03-21 12:36:45.474215+07	8	Hc Vin	2	[{"changed": {"fields": ["Permissions"]}}]	20	3
42	2025-03-21 12:37:16.343809+07	9	GVTG	1	[{"added": {}}]	20	3
43	2025-03-21 12:37:54.607619+07	9	GVTG	2	[{"changed": {"fields": ["Permissions"]}}]	20	3
44	2025-03-21 12:38:18.874257+07	9	GVTG	2	[{"changed": {"fields": ["Permissions"]}}]	20	3
45	2025-03-24 08:49:08.301129+07	4	Yn M - Hng Yn	1	[{"added": {}}]	39	3
46	2025-03-24 08:51:50.452145+07	5	Lng Ti - Bc Ninh	1	[{"added": {}}]	39	3
47	2025-03-24 08:54:54.612347+07	6	Thun Thnh - Bc Ninh	1	[{"added": {}}]	39	3
48	2025-03-24 08:57:20.747336+07	7	Gia Bnh - Bc Ninh	1	[{"added": {}}]	39	3
49	2025-03-24 08:57:55.440235+07	8	Sn H - Lai Chu	1	[{"added": {}}]	39	3
50	2025-03-24 08:58:32.667436+07	9	Tn Uyn - Lai Chu	1	[{"added": {}}]	39	3
51	2025-03-24 08:58:48.768328+07	10	TT Tnh Lai Chu	1	[{"added": {}}]	39	3
52	2025-03-24 09:02:21.957716+07	11	Than Uyn - Lai Chu	1	[{"added": {}}]	39	3
53	2025-03-24 09:03:17.880008+07	12	Th Xun - Thanh Ha	1	[{"added": {}}]	39	3
54	2025-03-24 09:03:29.507278+07	13	H Nam	1	[{"added": {}}]	39	3
55	2025-03-24 09:03:43.552236+07	14	Ph Xuyn - H Ni	1	[{"added": {}}]	39	3
56	2025-03-24 09:04:04.525068+07	15	M Linh - H Ni	1	[{"added": {}}]	39	3
57	2025-03-24 09:08:21.797844+07	16	Phong Th - Lai Chu	1	[{"added": {}}]	39	3
58	2025-03-24 09:09:15.273595+07	17	ng Anh - H Ni	1	[{"added": {}}]	39	3
59	2025-03-24 09:09:28.889655+07	18	ng Ha - H Ni	1	[{"added": {}}]	39	3
60	2025-03-24 09:09:44.459623+07	19	Thch Tht - H Ni	1	[{"added": {}}]	39	3
61	2025-03-24 14:26:35.605002+07	4	TU21PTHN	2	[{"changed": {"fields": ["M\\u00e3 L\\u1edbp", "T\\u00ean L\\u1edbp", "Trung t\\u00e2m", "Ch\\u01b0\\u01a1ng tr\\u00ecnh \\u0111\\u00e0o t\\u1ea1o"]}}]	35	3
62	2025-03-24 15:21:40.845044+07	5	K Ton Doanh Nghip	1	[{"added": {}}]	28	3
63	2025-03-24 15:22:12.586444+07	6	Marketing	1	[{"added": {}}]	28	3
64	2025-03-24 15:22:33.919171+07	7	Cng ngh thng tin	1	[{"added": {}}]	28	3
\.


--
-- Data for Name: django_content_type; Type: TABLE DATA; Schema: public; Owner: postgres
--

COPY public.django_content_type (id, app_label, model) FROM stdin;
1	info	user
2	info	assign
3	info	attendancerange
4	info	class
5	info	course
6	info	dept
7	info	student
8	info	teacher
9	info	studentcourse
10	info	historicaldept
11	info	attendanceclass
12	info	attendance
13	info	assigntime
14	info	marksclass
15	info	marks
16	info	attendancetotal
17	admin_interface	theme
18	admin	logentry
19	auth	permission
20	auth	group
21	contenttypes	contenttype
22	sessions	session
23	authtoken	token
24	authtoken	tokenproxy
25	dashboard	chamcongrp
26	dashboard	diemdanhrp
27	dashboard	hocphirp
28	sms	ctdt
29	sms	diemdanhall
30	sms	hocky
31	sms	hocphistatus
32	sms	hsgv
33	sms	hsns
34	sms	logdiem
35	sms	lop
36	sms	teacherdeptinfo
37	sms	teachersubinfo
38	sms	uploadedfile
39	sms	trungtam
40	sms	teacherinfo
41	sms	svstatus
42	sms	phong
43	sms	nganh
44	sms	monhoc
45	sms	lopmonhoc
46	sms	loaidiem
47	sms	lichhoc
48	sms	khoahoc
49	sms	hssv
50	sms	hs81
51	sms	hocphi
52	sms	historicaluploadedfile
53	sms	historicalttgv
54	sms	historicaltrungtam
55	sms	historicalsvstatus
56	sms	historicalphong
57	sms	historicalnsphong
58	sms	historicalnslop
59	sms	historicalnganh
60	sms	historicalmonhoc
61	sms	historicallopmonhoc
62	sms	historicallophk
63	sms	historicallop
64	sms	historicalloaidiem
65	sms	historicallichhoc
66	sms	historicalkhoahoc
67	sms	historicalhssv
68	sms	historicalhsns
69	sms	historicalhsgv
70	sms	historicalhs81
71	sms	historicalhp81
72	sms	historicalhocphistatus
73	sms	historicalhocphi
74	sms	historicalhocky
75	sms	historicalhedt
76	sms	historicalgvmonhoc
77	sms	historicalgvlop
78	sms	historicalgvlmh
79	sms	historicalgiayto_hs81
80	sms	historicaldiemthanhphan
81	sms	historicaldiemdanh
82	sms	historicalctdtmonhoc
83	sms	historicalctdt
84	sms	hedt
85	sms	giayto_hs81
86	sms	diemthanhphan
87	sms	ttgv
88	sms	nsphong
89	sms	nslop
90	sms	lophk
91	sms	hp81
92	sms	gvmonhoc
93	sms	gvlop
94	sms	gvlmh
95	sms	diemdanh
96	sms	ctdtmonhoc
97	shop	item
98	shop	rawrp
99	shop	purchase
100	sites	site
101	guardian	groupobjectpermission
102	guardian	userobjectpermission
103	dashboard	dashboard
104	dashboard	report
\.


--
-- Data for Name: django_migrations; Type: TABLE DATA; Schema: public; Owner: postgres
--

COPY public.django_migrations (id, app, name, applied) FROM stdin;
1	contenttypes	0001_initial	2025-03-19 21:17:01.325861+07
2	contenttypes	0002_remove_content_type_name	2025-03-19 21:17:01.347148+07
3	auth	0001_initial	2025-03-19 21:17:01.499015+07
4	auth	0002_alter_permission_name_max_length	2025-03-19 21:17:01.528531+07
5	auth	0003_alter_user_email_max_length	2025-03-19 21:17:01.542504+07
6	auth	0004_alter_user_username_opts	2025-03-19 21:17:01.558347+07
7	auth	0005_alter_user_last_login_null	2025-03-19 21:17:01.577401+07
8	auth	0006_require_contenttypes_0002	2025-03-19 21:17:01.584062+07
9	auth	0007_alter_validators_add_error_messages	2025-03-19 21:17:01.602513+07
10	auth	0008_alter_user_username_max_length	2025-03-19 21:17:01.620602+07
11	auth	0009_alter_user_last_name_max_length	2025-03-19 21:17:01.641902+07
12	auth	0010_alter_group_name_max_length	2025-03-19 21:17:01.673014+07
13	auth	0011_update_proxy_permissions	2025-03-19 21:17:01.690901+07
14	auth	0012_alter_user_first_name_max_length	2025-03-19 21:17:01.706992+07
15	info	0001_initial	2025-03-19 21:17:02.904454+07
16	admin	0001_initial	2025-03-19 21:17:03.018942+07
17	admin	0002_logentry_remove_auto_add	2025-03-19 21:17:03.04743+07
18	admin	0003_logentry_add_action_flag_choices	2025-03-19 21:17:03.084078+07
19	admin_interface	0001_initial	2025-03-19 21:17:03.113449+07
20	admin_interface	0002_add_related_modal	2025-03-19 21:17:03.175051+07
21	admin_interface	0003_add_logo_color	2025-03-19 21:17:03.197611+07
22	admin_interface	0004_rename_title_color	2025-03-19 21:17:03.207851+07
23	admin_interface	0005_add_recent_actions_visible	2025-03-19 21:17:03.220406+07
24	admin_interface	0006_bytes_to_str	2025-03-19 21:17:03.384332+07
25	admin_interface	0007_add_favicon	2025-03-19 21:17:03.39523+07
26	admin_interface	0008_change_related_modal_background_opacity_type	2025-03-19 21:17:03.411234+07
27	admin_interface	0009_add_enviroment	2025-03-19 21:17:03.429631+07
28	admin_interface	0010_add_localization	2025-03-19 21:17:03.46091+07
29	admin_interface	0011_add_environment_options	2025-03-19 21:17:03.516479+07
30	admin_interface	0012_update_verbose_names	2025-03-19 21:17:03.536052+07
31	admin_interface	0013_add_related_modal_close_button	2025-03-19 21:17:03.549893+07
32	admin_interface	0014_name_unique	2025-03-19 21:17:03.574841+07
33	admin_interface	0015_add_language_chooser_active	2025-03-19 21:17:03.589398+07
34	admin_interface	0016_add_language_chooser_display	2025-03-19 21:17:03.600017+07
35	admin_interface	0017_change_list_filter_dropdown	2025-03-19 21:17:03.609761+07
36	admin_interface	0018_theme_list_filter_sticky	2025-03-19 21:17:03.638542+07
37	admin_interface	0019_add_form_sticky	2025-03-19 21:17:03.660224+07
38	admin_interface	0020_module_selected_colors	2025-03-19 21:17:03.742683+07
39	admin_interface	0021_file_extension_validator	2025-03-19 21:17:03.761539+07
40	admin_interface	0022_add_logo_max_width_and_height	2025-03-19 21:17:03.786979+07
41	admin_interface	0023_theme_foldable_apps	2025-03-19 21:17:03.805459+07
42	admin_interface	0024_remove_theme_css	2025-03-19 21:17:03.821747+07
43	admin_interface	0025_theme_language_chooser_control	2025-03-19 21:17:03.839277+07
44	admin_interface	0026_theme_list_filter_highlight	2025-03-19 21:17:03.890314+07
45	admin_interface	0027_theme_list_filter_removal_links	2025-03-19 21:17:03.903655+07
46	admin_interface	0028_theme_show_fieldsets_as_tabs_and_more	2025-03-19 21:17:03.929623+07
47	admin_interface	0029_theme_css_generic_link_active_color	2025-03-19 21:17:03.946048+07
48	admin_interface	0030_theme_collapsible_stacked_inlines_and_more	2025-03-19 21:17:04.011635+07
49	authtoken	0001_initial	2025-03-19 21:17:04.098964+07
50	authtoken	0002_auto_20160226_1747	2025-03-19 21:17:04.223048+07
51	authtoken	0003_tokenproxy	2025-03-19 21:17:04.228313+07
52	authtoken	0004_alter_tokenproxy_options	2025-03-19 21:17:04.237441+07
53	dashboard	0001_initial	2025-03-19 21:17:04.31117+07
54	guardian	0001_initial	2025-03-19 21:17:04.532261+07
55	guardian	0002_generic_permissions_index	2025-03-19 21:17:04.582941+07
56	sessions	0001_initial	2025-03-19 21:17:04.614564+07
57	shop	0001_initial	2025-03-19 21:17:04.678703+07
58	sites	0001_initial	2025-03-19 21:17:04.699016+07
59	sites	0002_alter_domain_unique	2025-03-19 21:17:04.719139+07
60	sms	0001_initial	2025-03-19 21:17:15.288242+07
61	info	0002_alter_assign_class_id_alter_assign_course_and_more	2025-03-20 20:50:26.193899+07
62	shop	0002_alter_purchase_item	2025-03-20 20:50:26.225536+07
63	sms	0002_alter_ctdtmonhoc_ctdt_alter_ctdtmonhoc_monhoc_and_more	2025-03-20 20:50:35.436024+07
64	sms	0003_remove_historicallichhoc_lop_and_more	2025-03-21 09:57:34.991012+07
65	dashboard	0002_dashboard	2025-03-23 21:24:53.31287+07
66	dashboard	0003_report	2025-03-23 21:24:53.343256+07
\.


--
-- Data for Name: django_session; Type: TABLE DATA; Schema: public; Owner: postgres
--

COPY public.django_session (session_key, session_data, expire_date) FROM stdin;
o83125qmbaw6kjmenzldwovrrwll46nd	.eJxVjEEOwiAQRe_C2hCYQbAu3XuGZoYBqRpISrsy3l2bdKHb_977LzXSupRx7WkeJ1FnherwuzHFR6obkDvVW9Ox1WWeWG-K3mnX1ybpedndv4NCvXxrZ9CRD95jyBQ9ecNW7IlcYsgoHCAyWJsDSByCCB0ZCCOaZGnwBOr9AeQeOD8:1tuujK:rXYwjVVd-Q6puPPbdusHJHSt4h0rTdSdP3jB-hl1iwY	2025-03-19 21:54:14.836833+07
d07xu7gmj2hee3zswo6doi8wink9wy2i	.eJxVjEEOwiAQRe_C2hCYQbAu3XuGZoYBqRpISrsy3l2bdKHb_977LzXSupRx7WkeJ1FnherwuzHFR6obkDvVW9Ox1WWeWG-K3mnX1ybpedndv4NCvXxrZ9CRD95jyBQ9ecNW7IlcYsgoHCAyWJsDSByCCB0ZCCOaZGnwBOr9AeQeOD8:1tuuv8:InqIuVqp96nGVNzuL8-XvomFLnWa2xcx6sFxjQWCxsw	2025-03-19 22:06:26.181763+07
i4p4f5468zql4bn6ks5o9k2i207g0kc8	.eJxVjEEOwiAQRe_C2hCYQbAu3XuGZoYBqRpISrsy3l2bdKHb_977LzXSupRx7WkeJ1FnherwuzHFR6obkDvVW9Ox1WWeWG-K3mnX1ybpedndv4NCvXxrZ9CRD95jyBQ9ecNW7IlcYsgoHCAyWJsDSByCCB0ZCCOaZGnwBOr9AeQeOD8:1tv76d:bOF0iEP35l2OAZQFHg-tD6r6eLDJHRdUCPCbjcGWnJY	2025-03-20 11:07:07.722921+07
dj33oy3od8y4uvsqfg6x7rzqnse1kp66	.eJxVjEEOwiAQRe_C2hCYQbAu3XuGZoYBqRpISrsy3l2bdKHb_977LzXSupRx7WkeJ1FnherwuzHFR6obkDvVW9Ox1WWeWG-K3mnX1ybpedndv4NCvXxrZ9CRD95jyBQ9ecNW7IlcYsgoHCAyWJsDSByCCB0ZCCOaZGnwBOr9AeQeOD8:1tuufe:md-45RjdHzaTU8vYy83lURPy1cFnspopSF1yQmayc-U	2025-03-19 21:50:26.58796+07
u4fhhjbs0l2ofm0xphp5moqyq0ye47cw	.eJxVjEEOwiAQRe_C2hCYQbAu3XuGZoYBqRpISrsy3l2bdKHb_977LzXSupRx7WkeJ1FnherwuzHFR6obkDvVW9Ox1WWeWG-K3mnX1ybpedndv4NCvXxrZ9CRD95jyBQ9ecNW7IlcYsgoHCAyWJsDSByCCB0ZCCOaZGnwBOr9AeQeOD8:1tuuvA:t-LX09sLT5HKmZMf4r9883hUlj-AhB3Mtq8fjfgVezQ	2025-03-19 22:06:28.58189+07
ij2tj9pdxeip4452mgwgw0m7jvzr0hk3	.eJxVjEEOwiAQRe_C2hCYQbAu3XuGZoYBqRpISrsy3l2bdKHb_977LzXSupRx7WkeJ1FnherwuzHFR6obkDvVW9Ox1WWeWG-K3mnX1ybpedndv4NCvXxrZ9CRD95jyBQ9ecNW7IlcYsgoHCAyWJsDSByCCB0ZCCOaZGnwBOr9AeQeOD8:1tv6c0:_70a8WxyulkupC3YLfi2rFF9TBPU7-eycvQycQFph6I	2025-03-20 10:35:28.127887+07
5wfs09nlc46yb501onv96oog20ivqxzm	.eJxVjEEOwiAQRe_C2hCYQbAu3XuGZoYBqRpISrsy3l2bdKHb_977LzXSupRx7WkeJ1FnherwuzHFR6obkDvVW9Ox1WWeWG-K3mnX1ybpedndv4NCvXxrZ9CRD95jyBQ9ecNW7IlcYsgoHCAyWJsDSByCCB0ZCCOaZGnwBOr9AeQeOD8:1tvAIx:ENd6yDmQ6AKIlvS5AKVzap6ry-ufevEaoElUtwiuDkE	2025-03-20 14:32:03.591599+07
952w1e2btysj0lyaic0zkdcmws61ezdm	.eJxVjEsOwjAMRO-SNYpit8EJS_acobLjlBRQKvWzQtydVuoCdqN5b-ZtOl6X0q1znrpBzcWgOf12wumZ6w70wfU-2jTWZRrE7oo96Gxvo-bX9XD_DgrPZVsnh-QTesoAPYoQMreQoRF1TY-OBKgJMYiL6kNoCUEDctAtnyOT-XwBybQ24g:1tuuGU:EXfryThZEWaqt8h4nPI-gL2tS7sMp8ktJ557OCZt23w	2025-03-19 21:24:26.208746+07
9fsn58a0ctye2u5muw40xjbgs6cawac9	.eJxVjEEOwiAQRe_C2hCYQbAu3XuGZoYBqRpISrsy3l2bdKHb_977LzXSupRx7WkeJ1FnherwuzHFR6obkDvVW9Ox1WWeWG-K3mnX1ybpedndv4NCvXxrZ9CRD95jyBQ9ecNW7IlcYsgoHCAyWJsDSByCCB0ZCCOaZGnwBOr9AeQeOD8:1tv6yd:BzkogJwQVQhjfYTUgvBlc1eKDl5EFX5f1Tr0q2MA-dE	2025-03-20 10:58:51.074194+07
deg4jvf55wce0ws3igkx2jdx6tfeyel6	.eJxVjEEOwiAQRe_C2hCYQbAu3XuGZoYBqRpISrsy3l2bdKHb_977LzXSupRx7WkeJ1FnherwuzHFR6obkDvVW9Ox1WWeWG-K3mnX1ybpedndv4NCvXxrZ9CRD95jyBQ9ecNW7IlcYsgoHCAyWJsDSByCCB0ZCCOaZGnwBOr9AeQeOD8:1tuuwy:qNbrj1wrjTAiaugkBHscPnu3WOeKNfQ4oWJZYQaG1Jw	2025-03-19 22:08:20.156955+07
d6nnvd3h7228xd8oqtmld0i31x6l237p	.eJxVjEEOwiAQRe_C2hCYQbAu3XuGZoYBqRpISrsy3l2bdKHb_977LzXSupRx7WkeJ1FnherwuzHFR6obkDvVW9Ox1WWeWG-K3mnX1ybpedndv4NCvXxrZ9CRD95jyBQ9ecNW7IlcYsgoHCAyWJsDSByCCB0ZCCOaZGnwBOr9AeQeOD8:1tv6Oj:1U3PLrJJs90l09pDnbUMKDgEyRhVaJs0V_HLEnWsbOE	2025-03-20 10:21:45.281809+07
2l2r0cojskzekovbu5kjk6ui9p8w5rg8	.eJxVjEEOwiAQRe_C2hCYQbAu3XuGZoYBqRpISrsy3l2bdKHb_977LzXSupRx7WkeJ1FnherwuzHFR6obkDvVW9Ox1WWeWG-K3mnX1ybpedndv4NCvXxrZ9CRD95jyBQ9ecNW7IlcYsgoHCAyWJsDSByCCB0ZCCOaZGnwBOr9AeQeOD8:1tv6px:mHkl7CSV6HA2Fk07Jhg-5tY7tovjBDrxdz69Wxb4YFs	2025-03-20 10:49:53.511123+07
fzcdchv84k2cf2rf3dctirso2xi3cm5k	.eJxVjEsOwjAMRO-SNYpit8EJS_acobLjlBRQKvWzQtydVuoCdqN5b-ZtOl6X0q1znrpBzcWgOf12wumZ6w70wfU-2jTWZRrE7oo96Gxvo-bX9XD_DgrPZVsnh-QTesoAPYoQMreQoRF1TY-OBKgJMYiL6kNoCUEDctAtnyOT-XwBybQ24g:1tuuMS:KnOAYvjpX8C4GxlOvdFUEkAG8FOkUvRJ28huXnUAOHg	2025-03-19 21:30:36.984832+07
lxegqz5akvgceiijc5atyqtg26rp1jyr	.eJxVjEEOwiAQRe_C2hCYQbAu3XuGZoYBqRpISrsy3l2bdKHb_977LzXSupRx7WkeJ1FnherwuzHFR6obkDvVW9Ox1WWeWG-K3mnX1ybpedndv4NCvXxrZ9CRD95jyBQ9ecNW7IlcYsgoHCAyWJsDSByCCB0ZCCOaZGnwBOr9AeQeOD8:1tv7Zz:9to1akrGlyQriPE44gtZtGOZVztDYo6MXFyjrMNCz1U	2025-03-20 11:37:27.728036+07
s9mip4z6wrcc0lsa4jhqrzimvk3laole	.eJxVjEsOwjAMRO-SNYpit8EJS_acobLjlBRQKvWzQtydVuoCdqN5b-ZtOl6X0q1znrpBzcWgOf12wumZ6w70wfU-2jTWZRrE7oo96Gxvo-bX9XD_DgrPZVsnh-QTesoAPYoQMreQoRF1TY-OBKgJMYiL6kNoCUEDctAtnyOT-XwBybQ24g:1tuuhv:dz-mf1Iu6qcqLav1F4TYlpyxKBtvaDIqj-4a43nJZ7E	2025-03-19 21:52:47.81941+07
q2abyq7jpt3kcuv44x3mbevsk81c2jtd	.eJxVjEEOwiAQRe_C2hCYQbAu3XuGZoYBqRpISrsy3l2bdKHb_977LzXSupRx7WkeJ1FnherwuzHFR6obkDvVW9Ox1WWeWG-K3mnX1ybpedndv4NCvXxrZ9CRD95jyBQ9ecNW7IlcYsgoHCAyWJsDSByCCB0ZCCOaZGnwBOr9AeQeOD8:1tv3gb:ETJOyCKoDMCONe9GQucXVN5Bli_sQekgf2xYQfZ7ocs	2025-03-20 07:28:01.704018+07
3mp9sf8zclufbcn0w4sjiz9zpv2m7gfd	.eJxVjEEOwiAQRe_C2hCYQbAu3XuGZoYBqRpISrsy3l2bdKHb_977LzXSupRx7WkeJ1FnherwuzHFR6obkDvVW9Ox1WWeWG-K3mnX1ybpedndv4NCvXxrZ9CRD95jyBQ9ecNW7IlcYsgoHCAyWJsDSByCCB0ZCCOaZGnwBOr9AeQeOD8:1tv3wh:1EdQkdz8EAz3lbojR0nQoqWxUb_GFrmuS12uptbcQX4	2025-03-20 07:44:39.885035+07
7gabzdjflvli9rtqvn9cmhxl6p0wc5ts	.eJxVjEEOwiAQRe_C2hCYQbAu3XuGZoYBqRpISrsy3l2bdKHb_977LzXSupRx7WkeJ1FnherwuzHFR6obkDvVW9Ox1WWeWG-K3mnX1ybpedndv4NCvXxrZ9CRD95jyBQ9ecNW7IlcYsgoHCAyWJsDSByCCB0ZCCOaZGnwBOr9AeQeOD8:1tv6io:553-8gEdvo8jTCQs-jxZtExcWU-5y0tYExJ0hdlGVUs	2025-03-20 10:42:30.785163+07
mxcy9crg7uwtn1cxpqxg8s5hgd1co6x0	.eJxVjEEOwiAQRe_C2hCYQbAu3XuGZoYBqRpISrsy3l2bdKHb_977LzXSupRx7WkeJ1FnherwuzHFR6obkDvVW9Ox1WWeWG-K3mnX1ybpedndv4NCvXxrZ9CRD95jyBQ9ecNW7IlcYsgoHCAyWJsDSByCCB0ZCCOaZGnwBOr9AeQeOD8:1tv6a3:FDhs2Kmg1gTZ12r8ucweFSc1Bc2I-eovyV3sOpZqtHg	2025-03-20 10:33:27.828964+07
9xvupcz3seivc3igkvj8p5z46vfqjc1b	.eJxVjEEOwiAQRe_C2hCYQbAu3XuGZoYBqRpISrsy3l2bdKHb_977LzXSupRx7WkeJ1FnherwuzHFR6obkDvVW9Ox1WWeWG-K3mnX1ybpedndv4NCvXxrZ9CRD95jyBQ9ecNW7IlcYsgoHCAyWJsDSByCCB0ZCCOaZGnwBOr9AeQeOD8:1tv6Tk:VkMxSOOzdyQmeuIY6QMHrwFr5ZkP6nyyEpnn39FG58U	2025-03-20 10:26:56.731821+07
rr9ho4vpxzjmtbl8lfn11liw7lokn7g5	.eJxVjEEOwiAQRe_C2hCYQbAu3XuGZoYBqRpISrsy3l2bdKHb_977LzXSupRx7WkeJ1FnherwuzHFR6obkDvVW9Ox1WWeWG-K3mnX1ybpedndv4NCvXxrZ9CRD95jyBQ9ecNW7IlcYsgoHCAyWJsDSByCCB0ZCCOaZGnwBOr9AeQeOD8:1tv74X:NUPRMSM0YNMqGkVJqPnhLXe7Xs4TWG5jO7QV9VXdSPI	2025-03-20 11:04:57.237409+07
r2fc5xrtaozypp3cthnehnapx961om03	.eJxVjEEOwiAQRe_C2hCYQbAu3XuGZoYBqRpISrsy3l2bdKHb_977LzXSupRx7WkeJ1FnherwuzHFR6obkDvVW9Ox1WWeWG-K3mnX1ybpedndv4NCvXxrZ9CRD95jyBQ9ecNW7IlcYsgoHCAyWJsDSByCCB0ZCCOaZGnwBOr9AeQeOD8:1tv3wu:mc20DCLRzOx6btEkWSVtw-Ufr1Ras06yMqll_B4bP6E	2025-03-20 07:44:52.560255+07
vw730g7ej65idz8yb5ut96rphv1i66ms	.eJxVjEEOwiAQRe_C2hCYQbAu3XuGZoYBqRpISrsy3l2bdKHb_977LzXSupRx7WkeJ1FnherwuzHFR6obkDvVW9Ox1WWeWG-K3mnX1ybpedndv4NCvXxrZ9CRD95jyBQ9ecNW7IlcYsgoHCAyWJsDSByCCB0ZCCOaZGnwBOr9AeQeOD8:1tv7EA:wJeIPmGYS9_v3Z904Uuf6J4qf4dec9MD8b4G3nd38nY	2025-03-20 11:14:54.681799+07
zfqja4inxze26x8vj7in882apotopxu3	.eJxVjEEOwiAQRe_C2hCYQbAu3XuGZoYBqRpISrsy3l2bdKHb_977LzXSupRx7WkeJ1FnherwuzHFR6obkDvVW9Ox1WWeWG-K3mnX1ybpedndv4NCvXxrZ9CRD95jyBQ9ecNW7IlcYsgoHCAyWJsDSByCCB0ZCCOaZGnwBOr9AeQeOD8:1tv75Z:O9JfvDBVyUGpsiWDypVir5apGIX-8qKuIeCuo60SXrU	2025-03-20 11:06:01.198902+07
s5cjcrcscbjo8hv9sdymy5d48vgo5det	.eJxVjEEOwiAQRe_C2hCYQbAu3XuGZoYBqRpISrsy3l2bdKHb_977LzXSupRx7WkeJ1FnherwuzHFR6obkDvVW9Ox1WWeWG-K3mnX1ybpedndv4NCvXxrZ9CRD95jyBQ9ecNW7IlcYsgoHCAyWJsDSByCCB0ZCCOaZGnwBOr9AeQeOD8:1tv7FZ:LJqiSee3Uoi58LlEOpRGTjx4RlgDzxRrojh6tpfNPt8	2025-03-20 11:16:21.785796+07
v89x4v56byjb687e9dr90ejqcr6u1v0r	.eJxVjEEOwiAQRe_C2hCYQbAu3XuGZoYBqRpISrsy3l2bdKHb_977LzXSupRx7WkeJ1FnherwuzHFR6obkDvVW9Ox1WWeWG-K3mnX1ybpedndv4NCvXxrZ9CRD95jyBQ9ecNW7IlcYsgoHCAyWJsDSByCCB0ZCCOaZGnwBOr9AeQeOD8:1tv7Fv:E5DKtTuIuOYZdWv5WTJeyRLRwNMllcIV7tCXIsyc_YI	2025-03-20 11:16:43.077096+07
0aktcef323ep67ur2dqmqh9ga9qgdunh	.eJxVjEEOwiAQRe_C2hCYQbAu3XuGZoYBqRpISrsy3l2bdKHb_977LzXSupRx7WkeJ1FnherwuzHFR6obkDvVW9Ox1WWeWG-K3mnX1ybpedndv4NCvXxrZ9CRD95jyBQ9ecNW7IlcYsgoHCAyWJsDSByCCB0ZCCOaZGnwBOr9AeQeOD8:1tvEe8:0ptM4P74OFKlOnHQ5BdhcKae4TTkHeXr8QBDQxJMV_s	2025-03-20 19:10:12.812699+07
h1adfd5jwd4q4xbxafllm0okynxb12i5	.eJxVjEEOwiAQRe_C2hCYQbAu3XuGZoYBqRpISrsy3l2bdKHb_977LzXSupRx7WkeJ1FnherwuzHFR6obkDvVW9Ox1WWeWG-K3mnX1ybpedndv4NCvXxrZ9CRD95jyBQ9ecNW7IlcYsgoHCAyWJsDSByCCB0ZCCOaZGnwBOr9AeQeOD8:1tvo98:NjIrZ4lPgNA914Y2_4Es9IXANDcBYAVu3fqzqIziLXU	2025-03-22 09:04:34.354293+07
dazulmwjpt06mtqmlj24jx3rb7y52f70	.eJxVjEEOwiAQRe_C2hCYQbAu3XuGZoYBqRpISrsy3l2bdKHb_977LzXSupRx7WkeJ1FnherwuzHFR6obkDvVW9Ox1WWeWG-K3mnX1ybpedndv4NCvXxrZ9CRD95jyBQ9ecNW7IlcYsgoHCAyWJsDSByCCB0ZCCOaZGnwBOr9AeQeOD8:1tvAKX:1A-kSqKtmImR7w1fstma8kYpHEAVNqifXRN4Fsn98S0	2025-03-20 14:33:41.150794+07
t6ufvj2t0yw5uzxsg5xnh3r7g2pag2yd	.eJxVjEEOwiAQRe_C2hCYQbAu3XuGZoYBqRpISrsy3l2bdKHb_977LzXSupRx7WkeJ1FnherwuzHFR6obkDvVW9Ox1WWeWG-K3mnX1ybpedndv4NCvXxrZ9CRD95jyBQ9ecNW7IlcYsgoHCAyWJsDSByCCB0ZCCOaZGnwBOr9AeQeOD8:1tvAth:Twve7C8X4gGK_JDFeC2LRRk9Rm1X4a2QyzX8-dnQ7ZU	2025-03-20 15:10:01.907207+07
xl59llonpc2iglmkjeubkaat3vvfk1ec	.eJxVjEEOwiAQRe_C2hCYQbAu3XuGZoYBqRpISrsy3l2bdKHb_977LzXSupRx7WkeJ1FnherwuzHFR6obkDvVW9Ox1WWeWG-K3mnX1ybpedndv4NCvXxrZ9CRD95jyBQ9ecNW7IlcYsgoHCAyWJsDSByCCB0ZCCOaZGnwBOr9AeQeOD8:1tv7cH:FBppZFDyRd4ynQz7vVidJMeCBzfHnf4w7eKG9HbhULw	2025-03-20 11:39:49.815026+07
iyu7yui2clyqgabywoake8w87tgfu9r1	.eJxVjEEOwiAQRe_C2hCYQbAu3XuGZoYBqRpISrsy3l2bdKHb_977LzXSupRx7WkeJ1FnherwuzHFR6obkDvVW9Ox1WWeWG-K3mnX1ybpedndv4NCvXxrZ9CRD95jyBQ9ecNW7IlcYsgoHCAyWJsDSByCCB0ZCCOaZGnwBOr9AeQeOD8:1tvB7Q:y3KQXbC6V4YBn0IL3_54OAaR3mYSohZ3RKda14SIe68	2025-03-20 15:24:12.070106+07
qkzb5k20x58bry6vz7vhsrb5wqc2mc0x	.eJxVjEEOwiAQRe_C2hCYQbAu3XuGZoYBqRpISrsy3l2bdKHb_977LzXSupRx7WkeJ1FnherwuzHFR6obkDvVW9Ox1WWeWG-K3mnX1ybpedndv4NCvXxrZ9CRD95jyBQ9ecNW7IlcYsgoHCAyWJsDSByCCB0ZCCOaZGnwBOr9AeQeOD8:1tv7Zq:RpGVO3C3sW9TxL1lRwNj8BN58mTfSJhRupdf_pC8HdA	2025-03-20 11:37:18.412569+07
gp7lg8kdc42d7k4m17sts7bmlnniie1b	.eJxVjEEOwiAQRe_C2hCYQbAu3XuGZoYBqRpISrsy3l2bdKHb_977LzXSupRx7WkeJ1FnherwuzHFR6obkDvVW9Ox1WWeWG-K3mnX1ybpedndv4NCvXxrZ9CRD95jyBQ9ecNW7IlcYsgoHCAyWJsDSByCCB0ZCCOaZGnwBOr9AeQeOD8:1tv7fl:wSrDGa8bLT4EfzPcNdSvPRYQdkF4yYIFyN_Fe48E0YU	2025-03-20 11:43:25.625542+07
ui7ke0f5o939xdetpg1oy1tvgwctoyc9	.eJxVjEEOwiAQRe_C2hCYQbAu3XuGZoYBqRpISrsy3l2bdKHb_977LzXSupRx7WkeJ1FnherwuzHFR6obkDvVW9Ox1WWeWG-K3mnX1ybpedndv4NCvXxrZ9CRD95jyBQ9ecNW7IlcYsgoHCAyWJsDSByCCB0ZCCOaZGnwBOr9AeQeOD8:1tv7uD:ksk-HvbS3UCc7rK9ECTRhDzopUPmT-YbKTgZSccbQQQ	2025-03-20 11:58:21.208291+07
r3xuahsbowkgemimnbnweex2afjooane	.eJxVjEEOwiAQRe_C2hCYQbAu3XuGZoYBqRpISrsy3l2bdKHb_977LzXSupRx7WkeJ1FnherwuzHFR6obkDvVW9Ox1WWeWG-K3mnX1ybpedndv4NCvXxrZ9CRD95jyBQ9ecNW7IlcYsgoHCAyWJsDSByCCB0ZCCOaZGnwBOr9AeQeOD8:1tv7TX:3CO2EZ6oYMtDnP2T6HcTUZuaqAajF-9SmRELtBGpLso	2025-03-20 11:30:47.687093+07
qj71dbj6nc7hc0deur1jm0vw9a7797yq	.eJxVjEEOwiAQRe_C2hCYQbAu3XuGZoYBqRpISrsy3l2bdKHb_977LzXSupRx7WkeJ1FnherwuzHFR6obkDvVW9Ox1WWeWG-K3mnX1ybpedndv4NCvXxrZ9CRD95jyBQ9ecNW7IlcYsgoHCAyWJsDSByCCB0ZCCOaZGnwBOr9AeQeOD8:1tvEeL:jx3QRMc16MbWFRub_YqqXVfeHeeY3EL89TgggGXI1lM	2025-03-20 19:10:25.305144+07
5oyw3ipgzdau6fv99x2evxvrr7fo0d58	.eJxVjEEOwiAQRe_C2hCYQbAu3XuGZoYBqRpISrsy3l2bdKHb_977LzXSupRx7WkeJ1FnherwuzHFR6obkDvVW9Ox1WWeWG-K3mnX1ybpedndv4NCvXxrZ9CRD95jyBQ9ecNW7IlcYsgoHCAyWJsDSByCCB0ZCCOaZGnwBOr9AeQeOD8:1tv82q:ADSAIDzBjEkGtXGxseMMhb0ccHlW61YNTOlQVUH3Nkg	2025-03-20 12:07:16.060378+07
6c9pejnn2wm09tkk6vokuh00upa885yw	.eJxVjEEOwiAQRe_C2hCYQbAu3XuGZoYBqRpISrsy3l2bdKHb_977LzXSupRx7WkeJ1FnherwuzHFR6obkDvVW9Ox1WWeWG-K3mnX1ybpedndv4NCvXxrZ9CRD95jyBQ9ecNW7IlcYsgoHCAyWJsDSByCCB0ZCCOaZGnwBOr9AeQeOD8:1tvBA6:kSH-ScmeZsu2l403__wFH2L0KEa7oGwOJ2llLqzV_zA	2025-03-20 15:26:58.84684+07
0ec6tuk6ny4iqekqnbvnqd8o26kwhgzy	.eJxVjEEOwiAQRe_C2hCYQbAu3XuGZoYBqRpISrsy3l2bdKHb_977LzXSupRx7WkeJ1FnherwuzHFR6obkDvVW9Ox1WWeWG-K3mnX1ybpedndv4NCvXxrZ9CRD95jyBQ9ecNW7IlcYsgoHCAyWJsDSByCCB0ZCCOaZGnwBOr9AeQeOD8:1tvBB0:ICJCVpj4aEHKJv-zqRPqx3sUKJdvPeTWULj_MMXLlVU	2025-03-20 15:27:54.768795+07
z9ab3ahvhdkb3jub238kn6umpocxbwxv	.eJxVjEEOwiAQRe_C2hCYQbAu3XuGZoYBqRpISrsy3l2bdKHb_977LzXSupRx7WkeJ1FnherwuzHFR6obkDvVW9Ox1WWeWG-K3mnX1ybpedndv4NCvXxrZ9CRD95jyBQ9ecNW7IlcYsgoHCAyWJsDSByCCB0ZCCOaZGnwBOr9AeQeOD8:1tvPBp:Sg4CEFjRI-OsvoMPqFyW_UNTO457RLv_1NXgBiTwYJU	2025-03-21 06:25:41.883935+07
6ivas6hpil4garocchxpgbzebfxv950m	.eJxVjEEOwiAQRe_C2hCYQbAu3XuGZoYBqRpISrsy3l2bdKHb_977LzXSupRx7WkeJ1FnherwuzHFR6obkDvVW9Ox1WWeWG-K3mnX1ybpedndv4NCvXxrZ9CRD95jyBQ9ecNW7IlcYsgoHCAyWJsDSByCCB0ZCCOaZGnwBOr9AeQeOD8:1tvGCJ:PQ6odKfRaz_qV7dPNhYvwYQcbeyp2n_PAbybCR2YyXY	2025-03-20 20:49:35.510487+07
kkmlh2uf9mi2xo9i8dsdbi1qthk499qx	.eJxVjEEOwiAQRe_C2hCYQbAu3XuGZoYBqRpISrsy3l2bdKHb_977LzXSupRx7WkeJ1FnherwuzHFR6obkDvVW9Ox1WWeWG-K3mnX1ybpedndv4NCvXxrZ9CRD95jyBQ9ecNW7IlcYsgoHCAyWJsDSByCCB0ZCCOaZGnwBOr9AeQeOD8:1tv8F7:olRgj8rWorVn0_fixtAU9VxUyPuTl0vdclmOxdFHPRY	2025-03-20 12:19:57.214347+07
z9cbj49sw9n1aaofusr2f58t3sddu8r0	.eJxVjEEOwiAQRe_C2hCYQbAu3XuGZoYBqRpISrsy3l2bdKHb_977LzXSupRx7WkeJ1FnherwuzHFR6obkDvVW9Ox1WWeWG-K3mnX1ybpedndv4NCvXxrZ9CRD95jyBQ9ecNW7IlcYsgoHCAyWJsDSByCCB0ZCCOaZGnwBOr9AeQeOD8:1tvBJN:mzwtHuY7J9pyyfD1C67wypFSTYy1jfyObZN8b-s9JeA	2025-03-20 15:36:33.5347+07
8g13uvfwjz34d96nycot1aglurz8c6b2	.eJxVjEEOwiAQRe_C2hCYQbAu3XuGZoYBqRpISrsy3l2bdKHb_977LzXSupRx7WkeJ1FnherwuzHFR6obkDvVW9Ox1WWeWG-K3mnX1ybpedndv4NCvXxrZ9CRD95jyBQ9ecNW7IlcYsgoHCAyWJsDSByCCB0ZCCOaZGnwBOr9AeQeOD8:1tvEYK:jm_S4b1DWjdozJunkT_HS0TP2aScHYJemn0ay02gYiM	2025-03-20 19:04:12.377205+07
1czhi7tz929wpwzk915vs1ovd5a9pj70	.eJxVjEEOwiAQRe_C2hCYQbAu3XuGZoYBqRpISrsy3l2bdKHb_977LzXSupRx7WkeJ1FnherwuzHFR6obkDvVW9Ox1WWeWG-K3mnX1ybpedndv4NCvXxrZ9CRD95jyBQ9ecNW7IlcYsgoHCAyWJsDSByCCB0ZCCOaZGnwBOr9AeQeOD8:1tvAJ7:LqVT_OJjO-IqLTvOdaL1VXXrDJpzNwEHnBwKlpgfzdg	2025-03-20 14:32:13.73323+07
eqvwmohmyc60k30z0oncj2q3z9fesiay	.eJxVjEEOwiAQRe_C2hCYQbAu3XuGZoYBqRpISrsy3l2bdKHb_977LzXSupRx7WkeJ1FnherwuzHFR6obkDvVW9Ox1WWeWG-K3mnX1ybpedndv4NCvXxrZ9CRD95jyBQ9ecNW7IlcYsgoHCAyWJsDSByCCB0ZCCOaZGnwBOr9AeQeOD8:1tvPMp:EnhDI2z-V2XcTmfJabQuxTXTdHvPPyd7hE9wkrzuB6I	2025-03-21 06:37:03.467912+07
zh5rk3bm0ezx0b8xsre04zfbmv1qltxy	.eJxVjEEOwiAQRe_C2hCYQbAu3XuGZoYBqRpISrsy3l2bdKHb_977LzXSupRx7WkeJ1FnherwuzHFR6obkDvVW9Ox1WWeWG-K3mnX1ybpedndv4NCvXxrZ9CRD95jyBQ9ecNW7IlcYsgoHCAyWJsDSByCCB0ZCCOaZGnwBOr9AeQeOD8:1tvGNm:hmJyiJnaRwjB-T63rFfuOdPcWkLi-PZOn0FbsSjIFQg	2025-03-20 21:01:26.543641+07
pl5ytfbztgoz6rinx1zkx94wakhk6vy9	.eJxVjEEOwiAQRe_C2hCYQbAu3XuGZoYBqRpISrsy3l2bdKHb_977LzXSupRx7WkeJ1FnherwuzHFR6obkDvVW9Ox1WWeWG-K3mnX1ybpedndv4NCvXxrZ9CRD95jyBQ9ecNW7IlcYsgoHCAyWJsDSByCCB0ZCCOaZGnwBOr9AeQeOD8:1tvObH:fsVhGshIxHw9iBMcek9QeeibnRj-mH_N45RS4IuQXuY	2025-03-21 05:47:55.334139+07
wwkudnbjfwwb03zwcrkfnj915ubl15nb	.eJxVjEEOwiAQRe_C2hCYQbAu3XuGZoYBqRpISrsy3l2bdKHb_977LzXSupRx7WkeJ1FnherwuzHFR6obkDvVW9Ox1WWeWG-K3mnX1ybpedndv4NCvXxrZ9CRD95jyBQ9ecNW7IlcYsgoHCAyWJsDSByCCB0ZCCOaZGnwBOr9AeQeOD8:1tvEYl:FfNUoz68uEExyEVwTMiQuuMWLc63GrNB2-hwYLm3FuA	2025-03-20 19:04:39.898899+07
j1f9mvx6wzcst872o27ydlyyp2jdv6z7	.eJxVjEEOwiAQRe_C2hCYQbAu3XuGZoYBqRpISrsy3l2bdKHb_977LzXSupRx7WkeJ1FnherwuzHFR6obkDvVW9Ox1WWeWG-K3mnX1ybpedndv4NCvXxrZ9CRD95jyBQ9ecNW7IlcYsgoHCAyWJsDSByCCB0ZCCOaZGnwBOr9AeQeOD8:1tvQx2:SNpEuaGcBtJ3o_8vuIkkCCZDY1a2e7uDzf3lBeFSkiw	2025-03-21 08:18:32.875761+07
a7y3rlsa0jd9lvhel95dgrwxqv5byunq	.eJxVjEEOwiAQRe_C2hCYQbAu3XuGZoYBqRpISrsy3l2bdKHb_977LzXSupRx7WkeJ1FnherwuzHFR6obkDvVW9Ox1WWeWG-K3mnX1ybpedndv4NCvXxrZ9CRD95jyBQ9ecNW7IlcYsgoHCAyWJsDSByCCB0ZCCOaZGnwBOr9AeQeOD8:1tvYqM:be-zX78h-ROBf_ixG10ZezZAXm-QOo7jYI2WCDWR5H4	2025-03-21 16:44:10.150231+07
q7s366j92getlw3m9kr47u9a958x7n8j	.eJxVjEEOwiAQRe_C2hCYQbAu3XuGZoYBqRpISrsy3l2bdKHb_977LzXSupRx7WkeJ1FnherwuzHFR6obkDvVW9Ox1WWeWG-K3mnX1ybpedndv4NCvXxrZ9CRD95jyBQ9ecNW7IlcYsgoHCAyWJsDSByCCB0ZCCOaZGnwBOr9AeQeOD8:1tvnh0:TM3aue9tWDHn0fzklJdibRd5O5biJeT95D6Pz-LWPhw	2025-03-22 08:35:30.107379+07
0qqx4ybsod3odpy27rxtblzaevdg0r5t	.eJxVjEEOwiAQRe_C2hCYQbAu3XuGZoYBqRpISrsy3l2bdKHb_977LzXSupRx7WkeJ1FnherwuzHFR6obkDvVW9Ox1WWeWG-K3mnX1ybpedndv4NCvXxrZ9CRD95jyBQ9ecNW7IlcYsgoHCAyWJsDSByCCB0ZCCOaZGnwBOr9AeQeOD8:1tvp65:ZZpkgnYtL7LW5MNi76PnPIu4nvxAVK7GCas7lym3JOU	2025-03-22 10:05:29.173656+07
zjkuwceoirnlfm17wy2vt31o1118uvug	.eJxVjEEOwiAQRe_C2hCYQbAu3XuGZoYBqRpISrsy3l2bdKHb_977LzXSupRx7WkeJ1FnherwuzHFR6obkDvVW9Ox1WWeWG-K3mnX1ybpedndv4NCvXxrZ9CRD95jyBQ9ecNW7IlcYsgoHCAyWJsDSByCCB0ZCCOaZGnwBOr9AeQeOD8:1tvVnP:xpTl4DiN3yRI4AfbaQ55QaTju3Ace3s4_BAiliMRHVk	2025-03-21 13:28:55.726885+07
qj06i9t3x05lcurxpu8gjswp5j0zqjzb	.eJxVjEEOwiAQRe_C2hCYQbAu3XuGZoYBqRpISrsy3l2bdKHb_977LzXSupRx7WkeJ1FnherwuzHFR6obkDvVW9Ox1WWeWG-K3mnX1ybpedndv4NCvXxrZ9CRD95jyBQ9ecNW7IlcYsgoHCAyWJsDSByCCB0ZCCOaZGnwBOr9AeQeOD8:1tvaUV:OWyfV0GTPVT5Xzbj86yUaBOALr0yEezOgKu56un8AL4	2025-03-21 18:29:43.804816+07
mhgrk9eh9phkzaevn44n7rsxd66d7szp	.eJxVjEEOwiAQRe_C2hCYQbAu3XuGZoYBqRpISrsy3l2bdKHb_977LzXSupRx7WkeJ1FnherwuzHFR6obkDvVW9Ox1WWeWG-K3mnX1ybpedndv4NCvXxrZ9CRD95jyBQ9ecNW7IlcYsgoHCAyWJsDSByCCB0ZCCOaZGnwBOr9AeQeOD8:1tvSvU:aslvdmO1X-99uX6falkQnNUai6FYOIEXJXQd8BkSnWU	2025-03-21 10:25:04.900782+07
0idf5v75jljkf8311ao9wz4g2vvedtq1	.eJxVjEEOwiAQRe_C2hCYQbAu3XuGZoYBqRpISrsy3l2bdKHb_977LzXSupRx7WkeJ1FnherwuzHFR6obkDvVW9Ox1WWeWG-K3mnX1ybpedndv4NCvXxrZ9CRD95jyBQ9ecNW7IlcYsgoHCAyWJsDSByCCB0ZCCOaZGnwBOr9AeQeOD8:1tvSwA:dRJjm-sYLNxIdaDJU1EMwk2tXC_Cb1bRvmJ8w2zIpww	2025-03-21 10:25:46.72109+07
fmfzh3y9nj0b6dmqzm1lwgr40392skmb	.eJxVjEEOwiAQRe_C2hCYQbAu3XuGZoYBqRpISrsy3l2bdKHb_977LzXSupRx7WkeJ1FnherwuzHFR6obkDvVW9Ox1WWeWG-K3mnX1ybpedndv4NCvXxrZ9CRD95jyBQ9ecNW7IlcYsgoHCAyWJsDSByCCB0ZCCOaZGnwBOr9AeQeOD8:1tvSwH:z5saPZIl4yAHDGiHc6qCaih_LkSJd6hL5YSxv-YoOaE	2025-03-21 10:25:53.168641+07
97np08scogw47jc59wqfjfb88uednyu4	.eJxVjEEOwiAQRe_C2hCYQbAu3XuGZoYBqRpISrsy3l2bdKHb_977LzXSupRx7WkeJ1FnherwuzHFR6obkDvVW9Ox1WWeWG-K3mnX1ybpedndv4NCvXxrZ9CRD95jyBQ9ecNW7IlcYsgoHCAyWJsDSByCCB0ZCCOaZGnwBOr9AeQeOD8:1tvnp3:C6qiKZa2ch11BQH1iUsIeUYLX3uL9XsiiP4v83F2bB8	2025-03-22 08:43:49.602706+07
ek8flkswksu2onfoah29py6ub0qvcjbm	.eJxVjEEOwiAQRe_C2hCYQbAu3XuGZoYBqRpISrsy3l2bdKHb_977LzXSupRx7WkeJ1FnherwuzHFR6obkDvVW9Ox1WWeWG-K3mnX1ybpedndv4NCvXxrZ9CRD95jyBQ9ecNW7IlcYsgoHCAyWJsDSByCCB0ZCCOaZGnwBOr9AeQeOD8:1tvSJh:MvoY14IBAgOHxVk1QKJX_5-JE1rLHnXUClJq8nazaSw	2025-03-21 09:46:01.808377+07
d5dckl04tj9m0qjc4jvo2kkj854k9zfi	.eJxVjEEOwiAQRe_C2hCYQbAu3XuGZoYBqRpISrsy3l2bdKHb_977LzXSupRx7WkeJ1FnherwuzHFR6obkDvVW9Ox1WWeWG-K3mnX1ybpedndv4NCvXxrZ9CRD95jyBQ9ecNW7IlcYsgoHCAyWJsDSByCCB0ZCCOaZGnwBOr9AeQeOD8:1tvRWK:NgWvCa7MmFhaSD47Lt8DFUv_XDLVlGB4YekTxJFGek8	2025-03-21 08:55:00.603662+07
h5aryou93wn8aarumedoagdgmydbseip	.eJxVjEEOwiAQRe_C2hCYQbAu3XuGZoYBqRpISrsy3l2bdKHb_977LzXSupRx7WkeJ1FnherwuzHFR6obkDvVW9Ox1WWeWG-K3mnX1ybpedndv4NCvXxrZ9CRD95jyBQ9ecNW7IlcYsgoHCAyWJsDSByCCB0ZCCOaZGnwBOr9AeQeOD8:1tvSNN:aOsn89ZnKUeIwnkBS0vW1pUys_GPvbUXztY17IH9fdQ	2025-03-21 09:49:49.410464+07
ckl9x28xg4ceig6v7sqcrqw4ihahpgue	.eJxVjEEOwiAQRe_C2hCYQbAu3XuGZoYBqRpISrsy3l2bdKHb_977LzXSupRx7WkeJ1FnherwuzHFR6obkDvVW9Ox1WWeWG-K3mnX1ybpedndv4NCvXxrZ9CRD95jyBQ9ecNW7IlcYsgoHCAyWJsDSByCCB0ZCCOaZGnwBOr9AeQeOD8:1tvSWL:8K3eEz5wTzp7oi6wim0DIIr9ot9DPGlPHOH6vJ_77ts	2025-03-21 09:59:05.976776+07
m4vavbhczq29u9056634h1bbg3v6o0kr	.eJxVjEEOwiAQRe_C2hCYQbAu3XuGZoYBqRpISrsy3l2bdKHb_977LzXSupRx7WkeJ1FnherwuzHFR6obkDvVW9Ox1WWeWG-K3mnX1ybpedndv4NCvXxrZ9CRD95jyBQ9ecNW7IlcYsgoHCAyWJsDSByCCB0ZCCOaZGnwBOr9AeQeOD8:1tvRhO:XsxRwckxGTaW8wITGYLoz2kWCvRmCygW0taEqgLwIu4	2025-03-21 09:06:26.050881+07
odon0g2htom43pfbaqcssh68djjw04iq	.eJxVjEEOwiAQRe_C2hCYQbAu3XuGZoYBqRpISrsy3l2bdKHb_977LzXSupRx7WkeJ1FnherwuzHFR6obkDvVW9Ox1WWeWG-K3mnX1ybpedndv4NCvXxrZ9CRD95jyBQ9ecNW7IlcYsgoHCAyWJsDSByCCB0ZCCOaZGnwBOr9AeQeOD8:1tvXHo:FVhGaZbxxG0Up3xaOgI5FH4JxTGSqNPZd9l0xlXKDds	2025-03-21 15:04:24.967537+07
bkstb1xo2h6ok6afvhufvztboaslcr2f	.eJxVjEEOwiAQRe_C2hCYQbAu3XuGZoYBqRpISrsy3l2bdKHb_977LzXSupRx7WkeJ1FnherwuzHFR6obkDvVW9Ox1WWeWG-K3mnX1ybpedndv4NCvXxrZ9CRD95jyBQ9ecNW7IlcYsgoHCAyWJsDSByCCB0ZCCOaZGnwBOr9AeQeOD8:1tvnsJ:VFHIbwSUZ_4yWe89WWDSfADDtAzNr6c5C5RFHIThu74	2025-03-22 08:47:11.804454+07
6j37g5m95czzi71pug9fmaf3hbb46x48	.eJxVjEEOwiAQRe_C2hCYQbAu3XuGZoYBqRpISrsy3l2bdKHb_977LzXSupRx7WkeJ1FnherwuzHFR6obkDvVW9Ox1WWeWG-K3mnX1ybpedndv4NCvXxrZ9CRD95jyBQ9ecNW7IlcYsgoHCAyWJsDSByCCB0ZCCOaZGnwBOr9AeQeOD8:1tvavJ:aWUJwevyinoyyaMmwX-aj_oLi-7v2Otys8uEdQ8zyCU	2025-03-21 18:57:25.789301+07
2he2rfkvpurogi6kpd25vyucd7rsh4ee	.eJxVjEEOwiAQRe_C2hCYQbAu3XuGZoYBqRpISrsy3l2bdKHb_977LzXSupRx7WkeJ1FnherwuzHFR6obkDvVW9Ox1WWeWG-K3mnX1ybpedndv4NCvXxrZ9CRD95jyBQ9ecNW7IlcYsgoHCAyWJsDSByCCB0ZCCOaZGnwBOr9AeQeOD8:1tvXQA:Usvl7Z4K5g3n6lmUzQpccFbST9EIRBW2ulzNcz0jDTs	2025-03-21 15:13:02.611687+07
r24z54nql9r190x6j5vk5z2g3h0ktb8s	.eJxVjEEOwiAQRe_C2hCYQbAu3XuGZoYBqRpISrsy3l2bdKHb_977LzXSupRx7WkeJ1FnherwuzHFR6obkDvVW9Ox1WWeWG-K3mnX1ybpedndv4NCvXxrZ9CRD95jyBQ9ecNW7IlcYsgoHCAyWJsDSByCCB0ZCCOaZGnwBOr9AeQeOD8:1tvRuC:3bZ1MKk65KZCP7M3FG6UAVqSggiLDv91UBIREVkKVGo	2025-03-21 09:19:40.931575+07
98pnb8kjngbckdhtjlnp53xfltvckmjf	.eJxVjEEOwiAQRe_C2hCYQbAu3XuGZoYBqRpISrsy3l2bdKHb_977LzXSupRx7WkeJ1FnherwuzHFR6obkDvVW9Ox1WWeWG-K3mnX1ybpedndv4NCvXxrZ9CRD95jyBQ9ecNW7IlcYsgoHCAyWJsDSByCCB0ZCCOaZGnwBOr9AeQeOD8:1tvXT9:IdK9DeLhpRFdOsIDarOVm0WfH__DWEvs89wMffU-LD4	2025-03-21 15:16:07.950771+07
qwf19wmr3yik4tv2h7p4tf0e02wm3css	.eJxVjEEOwiAQRe_C2hCYQbAu3XuGZoYBqRpISrsy3l2bdKHb_977LzXSupRx7WkeJ1FnherwuzHFR6obkDvVW9Ox1WWeWG-K3mnX1ybpedndv4NCvXxrZ9CRD95jyBQ9ecNW7IlcYsgoHCAyWJsDSByCCB0ZCCOaZGnwBOr9AeQeOD8:1tvV6l:yvS_Fb1z1RT-vuPgNvsEaKh5YxDMjf38W-3EvcklSV8	2025-03-21 12:44:51.402291+07
gx2c9kunv0moxs6dwzd6sg5p9ls7ipcl	.eJxVjEEOwiAQRe_C2hCYQbAu3XuGZoYBqRpISrsy3l2bdKHb_977LzXSupRx7WkeJ1FnherwuzHFR6obkDvVW9Ox1WWeWG-K3mnX1ybpedndv4NCvXxrZ9CRD95jyBQ9ecNW7IlcYsgoHCAyWJsDSByCCB0ZCCOaZGnwBOr9AeQeOD8:1tvVb3:U7cyTh4Q3ln-hZ_D9aWl-Vy1jQSVOacZV4DGdiXJCR0	2025-03-21 13:16:09.322849+07
a46jxgmeb3n2tu9w67ephrfiua4crbdi	.eJxVjEEOwiAQRe_C2hCYQbAu3XuGZoYBqRpISrsy3l2bdKHb_977LzXSupRx7WkeJ1FnherwuzHFR6obkDvVW9Ox1WWeWG-K3mnX1ybpedndv4NCvXxrZ9CRD95jyBQ9ecNW7IlcYsgoHCAyWJsDSByCCB0ZCCOaZGnwBOr9AeQeOD8:1tvntw:Y-6cmm9KBAiwt-e6ajp0FuaAZKkmvUcOhShh733Bopo	2025-03-22 08:48:52.45911+07
oc6jdewkp2kzqe9k2tik0oz9umyffq8m	.eJxVjEEOwiAQRe_C2hCYQbAu3XuGZoYBqRpISrsy3l2bdKHb_977LzXSupRx7WkeJ1FnherwuzHFR6obkDvVW9Ox1WWeWG-K3mnX1ybpedndv4NCvXxrZ9CRD95jyBQ9ecNW7IlcYsgoHCAyWJsDSByCCB0ZCCOaZGnwBOr9AeQeOD8:1tvo0n:Y7TlV9qaFpVn7_CSbTDpiAjcFzrd-wqm6y75rVKxlxY	2025-03-22 08:55:57.482147+07
8rrx8clfh5hshdf7ubbtu15g0h8tawk1	.eJxVjEEOwiAQRe_C2hCYQbAu3XuGZoYBqRpISrsy3l2bdKHb_977LzXSupRx7WkeJ1FnherwuzHFR6obkDvVW9Ox1WWeWG-K3mnX1ybpedndv4NCvXxrZ9CRD95jyBQ9ecNW7IlcYsgoHCAyWJsDSByCCB0ZCCOaZGnwBOr9AeQeOD8:1tvo7h:CkELtdX2roWmvtm4_4NWHVowoLORv7gEaXn3pRbYAOA	2025-03-22 09:03:05.180393+07
4k0x7hr2c7xkwc0q7337122i25tpt6uv	.eJxVjEEOwiAQRe_C2hCYQbAu3XuGZoYBqRpISrsy3l2bdKHb_977LzXSupRx7WkeJ1FnherwuzHFR6obkDvVW9Ox1WWeWG-K3mnX1ybpedndv4NCvXxrZ9CRD95jyBQ9ecNW7IlcYsgoHCAyWJsDSByCCB0ZCCOaZGnwBOr9AeQeOD8:1tvpWG:ff40ZTaITYYc9--CmavNbquq0MXPCsbj3Ef8eJ6jEEE	2025-03-22 10:32:32.136727+07
7rpnogmf7pbkr14yjpbvobweq31rymj2	.eJxVjEEOwiAQRe_C2hCYQbAu3XuGZoYBqRpISrsy3l2bdKHb_977LzXSupRx7WkeJ1FnherwuzHFR6obkDvVW9Ox1WWeWG-K3mnX1ybpedndv4NCvXxrZ9CRD95jyBQ9ecNW7IlcYsgoHCAyWJsDSByCCB0ZCCOaZGnwBOr9AeQeOD8:1tvpay:5057KXOtFA9pAFENTKuSPREBvflnm9o5CokJSDBac50	2025-03-22 10:37:24.434316+07
pbm8jzimhgeo6ir4ezi1xobirgxzor8h	.eJxVjEEOwiAQRe_C2hCYQbAu3XuGZoYBqRpISrsy3l2bdKHb_977LzXSupRx7WkeJ1FnherwuzHFR6obkDvVW9Ox1WWeWG-K3mnX1ybpedndv4NCvXxrZ9CRD95jyBQ9ecNW7IlcYsgoHCAyWJsDSByCCB0ZCCOaZGnwBOr9AeQeOD8:1tvrRW:jum7T8mXFdMsYvCxpt7fgt9TH1MwA_v-zzVn-FGWlZE	2025-03-22 12:35:46.960587+07
mttvle10z70i1vjuq5fxebwscl8y5svt	.eJxVjEEOwiAQRe_C2hCYQbAu3XuGZoYBqRpISrsy3l2bdKHb_977LzXSupRx7WkeJ1FnherwuzHFR6obkDvVW9Ox1WWeWG-K3mnX1ybpedndv4NCvXxrZ9CRD95jyBQ9ecNW7IlcYsgoHCAyWJsDSByCCB0ZCCOaZGnwBOr9AeQeOD8:1tvo8u:mMy-l6Fjre4To2SUGUwdIAP2WnSnyZ9diYOJomA0y30	2025-03-22 09:04:20.63978+07
485qt3wp59ktga52y4ob9b1o0gacf6y0	.eJxVjEEOwiAQRe_C2hCYQbAu3XuGZoYBqRpISrsy3l2bdKHb_977LzXSupRx7WkeJ1FnherwuzHFR6obkDvVW9Ox1WWeWG-K3mnX1ybpedndv4NCvXxrZ9CRD95jyBQ9ecNW7IlcYsgoHCAyWJsDSByCCB0ZCCOaZGnwBOr9AeQeOD8:1tvoaJ:yD5tdKrfD1H6ozo_rbjcGEMQJRDZX8MX9N31khfWWTw	2025-03-22 09:32:39.130546+07
c2zjsbl9dp11npij8sv9ixfj7ys442jr	.eJxVjEEOwiAQRe_C2hCYQbAu3XuGZoYBqRpISrsy3l2bdKHb_977LzXSupRx7WkeJ1FnherwuzHFR6obkDvVW9Ox1WWeWG-K3mnX1ybpedndv4NCvXxrZ9CRD95jyBQ9ecNW7IlcYsgoHCAyWJsDSByCCB0ZCCOaZGnwBOr9AeQeOD8:1tvosc:1cIDwBHjWalqhcXVx7AWnkj11-oWE8w9OLBDBJQ6oFM	2025-03-22 09:51:34.134052+07
3kgodep9subqvxthxdle25zea0hbqezo	.eJxVjEEOwiAQRe_C2hCYQbAu3XuGZoYBqRpISrsy3l2bdKHb_977LzXSupRx7WkeJ1FnherwuzHFR6obkDvVW9Ox1WWeWG-K3mnX1ybpedndv4NCvXxrZ9CRD95jyBQ9ecNW7IlcYsgoHCAyWJsDSByCCB0ZCCOaZGnwBOr9AeQeOD8:1tvocR:Vpa4E-xcfv4myNvqO2lTGW0dVyhD6ByUyb-nDfpTc0I	2025-03-22 09:34:51.38567+07
9sqext4qtt2w4v7df6swzwiyusmwsakp	.eJxVjEEOwiAQRe_C2hCYQbAu3XuGZoYBqRpISrsy3l2bdKHb_977LzXSupRx7WkeJ1FnherwuzHFR6obkDvVW9Ox1WWeWG-K3mnX1ybpedndv4NCvXxrZ9CRD95jyBQ9ecNW7IlcYsgoHCAyWJsDSByCCB0ZCCOaZGnwBOr9AeQeOD8:1tvosu:tiWtn5f33pN_voqWwSBvMOl09eBWmLICELKkGjGHd3U	2025-03-22 09:51:52.936359+07
8oc9ere468pxe2hkdmosa1hmtlqm9w79	.eJxVjEEOwiAQRe_C2hCYQbAu3XuGZoYBqRpISrsy3l2bdKHb_977LzXSupRx7WkeJ1FnherwuzHFR6obkDvVW9Ox1WWeWG-K3mnX1ybpedndv4NCvXxrZ9CRD95jyBQ9ecNW7IlcYsgoHCAyWJsDSByCCB0ZCCOaZGnwBOr9AeQeOD8:1tvpnC:axLpFuNWXvIchKh09_nibwZfpTGNSjB8m10hhY5CDjI	2025-03-22 10:50:02.969497+07
rwsatjn64eqpx7vl8519uu8wvf018imm	.eJxVjEEOwiAQRe_C2hCYQbAu3XuGZoYBqRpISrsy3l2bdKHb_977LzXSupRx7WkeJ1FnherwuzHFR6obkDvVW9Ox1WWeWG-K3mnX1ybpedndv4NCvXxrZ9CRD95jyBQ9ecNW7IlcYsgoHCAyWJsDSByCCB0ZCCOaZGnwBOr9AeQeOD8:1tvo9L:izW4bcw6nAXqJbUOCT-3iRi6JE8O6LKlPvuI61D2SzQ	2025-03-22 09:04:47.834895+07
fspbde5m0dqt1mheywrj4ly0rfc727yd	.eJxVjEEOwiAQRe_C2hCYQbAu3XuGZoYBqRpISrsy3l2bdKHb_977LzXSupRx7WkeJ1FnherwuzHFR6obkDvVW9Ox1WWeWG-K3mnX1ybpedndv4NCvXxrZ9CRD95jyBQ9ecNW7IlcYsgoHCAyWJsDSByCCB0ZCCOaZGnwBOr9AeQeOD8:1tvoAb:swHA1WbVhG7EHNxeCYYfAVbDOUHJDYgzAExbbpiPdjU	2025-03-22 09:06:05.649686+07
uxopa1i9idntlmpdp29xhjbpp3szvehn	.eJxVjEEOwiAQRe_C2hCYQbAu3XuGZoYBqRpISrsy3l2bdKHb_977LzXSupRx7WkeJ1FnherwuzHFR6obkDvVW9Ox1WWeWG-K3mnX1ybpedndv4NCvXxrZ9CRD95jyBQ9ecNW7IlcYsgoHCAyWJsDSByCCB0ZCCOaZGnwBOr9AeQeOD8:1tvpB7:2MzcT-mi3A8kn-J__eRtfx5nQxdMKjXisbWoix_vDkI	2025-03-22 10:10:41.512086+07
7c5wqbfofaijknh36yfg5jc9wcwh548d	.eJxVjEEOwiAQRe_C2hCYQbAu3XuGZoYBqRpISrsy3l2bdKHb_977LzXSupRx7WkeJ1FnherwuzHFR6obkDvVW9Ox1WWeWG-K3mnX1ybpedndv4NCvXxrZ9CRD95jyBQ9ecNW7IlcYsgoHCAyWJsDSByCCB0ZCCOaZGnwBOr9AeQeOD8:1tvoOD:x2Zr1npkl0-spVYlnRolc_YWNDY99rPBfERoEHv1TsU	2025-03-22 09:20:09.769082+07
cy54eoq01opc5diqpg143rlk19xgq6i4	.eJxVjEEOwiAQRe_C2hCYQbAu3XuGZoYBqRpISrsy3l2bdKHb_977LzXSupRx7WkeJ1FnherwuzHFR6obkDvVW9Ox1WWeWG-K3mnX1ybpedndv4NCvXxrZ9CRD95jyBQ9ecNW7IlcYsgoHCAyWJsDSByCCB0ZCCOaZGnwBOr9AeQeOD8:1tvp0W:i8V025DNYFJ69aooqfSjaXI7jXVBXdbXbiEZCBrchso	2025-03-22 09:59:44.876695+07
9k6wzi9ncl98ejh764n7lt2slfsbtkaz	.eJxVjEEOwiAQRe_C2hCYQbAu3XuGZoYBqRpISrsy3l2bdKHb_977LzXSupRx7WkeJ1FnherwuzHFR6obkDvVW9Ox1WWeWG-K3mnX1ybpedndv4NCvXxrZ9CRD95jyBQ9ecNW7IlcYsgoHCAyWJsDSByCCB0ZCCOaZGnwBOr9AeQeOD8:1tvpLc:HUspYvf3_9q4FgHitK_2DAgQ7NbYAHOdfSpbstS2UfA	2025-03-22 10:21:32.484623+07
5z5xvczucvo4tz384wdnhjauxvctjbqe	.eJxVjEEOwiAQRe_C2hCYQbAu3XuGZoYBqRpISrsy3l2bdKHb_977LzXSupRx7WkeJ1FnherwuzHFR6obkDvVW9Ox1WWeWG-K3mnX1ybpedndv4NCvXxrZ9CRD95jyBQ9ecNW7IlcYsgoHCAyWJsDSByCCB0ZCCOaZGnwBOr9AeQeOD8:1tvpLq:Z-P-pFjXc5BcMhZmuZrER1xQqEMa7VUFugcYPaMuNTQ	2025-03-22 10:21:46.669457+07
wgg2dvd13jwitohxngt1igqccawoyvnq	.eJxVjEEOwiAQRe_C2hCYQbAu3XuGZoYBqRpISrsy3l2bdKHb_977LzXSupRx7WkeJ1FnherwuzHFR6obkDvVW9Ox1WWeWG-K3mnX1ybpedndv4NCvXxrZ9CRD95jyBQ9ecNW7IlcYsgoHCAyWJsDSByCCB0ZCCOaZGnwBOr9AeQeOD8:1tvpxL:QcFNHwao0QdkfEpPeMSuhlfvdZfygHzVudY6FolmaD8	2025-03-22 11:00:31.614145+07
neis7325l7bm0lm9axrldeblp8rzykyw	.eJxVjEEOwiAQRe_C2hCYQbAu3XuGZoYBqRpISrsy3l2bdKHb_977LzXSupRx7WkeJ1FnherwuzHFR6obkDvVW9Ox1WWeWG-K3mnX1ybpedndv4NCvXxrZ9CRD95jyBQ9ecNW7IlcYsgoHCAyWJsDSByCCB0ZCCOaZGnwBOr9AeQeOD8:1tvok2:2QPloOrCnIeBVlHAdtvPn9TG7TfgeqFoDxKZsjhiIbY	2025-03-22 09:42:42.293902+07
82ja3vpvcvokawq3631a1ei2udb75h94	.eJxVjEEOwiAQRe_C2hCYQbAu3XuGZoYBqRpISrsy3l2bdKHb_977LzXSupRx7WkeJ1FnherwuzHFR6obkDvVW9Ox1WWeWG-K3mnX1ybpedndv4NCvXxrZ9CRD95jyBQ9ecNW7IlcYsgoHCAyWJsDSByCCB0ZCCOaZGnwBOr9AeQeOD8:1tvoUT:GKw9K9Bw380lgUlBFDk_88E3y9gJUUSipC9mPe3eSsY	2025-03-22 09:26:37.733233+07
frta35y7ev3t0r7ey4xgdjybbyonxtgn	.eJxVjEEOwiAQRe_C2hCYQbAu3XuGZoYBqRpISrsy3l2bdKHb_977LzXSupRx7WkeJ1FnherwuzHFR6obkDvVW9Ox1WWeWG-K3mnX1ybpedndv4NCvXxrZ9CRD95jyBQ9ecNW7IlcYsgoHCAyWJsDSByCCB0ZCCOaZGnwBOr9AeQeOD8:1tvp51:uMFIX0H6sV9qmZtLWd0XErgRSKPTPTliDxNn1B4aNPw	2025-03-22 10:04:23.341964+07
aufgqv97nx2gvpqgagwv65y1lgebvlti	.eJxVjEEOwiAQRe_C2hCYQbAu3XuGZoYBqRpISrsy3l2bdKHb_977LzXSupRx7WkeJ1FnherwuzHFR6obkDvVW9Ox1WWeWG-K3mnX1ybpedndv4NCvXxrZ9CRD95jyBQ9ecNW7IlcYsgoHCAyWJsDSByCCB0ZCCOaZGnwBOr9AeQeOD8:1tvqBM:iO565LnRg2w0eaz5LLgFcwFXDrmulZ_MCWAs4A6XSYQ	2025-03-22 11:15:00.367713+07
gtxi3p83038rarezlec12mfgaolzq2ex	.eJxVjEEOwiAQRe_C2hCYQbAu3XuGZoYBqRpISrsy3l2bdKHb_977LzXSupRx7WkeJ1FnherwuzHFR6obkDvVW9Ox1WWeWG-K3mnX1ybpedndv4NCvXxrZ9CRD95jyBQ9ecNW7IlcYsgoHCAyWJsDSByCCB0ZCCOaZGnwBOr9AeQeOD8:1tvolo:MLwRkK3JCuT9iHYK9kimYFhgw9vAacoOxj_T5bJd8k4	2025-03-22 09:44:32.462405+07
pvvp6too8aq7ofv636kt8qghu5x7fz6b	.eJxVjEEOwiAQRe_C2hCYQbAu3XuGZoYBqRpISrsy3l2bdKHb_977LzXSupRx7WkeJ1FnherwuzHFR6obkDvVW9Ox1WWeWG-K3mnX1ybpedndv4NCvXxrZ9CRD95jyBQ9ecNW7IlcYsgoHCAyWJsDSByCCB0ZCCOaZGnwBOr9AeQeOD8:1tvoXU:M95gKZL-UXdur8WMLsJMuk6XdaJA3cFnLQZdvcsjMU0	2025-03-22 09:29:44.633782+07
dl7346mlvn4mrhbl621v64zpynbn7bwi	.eJxVjEEOwiAQRe_C2hCYQbAu3XuGZoYBqRpISrsy3l2bdKHb_977LzXSupRx7WkeJ1FnherwuzHFR6obkDvVW9Ox1WWeWG-K3mnX1ybpedndv4NCvXxrZ9CRD95jyBQ9ecNW7IlcYsgoHCAyWJsDSByCCB0ZCCOaZGnwBOr9AeQeOD8:1tvpEP:_y_3-AQqnwjttUctXCREf0_8e2qVYQAVA-4zxEye8L4	2025-03-22 10:14:05.561967+07
4kl6pk4lx1sv80swogmqhplyj3bp3ecr	.eJxVjEEOwiAQRe_C2hCYQbAu3XuGZoYBqRpISrsy3l2bdKHb_977LzXSupRx7WkeJ1FnherwuzHFR6obkDvVW9Ox1WWeWG-K3mnX1ybpedndv4NCvXxrZ9CRD95jyBQ9ecNW7IlcYsgoHCAyWJsDSByCCB0ZCCOaZGnwBOr9AeQeOD8:1tvvmf:6xqDrWtbCN2sQOUEuDY0mItFRctJZF0k4stvqic-OJk	2025-03-22 17:13:53.356614+07
wclxrtyl9pt7atw8wgd0rbl58ds6ec3t	.eJxVjEEOwiAQRe_C2hCYQbAu3XuGZoYBqRpISrsy3l2bdKHb_977LzXSupRx7WkeJ1FnherwuzHFR6obkDvVW9Ox1WWeWG-K3mnX1ybpedndv4NCvXxrZ9CRD95jyBQ9ecNW7IlcYsgoHCAyWJsDSByCCB0ZCCOaZGnwBOr9AeQeOD8:1twag1:68-fZYqBOHTY-k5_wa7jDQvLUXJ-7vAMKr1k0vtpQTY	2025-03-24 13:38:45.263465+07
k57o63dvd4ujbo4xhv2ees541e1iqaph	.eJxVjEEOwiAQRe_C2hCYQbAu3XuGZoYBqRpISrsy3l2bdKHb_977LzXSupRx7WkeJ1FnherwuzHFR6obkDvVW9Ox1WWeWG-K3mnX1ybpedndv4NCvXxrZ9CRD95jyBQ9ecNW7IlcYsgoHCAyWJsDSByCCB0ZCCOaZGnwBOr9AeQeOD8:1tvqdo:ePJ5U-YGJOBIVxTheRhyujYt17uF5WdnevjxHY92TFc	2025-03-22 11:44:24.883004+07
zohrh4ul93jhmyyer4xs6inqp5uavgit	.eJxVjEEOwiAQRe_C2hCYQbAu3XuGZoYBqRpISrsy3l2bdKHb_977LzXSupRx7WkeJ1FnherwuzHFR6obkDvVW9Ox1WWeWG-K3mnX1ybpedndv4NCvXxrZ9CRD95jyBQ9ecNW7IlcYsgoHCAyWJsDSByCCB0ZCCOaZGnwBOr9AeQeOD8:1twWyN:coyyybBmYm7WtS3E5jtSiA_rCylfan57MS8VscUDdTY	2025-03-24 08:56:27.797974+07
wjiyeherqw8cvfo7o8zf7mzxyao2yq8f	.eJxVjEEOwiAQRe_C2hCYQbAu3XuGZoYBqRpISrsy3l2bdKHb_977LzXSupRx7WkeJ1FnherwuzHFR6obkDvVW9Ox1WWeWG-K3mnX1ybpedndv4NCvXxrZ9CRD95jyBQ9ecNW7IlcYsgoHCAyWJsDSByCCB0ZCCOaZGnwBOr9AeQeOD8:1tvqrv:LKv8Y-v7g4mczEVozou5SclnAThj32I9ihqJp6u05Zk	2025-03-22 11:58:59.932262+07
b1qqirrz5fmi61uwy5exle1bec7spmrb	.eJxVjEEOwiAQRe_C2hCYQbAu3XuGZoYBqRpISrsy3l2bdKHb_977LzXSupRx7WkeJ1FnherwuzHFR6obkDvVW9Ox1WWeWG-K3mnX1ybpedndv4NCvXxrZ9CRD95jyBQ9ecNW7IlcYsgoHCAyWJsDSByCCB0ZCCOaZGnwBOr9AeQeOD8:1tvvw4:dm_SIKvUpkNk-J_PhV43ywqnKzq2BlBgz6TdoL0fSGY	2025-03-22 17:23:36.428421+07
yfrlemfqbwominr8qesgog6amos89neb	.eJxVjEEOwiAQRe_C2hCYQbAu3XuGZoYBqRpISrsy3l2bdKHb_977LzXSupRx7WkeJ1FnherwuzHFR6obkDvVW9Ox1WWeWG-K3mnX1ybpedndv4NCvXxrZ9CRD95jyBQ9ecNW7IlcYsgoHCAyWJsDSByCCB0ZCCOaZGnwBOr9AeQeOD8:1twWdT:vNxN6J7oQjbs7JLisFx8x1P86ggpUk9gNUlGzJFQklQ	2025-03-24 08:34:51.041912+07
a163g63pio6ltdmw4qx2f1ja7oxfy89w	.eJxVjEEOwiAQRe_C2hCYQbAu3XuGZoYBqRpISrsy3l2bdKHb_977LzXSupRx7WkeJ1FnherwuzHFR6obkDvVW9Ox1WWeWG-K3mnX1ybpedndv4NCvXxrZ9CRD95jyBQ9ecNW7IlcYsgoHCAyWJsDSByCCB0ZCCOaZGnwBOr9AeQeOD8:1tvq5A:j3mcnyjiSG9M1oG7Icm5WNFKk6GMNdqnMqmOIEw5-eg	2025-03-22 11:08:36.672477+07
exbs9jbz1np3kayu5am671q3d9zot2rx	.eJxVjEEOwiAQRe_C2hCYQbAu3XuGZoYBqRpISrsy3l2bdKHb_977LzXSupRx7WkeJ1FnherwuzHFR6obkDvVW9Ox1WWeWG-K3mnX1ybpedndv4NCvXxrZ9CRD95jyBQ9ecNW7IlcYsgoHCAyWJsDSByCCB0ZCCOaZGnwBOr9AeQeOD8:1twWdu:er01GhrvLYD74oa6ANWFpNRkS69hP6DjIhOsUyNko_0	2025-03-24 08:35:18.537022+07
qtm65plsa4iolae3jn0lib5eqa5d41so	.eJxVjEEOwiAQRe_C2hCYQbAu3XuGZoYBqRpISrsy3l2bdKHb_977LzXSupRx7WkeJ1FnherwuzHFR6obkDvVW9Ox1WWeWG-K3mnX1ybpedndv4NCvXxrZ9CRD95jyBQ9ecNW7IlcYsgoHCAyWJsDSByCCB0ZCCOaZGnwBOr9AeQeOD8:1tw9rn:ooFgrx1v2c3Ee29koOjLqufeodgOPz4QV6CwYLKxepM	2025-03-23 08:16:07.794987+07
4lv4pzqfzugnz14rqf7id3oozmdgq4xh	.eJxVjEEOwiAQRe_C2hCYQbAu3XuGZoYBqRpISrsy3l2bdKHb_977LzXSupRx7WkeJ1FnherwuzHFR6obkDvVW9Ox1WWeWG-K3mnX1ybpedndv4NCvXxrZ9CRD95jyBQ9ecNW7IlcYsgoHCAyWJsDSByCCB0ZCCOaZGnwBOr9AeQeOD8:1tvwAA:hvGOJFeKUlb5buFF9Xt7rZjbkXBH1qX9aTf80IORUVs	2025-03-22 17:38:10.919675+07
epynb5u84mshqfmzna1120tky2x83vkh	.eJxVjEEOwiAQRe_C2hCYQbAu3XuGZoYBqRpISrsy3l2bdKHb_977LzXSupRx7WkeJ1FnherwuzHFR6obkDvVW9Ox1WWeWG-K3mnX1ybpedndv4NCvXxrZ9CRD95jyBQ9ecNW7IlcYsgoHCAyWJsDSByCCB0ZCCOaZGnwBOr9AeQeOD8:1tvqGJ:qej3E6l6EKbk0Nhvepj0kbkRK0TVpnL8vlEv1pet6D0	2025-03-22 11:20:07.115553+07
5so2mxv78ax1faiq81u029andyk30o29	.eJxVjEEOwiAQRe_C2hCYQbAu3XuGZoYBqRpISrsy3l2bdKHb_977LzXSupRx7WkeJ1FnherwuzHFR6obkDvVW9Ox1WWeWG-K3mnX1ybpedndv4NCvXxrZ9CRD95jyBQ9ecNW7IlcYsgoHCAyWJsDSByCCB0ZCCOaZGnwBOr9AeQeOD8:1twUk3:c_bUP59-sQQJ7QYqegZQMFkL8KoeiHOTXutofd6sxq0	2025-03-24 06:33:31.628112+07
va6lyz2zqbq0fimu0ac9l3u6o2yacw3l	.eJxVjEEOwiAQRe_C2hCYQbAu3XuGZoYBqRpISrsy3l2bdKHb_977LzXSupRx7WkeJ1FnherwuzHFR6obkDvVW9Ox1WWeWG-K3mnX1ybpedndv4NCvXxrZ9CRD95jyBQ9ecNW7IlcYsgoHCAyWJsDSByCCB0ZCCOaZGnwBOr9AeQeOD8:1tvqWa:g9JbcwAOVduyybGUS8xM6ze7haxKfCcP3FoUiB9PHig	2025-03-22 11:36:56.901153+07
43hhoxk8fm39oyn461ndshuo2fvw3jvw	.eJxVjEEOwiAQRe_C2hCYQbAu3XuGZoYBqRpISrsy3l2bdKHb_977LzXSupRx7WkeJ1FnherwuzHFR6obkDvVW9Ox1WWeWG-K3mnX1ybpedndv4NCvXxrZ9CRD95jyBQ9ecNW7IlcYsgoHCAyWJsDSByCCB0ZCCOaZGnwBOr9AeQeOD8:1twWh9:KHzhLbdNoVDPlcDe2R2E2EDlY6k7bmsnK8W9mYuAZq8	2025-03-24 08:38:39.64448+07
sd28mqtt2uu7zyqicz5f6fslunjn782g	.eJxVjEEOwiAQRe_C2hCYQbAu3XuGZoYBqRpISrsy3l2bdKHb_977LzXSupRx7WkeJ1FnherwuzHFR6obkDvVW9Ox1WWeWG-K3mnX1ybpedndv4NCvXxrZ9CRD95jyBQ9ecNW7IlcYsgoHCAyWJsDSByCCB0ZCCOaZGnwBOr9AeQeOD8:1tvwHC:y_WvZbOiN8wfin8uTmLnzMF_tnnGm89hYKKUvrqKO3g	2025-03-22 17:45:26.20074+07
uetcimk53m6nj4z8jfa1xtugasteoc3c	.eJxVjEEOwiAQRe_C2hCYQbAu3XuGZoYBqRpISrsy3l2bdKHb_977LzXSupRx7WkeJ1FnherwuzHFR6obkDvVW9Ox1WWeWG-K3mnX1ybpedndv4NCvXxrZ9CRD95jyBQ9ecNW7IlcYsgoHCAyWJsDSByCCB0ZCCOaZGnwBOr9AeQeOD8:1tw8zG:GMVQTUi02Ywlvjh-e7OVbTA-nXCxEnfuihaTdNAnWjk	2025-03-23 07:19:46.629134+07
lvjfoapwf53cwd2535pzgrubse1kn2p7	.eJxVjEEOwiAQRe_C2hCYQbAu3XuGZoYBqRpISrsy3l2bdKHb_977LzXSupRx7WkeJ1FnherwuzHFR6obkDvVW9Ox1WWeWG-K3mnX1ybpedndv4NCvXxrZ9CRD95jyBQ9ecNW7IlcYsgoHCAyWJsDSByCCB0ZCCOaZGnwBOr9AeQeOD8:1tvr1n:RYh6ya593ycAnOlfLd3N-FOuRK-B7GMkAr6wW8FZ0Hk	2025-03-22 12:09:11.148182+07
r7h0n9rlqqh0hmkxrap2mwshb0czl5nk	.eJxVjEEOwiAQRe_C2hCYQbAu3XuGZoYBqRpISrsy3l2bdKHb_977LzXSupRx7WkeJ1FnherwuzHFR6obkDvVW9Ox1WWeWG-K3mnX1ybpedndv4NCvXxrZ9CRD95jyBQ9ecNW7IlcYsgoHCAyWJsDSByCCB0ZCCOaZGnwBOr9AeQeOD8:1twMP1:USmxgZS2hRBElpnRXZsZQzp_XGwYYYbgjHZnYKh3iOM	2025-03-23 21:39:15.323468+07
1enkraf58s62cnki9cwtmcv1nn32dkjs	.eJxVjEEOwiAQRe_C2hCYQbAu3XuGZoYBqRpISrsy3l2bdKHb_977LzXSupRx7WkeJ1FnherwuzHFR6obkDvVW9Ox1WWeWG-K3mnX1ybpedndv4NCvXxrZ9CRD95jyBQ9ecNW7IlcYsgoHCAyWJsDSByCCB0ZCCOaZGnwBOr9AeQeOD8:1tvrRf:8wreOPdWvTBLs65q3MlIZ4B1tAz8UZMrQh6aoUeAJ_k	2025-03-22 12:35:55.505234+07
k0eegif2ux8gsd70yga9fijk78yu48va	.eJxVjEEOwiAQRe_C2hCYQbAu3XuGZoYBqRpISrsy3l2bdKHb_977LzXSupRx7WkeJ1FnherwuzHFR6obkDvVW9Ox1WWeWG-K3mnX1ybpedndv4NCvXxrZ9CRD95jyBQ9ecNW7IlcYsgoHCAyWJsDSByCCB0ZCCOaZGnwBOr9AeQeOD8:1tvrZJ:6BdEFJQL-FcB5jjOrBcWHHNorAEyqkTyWTEDrCWbFHM	2025-03-22 12:43:49.68814+07
r9mdaoafph12jo3tcd0fhb2avxocqmxx	.eJxVjEEOwiAQRe_C2hCYQbAu3XuGZoYBqRpISrsy3l2bdKHb_977LzXSupRx7WkeJ1FnherwuzHFR6obkDvVW9Ox1WWeWG-K3mnX1ybpedndv4NCvXxrZ9CRD95jyBQ9ecNW7IlcYsgoHCAyWJsDSByCCB0ZCCOaZGnwBOr9AeQeOD8:1twUW2:F8lS1Rrlb7qrvzHumemeabbEgTIXe2XnOLiWqB8cct0	2025-03-24 06:19:02.668285+07
t43nq6xhke6r600rh47yn7fxq8ebu668	.eJxVjEEOwiAQRe_C2hCYQbAu3XuGZoYBqRpISrsy3l2bdKHb_977LzXSupRx7WkeJ1FnherwuzHFR6obkDvVW9Ox1WWeWG-K3mnX1ybpedndv4NCvXxrZ9CRD95jyBQ9ecNW7IlcYsgoHCAyWJsDSByCCB0ZCCOaZGnwBOr9AeQeOD8:1tvvgX:hIX2i5C4nW_vSMf06bD4sUdNrEw-vRcHq0F7saTeGiU	2025-03-22 17:07:33.618198+07
5v4jvatbtd9mqg3r8ypdr61vbvqw16h3	.eJxVjEEOwiAQRe_C2hCYQbAu3XuGZoYBqRpISrsy3l2bdKHb_977LzXSupRx7WkeJ1FnherwuzHFR6obkDvVW9Ox1WWeWG-K3mnX1ybpedndv4NCvXxrZ9CRD95jyBQ9ecNW7IlcYsgoHCAyWJsDSByCCB0ZCCOaZGnwBOr9AeQeOD8:1tw8zi:sMwx6LJf79pK_9zNydtyIgAsT9OKTvM7NYdONPls-rc	2025-03-23 07:20:14.908942+07
vi6bg8n5nmfif6bf953lxqot60f4q7vm	.eJxVjEEOwiAQRe_C2hCYQbAu3XuGZoYBqRpISrsy3l2bdKHb_977LzXSupRx7WkeJ1FnherwuzHFR6obkDvVW9Ox1WWeWG-K3mnX1ybpedndv4NCvXxrZ9CRD95jyBQ9ecNW7IlcYsgoHCAyWJsDSByCCB0ZCCOaZGnwBOr9AeQeOD8:1twWSU:kmYmgRPQ2z3bbVW-J6vTucpD3LnpFImfSYUhJ4ivPac	2025-03-24 08:23:30.820324+07
4swann740c8gbasy6kva6u9a4tze5p3a	.eJxVjEEOwiAQRe_C2hCYQbAu3XuGZoYBqRpISrsy3l2bdKHb_977LzXSupRx7WkeJ1FnherwuzHFR6obkDvVW9Ox1WWeWG-K3mnX1ybpedndv4NCvXxrZ9CRD95jyBQ9ecNW7IlcYsgoHCAyWJsDSByCCB0ZCCOaZGnwBOr9AeQeOD8:1twdTa:02R3CbjhA86ZSENE4FrM7zPRq-6lFlnDcle30Oatj2Y	2025-03-24 16:38:06.157692+07
g12lhwy2qb17igygn42uj6t04l1ykqs9	.eJxVjEEOwiAQRe_C2hCYQbAu3XuGZoYBqRpISrsy3l2bdKHb_977LzXSupRx7WkeJ1FnherwuzHFR6obkDvVW9Ox1WWeWG-K3mnX1ybpedndv4NCvXxrZ9CRD95jyBQ9ecNW7IlcYsgoHCAyWJsDSByCCB0ZCCOaZGnwBOr9AeQeOD8:1twbfe:qmhmo8ZXIWe6stWhoDMcTgX9M3T4I8UNPL_a8atrzcY	2025-03-24 14:42:26.37887+07
k5izbsgyywy42gxclaz8wbpltg1ne141	.eJxVjEEOwiAQRe_C2hCYQbAu3XuGZoYBqRpISrsy3l2bdKHb_977LzXSupRx7WkeJ1FnherwuzHFR6obkDvVW9Ox1WWeWG-K3mnX1ybpedndv4NCvXxrZ9CRD95jyBQ9ecNW7IlcYsgoHCAyWJsDSByCCB0ZCCOaZGnwBOr9AeQeOD8:1twXEP:EDh1mO4JnuNQe0v2gITMg-hK9cU2g_g6Q6ygtbarN9s	2025-03-24 09:13:01.190568+07
lxpuk2zon339izshn7fg9ugnf6hv97yc	.eJxVjEEOwiAQRe_C2hCYQbAu3XuGZoYBqRpISrsy3l2bdKHb_977LzXSupRx7WkeJ1FnherwuzHFR6obkDvVW9Ox1WWeWG-K3mnX1ybpedndv4NCvXxrZ9CRD95jyBQ9ecNW7IlcYsgoHCAyWJsDSByCCB0ZCCOaZGnwBOr9AeQeOD8:1twX8K:ViifKO_slOnEkXdRf6aMSGR9dMRQYmXWAZVqSfnYPOU	2025-03-24 09:06:44.085905+07
mn36yvhwlyc9pjs3covpkcn7qkzg8k4j	.eJxVjEEOwiAQRe_C2hCYQbAu3XuGZoYBqRpISrsy3l2bdKHb_977LzXSupRx7WkeJ1FnherwuzHFR6obkDvVW9Ox1WWeWG-K3mnX1ybpedndv4NCvXxrZ9CRD95jyBQ9ecNW7IlcYsgoHCAyWJsDSByCCB0ZCCOaZGnwBOr9AeQeOD8:1twfFN:knhW6hsMXrGv7sDLgcyxLFA4QNOaNuTbryvhGgTtiao	2025-03-24 18:31:33.08186+07
euuwcsggnocakedw8yrv9yf0v1wk5u6v	.eJxVjEEOwiAQRe_C2hCYQbAu3XuGZoYBqRpISrsy3l2bdKHb_977LzXSupRx7WkeJ1FnherwuzHFR6obkDvVW9Ox1WWeWG-K3mnX1ybpedndv4NCvXxrZ9CRD95jyBQ9ecNW7IlcYsgoHCAyWJsDSByCCB0ZCCOaZGnwBOr9AeQeOD8:1twWlq:sY128-pYMWMZDMjZqjLfKyE0DQNiDR_V49IzY8tt7CY	2025-03-24 08:43:30.223849+07
elzakbpjftts3g5ub68tulpheawlm1az	.eJxVjEEOwiAQRe_C2hCYQbAu3XuGZoYBqRpISrsy3l2bdKHb_977LzXSupRx7WkeJ1FnherwuzHFR6obkDvVW9Ox1WWeWG-K3mnX1ybpedndv4NCvXxrZ9CRD95jyBQ9ecNW7IlcYsgoHCAyWJsDSByCCB0ZCCOaZGnwBOr9AeQeOD8:1twdyn:EpIs7bVClZlu_sft7nEzWfGxQmbiTHwkKajBON0B4B8	2025-03-24 17:10:21.06819+07
rtl1inapc42ywhy09fpuaq2bhdo1h0s2	.eJxVjEEOwiAQRe_C2hCYQbAu3XuGZoYBqRpISrsy3l2bdKHb_977LzXSupRx7WkeJ1FnherwuzHFR6obkDvVW9Ox1WWeWG-K3mnX1ybpedndv4NCvXxrZ9CRD95jyBQ9ecNW7IlcYsgoHCAyWJsDSByCCB0ZCCOaZGnwBOr9AeQeOD8:1twZVz:wX5J6lGNaPZvr4humxpsZJMfUuc80U3NsDKtcJ9xwQI	2025-03-24 12:24:19.481044+07
enp0zzcim2da2bbv3oof1hj4x8nh60y1	.eJxVjEEOwiAQRe_C2hCYQbAu3XuGZoYBqRpISrsy3l2bdKHb_977LzXSupRx7WkeJ1FnherwuzHFR6obkDvVW9Ox1WWeWG-K3mnX1ybpedndv4NCvXxrZ9CRD95jyBQ9ecNW7IlcYsgoHCAyWJsDSByCCB0ZCCOaZGnwBOr9AeQeOD8:1twZcs:0GInLF63tJw00gg8MvsV3LplGwdkVOWOGpF1phxYah0	2025-03-24 12:31:26.841986+07
vs67zk6o5bcw3jd46esbunblnb3mhj0s	.eJxVjEEOwiAQRe_C2hCYQbAu3XuGZoYBqRpISrsy3l2bdKHb_977LzXSupRx7WkeJ1FnherwuzHFR6obkDvVW9Ox1WWeWG-K3mnX1ybpedndv4NCvXxrZ9CRD95jyBQ9ecNW7IlcYsgoHCAyWJsDSByCCB0ZCCOaZGnwBOr9AeQeOD8:1twdHH:Dpqw7wG8VJ6GGj2R_-PsWJtF3NjsvQ3kRY96ZABiIfI	2025-03-24 16:25:23.51534+07
s32783fw4rmvkyya6izkts94mk0x76t3	.eJxVjEEOwiAQRe_C2hCYQbAu3XuGZoYBqRpISrsy3l2bdKHb_977LzXSupRx7WkeJ1FnherwuzHFR6obkDvVW9Ox1WWeWG-K3mnX1ybpedndv4NCvXxrZ9CRD95jyBQ9ecNW7IlcYsgoHCAyWJsDSByCCB0ZCCOaZGnwBOr9AeQeOD8:1twajS:8Rx54g1HV8sc_fPGaCKrfZPfnXmUftUm7VM-6RYRwKQ	2025-03-24 13:42:18.342725+07
e9qokpes6pzct03bvwm47y8pqabqkzg3	.eJxVjEEOwiAQRe_C2hCYQbAu3XuGZoYBqRpISrsy3l2bdKHb_977LzXSupRx7WkeJ1FnherwuzHFR6obkDvVW9Ox1WWeWG-K3mnX1ybpedndv4NCvXxrZ9CRD95jyBQ9ecNW7IlcYsgoHCAyWJsDSByCCB0ZCCOaZGnwBOr9AeQeOD8:1twdJ1:SIvme4Atggt396UwMRDK5L_Zkr3_PD8Bgp-bDk75ETg	2025-03-24 16:27:11.676268+07
h3xx0dxl1v97qdi3ypoq9vtbeoy0wn6k	.eJxVjEEOwiAQRe_C2hCYQbAu3XuGZoYBqRpISrsy3l2bdKHb_977LzXSupRx7WkeJ1FnherwuzHFR6obkDvVW9Ox1WWeWG-K3mnX1ybpedndv4NCvXxrZ9CRD95jyBQ9ecNW7IlcYsgoHCAyWJsDSByCCB0ZCCOaZGnwBOr9AeQeOD8:1twXAI:jPnWri7AY4jIPM3NLOaPC1DyWMrLING23U_RpMCduk4	2025-03-24 09:08:46.397257+07
vqo49lxfl0wm3sc4eoomcraxf0ye5hqr	.eJxVjEEOwiAQRe_C2hCYQbAu3XuGZoYBqRpISrsy3l2bdKHb_977LzXSupRx7WkeJ1FnherwuzHFR6obkDvVW9Ox1WWeWG-K3mnX1ybpedndv4NCvXxrZ9CRD95jyBQ9ecNW7IlcYsgoHCAyWJsDSByCCB0ZCCOaZGnwBOr9AeQeOD8:1twYhy:1SSjojd4TBGggOWSd1CvnX0iVeYyRWgZOEweAXGfEo4	2025-03-24 11:32:38.473847+07
qi8n0lhgx4seedlnkaplwaokst1zo379	.eJxVjEEOwiAQRe_C2hCYQbAu3XuGZoYBqRpISrsy3l2bdKHb_977LzXSupRx7WkeJ1FnherwuzHFR6obkDvVW9Ox1WWeWG-K3mnX1ybpedndv4NCvXxrZ9CRD95jyBQ9ecNW7IlcYsgoHCAyWJsDSByCCB0ZCCOaZGnwBOr9AeQeOD8:1twdLC:jTwPARuMTisc_aTxpfan2a_aHPb5485XjTcgk6eLaqU	2025-03-24 16:29:26.068742+07
awuzk3kqsyw5v67rt5m1ow4zlujhb4rf	.eJxVjEEOwiAQRe_C2hCYQbAu3XuGZoYBqRpISrsy3l2bdKHb_977LzXSupRx7WkeJ1FnherwuzHFR6obkDvVW9Ox1WWeWG-K3mnX1ybpedndv4NCvXxrZ9CRD95jyBQ9ecNW7IlcYsgoHCAyWJsDSByCCB0ZCCOaZGnwBOr9AeQeOD8:1twWog:RC4Im0uQUyiF9Diq2e2pkE821QHb5LymZFd02SiAf6g	2025-03-24 08:46:26.994416+07
92wq5vcotjd4u3nfjb8l1yptane0ydii	.eJxVjEEOwiAQRe_C2hCYQbAu3XuGZoYBqRpISrsy3l2bdKHb_977LzXSupRx7WkeJ1FnherwuzHFR6obkDvVW9Ox1WWeWG-K3mnX1ybpedndv4NCvXxrZ9CRD95jyBQ9ecNW7IlcYsgoHCAyWJsDSByCCB0ZCCOaZGnwBOr9AeQeOD8:1twXF9:ar5W-BKYkqv3VcWR5dLkGr9hFQhKIlZg6atZHsh9ylY	2025-03-24 09:13:47.101966+07
20on8j7hyrg0rov5716wsx09ga0qkytv	.eJxVjEEOwiAQRe_C2hCYQbAu3XuGZoYBqRpISrsy3l2bdKHb_977LzXSupRx7WkeJ1FnherwuzHFR6obkDvVW9Ox1WWeWG-K3mnX1ybpedndv4NCvXxrZ9CRD95jyBQ9ecNW7IlcYsgoHCAyWJsDSByCCB0ZCCOaZGnwBOr9AeQeOD8:1twbXj:dHmhXJXPtBEEUB3awbQ_lVzSx7UUZigHzo4JO0V1bQ0	2025-03-24 14:34:15.692861+07
0ddfid21cu9z4v9waa47kcezaa2i7qna	.eJxVjEEOwiAQRe_C2hCYQbAu3XuGZoYBqRpISrsy3l2bdKHb_977LzXSupRx7WkeJ1FnherwuzHFR6obkDvVW9Ox1WWeWG-K3mnX1ybpedndv4NCvXxrZ9CRD95jyBQ9ecNW7IlcYsgoHCAyWJsDSByCCB0ZCCOaZGnwBOr9AeQeOD8:1twein:jmJ7sDPFIqqYUtLfZ9xlB9w6OTT7PEALdZsz53cLsHY	2025-03-24 17:57:53.681432+07
g23zyqpys1izv7m99e19kxqgpcwzdilo	.eJxVjEEOwiAQRe_C2hCYQbAu3XuGZoYBqRpISrsy3l2bdKHb_977LzXSupRx7WkeJ1FnherwuzHFR6obkDvVW9Ox1WWeWG-K3mnX1ybpedndv4NCvXxrZ9CRD95jyBQ9ecNW7IlcYsgoHCAyWJsDSByCCB0ZCCOaZGnwBOr9AeQeOD8:1twZbZ:P6Jh5oZm7w3VsfxrijQ66DWUtt-ZM9SnoUo90ASPeUQ	2025-03-24 12:30:05.63657+07
br0px1zwtis2om5j844iae6m6mxo7w2j	.eJxVjEEOwiAQRe_C2hCYQbAu3XuGZoYBqRpISrsy3l2bdKHb_977LzXSupRx7WkeJ1FnherwuzHFR6obkDvVW9Ox1WWeWG-K3mnX1ybpedndv4NCvXxrZ9CRD95jyBQ9ecNW7IlcYsgoHCAyWJsDSByCCB0ZCCOaZGnwBOr9AeQeOD8:1twbYp:fPxPH1Qnc_BBfKGh7ueWivoZB0rYHeoqlQJ5ZpUgnmI	2025-03-24 14:35:23.77513+07
cnv62oobktnljaw4zjpe61z15qjc6hny	.eJxVjDsOwjAQBe_iGln-G1PS5wzWeneDA8iR4qRC3B0ipYD2zcx7iQzbWvPWeckTiYuw4vS7FcAHtx3QHdptlji3dZmK3BV50C6Hmfh5Pdy_gwq9fmsDwduoDbsIKgTiMJL3KZADh9ZGAlSoSBlOib1Gfy4mQQlljBoMRfH-ANoLN_0:1twfS3:nZDWYoyxoighzvsBP9utgj4obAMaldUD_99RVqGKRlA	2025-03-25 10:34:39.606193+07
\.


--
-- Data for Name: django_site; Type: TABLE DATA; Schema: public; Owner: postgres
--

COPY public.django_site (id, domain, name) FROM stdin;
1	example.com	example.com
\.


--
-- Data for Name: guardian_groupobjectpermission; Type: TABLE DATA; Schema: public; Owner: postgres
--

COPY public.guardian_groupobjectpermission (id, object_pk, content_type_id, group_id, permission_id) FROM stdin;
\.


--
-- Data for Name: guardian_userobjectpermission; Type: TABLE DATA; Schema: public; Owner: postgres
--

COPY public.guardian_userobjectpermission (id, object_pk, content_type_id, permission_id, user_id) FROM stdin;
\.


--
-- Data for Name: info_assign; Type: TABLE DATA; Schema: public; Owner: postgres
--

COPY public.info_assign (id, class_id_id, course_id, teacher_id) FROM stdin;
\.


--
-- Data for Name: info_assigntime; Type: TABLE DATA; Schema: public; Owner: postgres
--

COPY public.info_assigntime (id, period, day, assign_id) FROM stdin;
\.


--
-- Data for Name: info_attendance; Type: TABLE DATA; Schema: public; Owner: postgres
--

COPY public.info_attendance (id, date, status, attendanceclass_id, course_id, student_id) FROM stdin;
\.


--
-- Data for Name: info_attendanceclass; Type: TABLE DATA; Schema: public; Owner: postgres
--

COPY public.info_attendanceclass (id, date, status, assign_id) FROM stdin;
\.


--
-- Data for Name: info_attendancerange; Type: TABLE DATA; Schema: public; Owner: postgres
--

COPY public.info_attendancerange (id, start_date, end_date) FROM stdin;
\.


--
-- Data for Name: info_attendancetotal; Type: TABLE DATA; Schema: public; Owner: postgres
--

COPY public.info_attendancetotal (id, course_id, student_id) FROM stdin;
\.


--
-- Data for Name: info_class; Type: TABLE DATA; Schema: public; Owner: postgres
--

COPY public.info_class (id, section, sem, dept_id) FROM stdin;
\.


--
-- Data for Name: info_course; Type: TABLE DATA; Schema: public; Owner: postgres
--

COPY public.info_course (id, name, shortname, dept_id) FROM stdin;
\.


--
-- Data for Name: info_dept; Type: TABLE DATA; Schema: public; Owner: postgres
--

COPY public.info_dept (id, name) FROM stdin;
\.


--
-- Data for Name: info_historicaldept; Type: TABLE DATA; Schema: public; Owner: postgres
--

COPY public.info_historicaldept (id, name, history_id, history_date, history_change_reason, history_type, history_user_id) FROM stdin;
\.


--
-- Data for Name: info_marks; Type: TABLE DATA; Schema: public; Owner: postgres
--

COPY public.info_marks (id, name, marks1, studentcourse_id) FROM stdin;
\.


--
-- Data for Name: info_marksclass; Type: TABLE DATA; Schema: public; Owner: postgres
--

COPY public.info_marksclass (id, name, status, assign_id) FROM stdin;
\.


--
-- Data for Name: info_student; Type: TABLE DATA; Schema: public; Owner: postgres
--

COPY public.info_student ("USN", name, sex, "DOB", class_id_id, user_id) FROM stdin;
\.


--
-- Data for Name: info_studentcourse; Type: TABLE DATA; Schema: public; Owner: postgres
--

COPY public.info_studentcourse (id, course_id, student_id) FROM stdin;
\.


--
-- Data for Name: info_teacher; Type: TABLE DATA; Schema: public; Owner: postgres
--

COPY public.info_teacher (id, name, sex, "DOB", dept_id, user_id) FROM stdin;
\.


--
-- Data for Name: info_user; Type: TABLE DATA; Schema: public; Owner: postgres
--

COPY public.info_user (id, password, last_login, is_superuser, username, first_name, last_name, email, is_staff, is_active, date_joined) FROM stdin;
1	!0HYbcA3IBdGe700siaRy39786hIzQXbGZ6RPJxLs	\N	f	AnonymousUser				f	t	2025-03-19 21:17:16.488239+07
2	pbkdf2_sha256$870000$ZeEf0AgPL9dnnIX8C1CoZz$Kg4DofkzGsufYBn1GqiV9YzSnYpQDzvkWptiomysL7M=	2025-03-19 21:37:31.572563+07	t	demo				t	t	2025-03-19 21:17:53.179575+07
4	pbkdf2_sha256$870000$JbYPx5nyTO6CoNj6AntZZa$mghQGa8qrzN8BIAWtmn4CJpApm4P0/6ZD/CDEjep8FI=	\N	f	ns_vantn	Trn Ngc Vn			f	t	2025-03-21 08:42:55.164626+07
3	pbkdf2_sha256$600000$9DhUGWYfC2Mpd6AGukInBA$WJVtTopXGmEaQjDWdaCeanuNCpG+ePVRiIbiA5t3Dm4=	2025-03-24 17:54:26.621368+07	t	heu-demo		Hello	Trinh.nguyen.vn72@gmail.com	t	t	2025-03-19 21:42:30+07
\.


--
-- Data for Name: info_user_groups; Type: TABLE DATA; Schema: public; Owner: postgres
--

COPY public.info_user_groups (id, user_id, group_id) FROM stdin;
\.


--
-- Data for Name: info_user_user_permissions; Type: TABLE DATA; Schema: public; Owner: postgres
--

COPY public.info_user_user_permissions (id, user_id, permission_id) FROM stdin;
\.


--
-- Data for Name: shop_item; Type: TABLE DATA; Schema: public; Owner: postgres
--

COPY public.shop_item (id, name, description, price) FROM stdin;
\.


--
-- Data for Name: shop_purchase; Type: TABLE DATA; Schema: public; Owner: postgres
--

COPY public.shop_purchase (id, customer_full_name, payment_method, "time", successful, item_id) FROM stdin;
\.


--
-- Data for Name: shop_rawrp; Type: TABLE DATA; Schema: public; Owner: postgres
--

COPY public.shop_rawrp (id, labels, data) FROM stdin;
\.


--
-- Data for Name: sms_ctdt; Type: TABLE DATA; Schema: public; Owner: postgres
--

COPY public.sms_ctdt (id, ten, khoa, khoahoc) FROM stdin;
1	Du Lch	Du lch	2021
2	Tin hc ng dng	Cng ngh thng tin	21
4	Nghip v l tn	Du lch - L tn	21
5	K Ton Doanh Nghip	K Ton	2025
6	Marketing	Cng ngh thng tin	2025
7	Cng ngh thng tin	Cng ngh thng tin	2025
\.


--
-- Data for Name: sms_ctdtmonhoc; Type: TABLE DATA; Schema: public; Owner: postgres
--

COPY public.sms_ctdtmonhoc (id, status, ctdt_id, monhoc_id) FROM stdin;
1	0	1	28
2	0	1	27
3	0	1	26
4	0	1	25
5	0	1	24
6	0	1	23
7	0	1	22
8	0	1	21
9	0	1	20
10	0	1	19
11	0	1	18
12	0	1	17
13	0	1	16
14	0	1	15
15	0	1	14
16	0	1	13
17	0	1	12
18	0	1	11
19	0	1	10
20	0	1	9
21	0	1	8
22	0	1	7
23	0	1	6
24	0	1	5
25	0	1	4
26	0	1	3
27	0	1	2
28	0	1	1
29	0	1	48
30	0	1	47
31	0	1	46
32	0	1	45
33	0	1	44
34	0	1	43
35	0	1	42
36	0	1	41
37	0	1	40
38	0	1	39
39	0	1	38
40	0	1	37
41	0	1	36
42	0	1	35
43	0	1	34
44	0	1	33
45	0	1	32
46	0	1	31
47	0	1	30
48	0	1	29
96	1	2	1
95	1	2	2
94	1	2	3
93	1	2	4
92	1	2	5
91	1	2	6
90	1	2	7
89	1	2	8
88	1	2	9
87	1	2	10
86	1	2	11
85	1	2	12
84	1	2	13
83	1	2	14
82	1	2	15
81	1	2	16
80	1	2	17
79	1	2	18
78	1	2	19
77	1	2	20
76	1	2	21
75	1	2	22
74	1	2	23
73	1	2	24
72	1	2	25
71	1	2	26
70	1	2	27
69	0	2	28
68	0	2	29
67	0	2	30
66	0	2	31
65	0	2	32
64	0	2	33
63	0	2	34
62	0	2	35
61	0	2	36
60	0	2	37
59	0	2	38
58	0	2	39
57	0	2	40
56	0	2	41
55	0	2	42
54	0	2	43
53	0	2	44
52	0	2	45
51	0	2	46
50	0	2	47
49	0	2	48
193	0	6	48
194	0	6	47
195	0	6	46
196	0	6	45
197	0	6	44
198	0	6	43
199	0	6	42
200	0	6	41
201	0	6	40
202	0	6	39
203	0	6	38
204	0	6	37
205	0	6	36
206	0	6	35
207	0	6	34
208	0	6	33
209	0	6	32
210	0	6	31
211	0	6	30
212	0	6	29
213	0	6	28
214	0	6	27
215	0	6	26
216	0	6	25
217	0	6	24
218	0	6	23
219	0	6	22
220	0	6	21
221	0	6	20
222	0	6	19
223	0	6	18
224	0	6	17
225	0	6	16
226	0	6	15
227	0	6	14
228	0	6	13
229	0	6	12
230	0	6	11
231	0	6	10
232	0	6	9
233	0	6	8
234	0	6	7
235	0	6	6
236	0	6	5
237	0	6	4
238	0	6	3
239	0	6	2
240	0	6	1
192	0	4	1
191	0	4	2
190	0	4	3
189	0	4	4
188	0	4	5
187	0	4	6
186	0	4	7
185	0	4	8
184	0	4	9
183	0	4	10
182	0	4	11
181	0	4	12
180	0	4	13
179	0	4	14
178	0	4	15
177	0	4	16
176	0	4	17
175	0	4	18
174	0	4	19
173	0	4	20
172	0	4	21
171	0	4	22
170	0	4	23
169	0	4	24
168	0	4	25
167	0	4	26
166	0	4	27
165	1	4	28
164	1	4	29
163	1	4	30
162	1	4	31
161	1	4	32
160	1	4	33
159	1	4	34
158	1	4	35
157	1	4	36
156	1	4	37
155	1	4	38
154	1	4	39
153	1	4	40
152	1	4	41
151	1	4	42
150	1	4	43
149	1	4	44
148	1	4	45
147	1	4	46
146	1	4	47
145	1	4	48
241	0	5	48
242	0	5	47
243	0	5	46
244	0	5	45
245	0	5	44
246	0	5	43
247	0	5	42
248	0	5	41
249	0	5	40
250	0	5	39
251	0	5	38
252	0	5	37
253	0	5	36
254	0	5	35
255	0	5	34
256	0	5	33
257	0	5	32
258	0	5	31
259	0	5	30
260	0	5	29
261	0	5	28
262	0	5	27
263	0	5	26
264	0	5	25
265	0	5	24
266	0	5	23
267	0	5	22
268	0	5	21
269	0	5	20
270	0	5	19
271	0	5	18
272	0	5	17
273	0	5	16
274	0	5	15
275	0	5	14
276	0	5	13
277	0	5	12
278	0	5	11
279	0	5	10
280	0	5	9
281	0	5	8
282	0	5	7
283	0	5	6
284	0	5	5
285	0	5	4
286	0	5	3
287	0	5	2
288	0	5	1
289	0	7	48
290	0	7	47
291	0	7	46
292	0	7	45
293	0	7	44
294	0	7	43
295	0	7	42
296	0	7	41
297	0	7	40
298	0	7	39
299	0	7	38
300	0	7	37
301	0	7	36
302	0	7	35
303	0	7	34
304	0	7	33
305	0	7	32
306	0	7	31
307	0	7	30
308	0	7	29
309	0	7	28
310	0	7	27
311	0	7	26
312	0	7	25
313	0	7	24
314	0	7	23
315	0	7	22
316	0	7	21
317	0	7	20
318	0	7	19
319	0	7	18
320	0	7	17
321	0	7	16
322	0	7	15
323	0	7	14
324	0	7	13
325	0	7	12
326	0	7	11
327	0	7	10
328	0	7	9
329	0	7	8
330	0	7	7
331	0	7	6
332	0	7	5
333	0	7	4
334	0	7	3
335	0	7	2
336	0	7	1
\.


--
-- Data for Name: sms_diemdanh; Type: TABLE DATA; Schema: public; Owner: postgres
--

COPY public.sms_diemdanh (id, status, lichhoc_id, sv_id) FROM stdin;
1	1	1	243
2	1	1	306
3	1	1	307
4	1	1	308
5	1	1	309
6	1	1	310
7	1	1	311
8	1	1	312
9	1	1	313
10	1	1	314
11	1	1	315
12	1	1	316
13	1	1	317
\.


--
-- Data for Name: sms_diemdanhall; Type: TABLE DATA; Schema: public; Owner: postgres
--

COPY public.sms_diemdanhall (id, ten, sdt, diachi, status) FROM stdin;
\.


--
-- Data for Name: sms_diemthanhphan; Type: TABLE DATA; Schema: public; Owner: postgres
--

COPY public.sms_diemthanhphan (id, diem, status, log_id, monhoc_id, sv_id, tp_id) FROM stdin;
1	0.0	0	6	7	243	1
2	0.0	0	6	7	306	1
3	0.0	0	6	7	307	1
4	0.0	0	6	7	308	1
5	0.0	0	6	7	309	1
6	0.0	0	6	7	310	1
7	0.0	0	6	7	311	1
8	0.0	0	6	7	312	1
9	0.0	0	6	7	313	1
10	0.0	0	6	7	314	1
11	0.0	0	6	7	315	1
12	0.0	0	6	7	316	1
13	0.0	0	6	7	317	1
14	0.0	0	7	7	243	1
15	0.0	0	7	7	306	1
16	0.0	0	7	7	307	1
17	0.0	0	7	7	308	1
18	0.0	0	7	7	309	1
19	0.0	0	7	7	310	1
20	0.0	0	7	7	311	1
21	0.0	0	7	7	312	1
22	0.0	0	7	7	313	1
23	0.0	0	7	7	314	1
24	0.0	0	7	7	315	1
25	0.0	0	7	7	316	1
26	0.0	0	7	7	317	1
27	9.0	1	8	7	307	1
28	9.5	1	8	7	308	1
29	9.5	1	8	7	310	1
30	9.5	1	8	7	313	1
31	9.0	1	8	7	315	1
32	9.0	1	8	7	316	1
33	0.0	0	9	7	243	1
34	0.0	0	9	7	306	1
35	0.0	0	9	7	307	1
36	0.0	0	9	7	308	1
37	0.0	0	9	7	309	1
38	0.0	0	9	7	310	1
39	0.0	0	9	7	311	1
40	0.0	0	9	7	312	1
41	0.0	0	9	7	313	1
42	0.0	0	9	7	314	1
43	0.0	0	9	7	315	1
44	0.0	0	9	7	316	1
45	0.0	0	9	7	317	1
46	9.0	1	10	7	307	2
47	9.5	1	10	7	308	2
48	9.5	1	10	7	310	2
49	9.5	1	10	7	313	2
50	9.0	1	10	7	315	2
51	9.0	1	10	7	316	2
52	0.0	0	11	7	243	1
53	0.0	0	11	7	306	1
54	0.0	0	11	7	307	1
55	0.0	0	11	7	308	1
56	0.0	0	11	7	309	1
57	0.0	0	11	7	310	1
58	0.0	0	11	7	311	1
59	0.0	0	11	7	312	1
60	0.0	0	11	7	313	1
61	0.0	0	11	7	314	1
62	0.0	0	11	7	315	1
63	0.0	0	11	7	316	1
64	0.0	0	11	7	317	1
65	0.0	0	12	7	243	1
66	0.0	0	12	7	306	1
67	0.0	0	12	7	307	1
68	0.0	0	12	7	308	1
69	0.0	0	12	7	309	1
70	0.0	0	12	7	310	1
71	0.0	0	12	7	311	1
72	0.0	0	12	7	312	1
73	0.0	0	12	7	313	1
74	0.0	0	12	7	314	1
75	0.0	0	12	7	315	1
76	0.0	0	12	7	316	1
77	0.0	0	12	7	317	1
78	0.0	0	13	7	243	2
79	0.0	0	13	7	306	2
80	0.0	0	13	7	307	2
81	0.0	0	13	7	308	2
82	0.0	0	13	7	309	2
83	0.0	0	13	7	310	2
84	0.0	0	13	7	311	2
85	0.0	0	13	7	312	2
86	0.0	0	13	7	313	2
87	0.0	0	13	7	314	2
88	0.0	0	13	7	315	2
89	0.0	0	13	7	316	2
90	0.0	0	13	7	317	2
91	9.0	1	14	7	307	3
92	9.5	1	14	7	308	3
93	9.5	1	14	7	310	3
94	9.5	1	14	7	313	3
95	9.0	1	14	7	315	3
96	9.0	1	14	7	316	3
97	0.0	0	15	6	243	1
98	0.0	0	15	6	306	1
99	0.0	0	15	6	307	1
100	0.0	0	15	6	308	1
101	0.0	0	15	6	309	1
102	0.0	0	15	6	310	1
103	0.0	0	15	6	311	1
104	0.0	0	15	6	312	1
105	0.0	0	15	6	313	1
106	0.0	0	15	6	314	1
107	0.0	0	15	6	315	1
108	0.0	0	15	6	316	1
109	0.0	0	15	6	317	1
110	0.0	0	16	2	243	1
111	0.0	0	16	2	306	1
112	0.0	0	16	2	307	1
113	0.0	0	16	2	308	1
114	0.0	0	16	2	309	1
115	0.0	0	16	2	310	1
116	0.0	0	16	2	311	1
117	0.0	0	16	2	312	1
118	0.0	0	16	2	313	1
119	0.0	0	16	2	314	1
120	0.0	0	16	2	315	1
121	0.0	0	16	2	316	1
122	0.0	0	16	2	317	1
123	8.0	1	17	6	243	1
124	8.0	1	17	6	306	1
125	9.0	1	17	6	307	1
126	5.0	1	17	6	308	1
127	8.0	1	17	6	309	1
128	9.0	1	17	6	310	1
129	5.0	1	17	6	311	1
130	6.0	1	17	6	312	1
131	7.0	1	17	6	313	1
132	8.0	1	17	6	314	1
133	4.0	1	17	6	315	1
134	6.0	1	17	6	316	1
135	2.0	1	17	6	317	1
136	4.0	1	18	6	243	2
137	7.0	1	18	6	306	2
138	8.0	1	18	6	307	2
139	9.0	1	18	6	308	2
140	5.0	1	18	6	309	2
141	8.0	1	18	6	310	2
142	6.0	1	18	6	311	2
143	8.0	1	18	6	312	2
144	6.0	1	18	6	313	2
145	8.0	1	18	6	314	2
146	6.0	1	18	6	315	2
147	9.0	1	18	6	316	2
148	3.0	1	18	6	317	2
\.


--
-- Data for Name: sms_giayto_hs81; Type: TABLE DATA; Schema: public; Owner: postgres
--

COPY public.sms_giayto_hs81 (id, ten, format, soluong, status, hs81_id, softfile_id) FROM stdin;
\.


--
-- Data for Name: sms_gvlmh; Type: TABLE DATA; Schema: public; Owner: postgres
--

COPY public.sms_gvlmh (id, status, gv_id, lopmh_id) FROM stdin;
1	0	6	6
2	0	6	5
3	0	6	4
4	0	6	3
5	0	6	2
6	0	6	1
\.


--
-- Data for Name: sms_gvlop; Type: TABLE DATA; Schema: public; Owner: postgres
--

COPY public.sms_gvlop (id, status, gv_id, lop_id) FROM stdin;
\.


--
-- Data for Name: sms_gvmonhoc; Type: TABLE DATA; Schema: public; Owner: postgres
--

COPY public.sms_gvmonhoc (id, status, gv_id, monhoc_id) FROM stdin;
\.


--
-- Data for Name: sms_hedt; Type: TABLE DATA; Schema: public; Owner: postgres
--

COPY public.sms_hedt (id, ma, ten) FROM stdin;
\.


--
-- Data for Name: sms_historicalctdt; Type: TABLE DATA; Schema: public; Owner: postgres
--

COPY public.sms_historicalctdt (id, ten, khoa, khoahoc, history_id, history_date, history_change_reason, history_type, history_user_id) FROM stdin;
1	Du Lch	Du lch	2021	1	2025-03-20 10:58:26.188115+07	\N	+	3
2	Tin hc ng dng	Cng ngh thng tin	21	2	2025-03-20 11:23:15.595433+07	\N	+	3
3	trinh test	trinh test	2100	3	2025-03-22 17:08:45.430484+07	\N	+	3
4	Nghip v l tn	Du lch - L tn	21	4	2025-03-24 10:17:59.556987+07	\N	+	3
5	K Ton Doanh Nghip	K Ton	2025	5	2025-03-24 15:21:40.838018+07	\N	+	3
6	Marketing	Cng ngh thng tin	2025	6	2025-03-24 15:22:12.58107+07	\N	+	3
7	Cng ngh thng tin	Cng ngh thng tin	2025	7	2025-03-24 15:22:33.912863+07	\N	+	3
\.


--
-- Data for Name: sms_historicalctdtmonhoc; Type: TABLE DATA; Schema: public; Owner: postgres
--

COPY public.sms_historicalctdtmonhoc (id, status, history_id, history_date, history_change_reason, history_type, ctdt_id, history_user_id, monhoc_id) FROM stdin;
1	0	1	2025-03-20 11:10:12.282439+07	\N	+	1	3	28
2	0	2	2025-03-20 11:10:12.301504+07	\N	+	1	3	27
3	0	3	2025-03-20 11:10:12.308383+07	\N	+	1	3	26
4	0	4	2025-03-20 11:10:12.315738+07	\N	+	1	3	25
5	0	5	2025-03-20 11:10:12.324805+07	\N	+	1	3	24
6	0	6	2025-03-20 11:10:12.3361+07	\N	+	1	3	23
7	0	7	2025-03-20 11:10:12.344056+07	\N	+	1	3	22
8	0	8	2025-03-20 11:10:12.352384+07	\N	+	1	3	21
9	0	9	2025-03-20 11:10:12.359388+07	\N	+	1	3	20
10	0	10	2025-03-20 11:10:12.367547+07	\N	+	1	3	19
11	0	11	2025-03-20 11:10:12.378502+07	\N	+	1	3	18
12	0	12	2025-03-20 11:10:12.388274+07	\N	+	1	3	17
13	0	13	2025-03-20 11:10:12.396802+07	\N	+	1	3	16
14	0	14	2025-03-20 11:10:12.405985+07	\N	+	1	3	15
15	0	15	2025-03-20 11:10:12.415083+07	\N	+	1	3	14
16	0	16	2025-03-20 11:10:12.422463+07	\N	+	1	3	13
17	0	17	2025-03-20 11:10:12.430533+07	\N	+	1	3	12
18	0	18	2025-03-20 11:10:12.43861+07	\N	+	1	3	11
19	0	19	2025-03-20 11:10:12.44564+07	\N	+	1	3	10
20	0	20	2025-03-20 11:10:12.453045+07	\N	+	1	3	9
21	0	21	2025-03-20 11:10:12.461321+07	\N	+	1	3	8
22	0	22	2025-03-20 11:10:12.469209+07	\N	+	1	3	7
23	0	23	2025-03-20 11:10:12.478536+07	\N	+	1	3	6
24	0	24	2025-03-20 11:10:12.488584+07	\N	+	1	3	5
25	0	25	2025-03-20 11:10:12.498282+07	\N	+	1	3	4
26	0	26	2025-03-20 11:10:12.507349+07	\N	+	1	3	3
27	0	27	2025-03-20 11:10:12.515299+07	\N	+	1	3	2
28	0	28	2025-03-20 11:10:12.523658+07	\N	+	1	3	1
29	0	29	2025-03-20 11:16:56.89033+07	\N	+	1	3	48
30	0	30	2025-03-20 11:16:56.902058+07	\N	+	1	3	47
31	0	31	2025-03-20 11:16:56.910799+07	\N	+	1	3	46
32	0	32	2025-03-20 11:16:56.921769+07	\N	+	1	3	45
33	0	33	2025-03-20 11:16:56.931099+07	\N	+	1	3	44
34	0	34	2025-03-20 11:16:56.940368+07	\N	+	1	3	43
35	0	35	2025-03-20 11:16:56.949151+07	\N	+	1	3	42
36	0	36	2025-03-20 11:16:56.958268+07	\N	+	1	3	41
37	0	37	2025-03-20 11:16:56.967605+07	\N	+	1	3	40
38	0	38	2025-03-20 11:16:56.976117+07	\N	+	1	3	39
39	0	39	2025-03-20 11:16:56.986554+07	\N	+	1	3	38
40	0	40	2025-03-20 11:16:56.996824+07	\N	+	1	3	37
41	0	41	2025-03-20 11:16:57.006371+07	\N	+	1	3	36
42	0	42	2025-03-20 11:16:57.015366+07	\N	+	1	3	35
43	0	43	2025-03-20 11:16:57.024954+07	\N	+	1	3	34
44	0	44	2025-03-20 11:16:57.033045+07	\N	+	1	3	33
45	0	45	2025-03-20 11:16:57.040497+07	\N	+	1	3	32
46	0	46	2025-03-20 11:16:57.05125+07	\N	+	1	3	31
47	0	47	2025-03-20 11:16:57.061848+07	\N	+	1	3	30
48	0	48	2025-03-20 11:16:57.072571+07	\N	+	1	3	29
49	0	49	2025-03-20 11:23:25.940373+07	\N	+	2	3	48
50	0	50	2025-03-20 11:23:25.957325+07	\N	+	2	3	47
51	0	51	2025-03-20 11:23:25.9693+07	\N	+	2	3	46
52	0	52	2025-03-20 11:23:25.979993+07	\N	+	2	3	45
53	0	53	2025-03-20 11:23:25.990968+07	\N	+	2	3	44
54	0	54	2025-03-20 11:23:26.00198+07	\N	+	2	3	43
55	0	55	2025-03-20 11:23:26.011805+07	\N	+	2	3	42
56	0	56	2025-03-20 11:23:26.020479+07	\N	+	2	3	41
57	0	57	2025-03-20 11:23:26.031815+07	\N	+	2	3	40
58	0	58	2025-03-20 11:23:26.044108+07	\N	+	2	3	39
59	0	59	2025-03-20 11:23:26.05525+07	\N	+	2	3	38
60	0	60	2025-03-20 11:23:26.065971+07	\N	+	2	3	37
61	0	61	2025-03-20 11:23:26.076978+07	\N	+	2	3	36
62	0	62	2025-03-20 11:23:26.086933+07	\N	+	2	3	35
63	0	63	2025-03-20 11:23:26.09863+07	\N	+	2	3	34
64	0	64	2025-03-20 11:23:26.110837+07	\N	+	2	3	33
65	0	65	2025-03-20 11:23:26.121882+07	\N	+	2	3	32
66	0	66	2025-03-20 11:23:26.131999+07	\N	+	2	3	31
67	0	67	2025-03-20 11:23:26.140607+07	\N	+	2	3	30
68	0	68	2025-03-20 11:23:26.15191+07	\N	+	2	3	29
69	0	69	2025-03-20 11:23:26.163885+07	\N	+	2	3	28
70	0	70	2025-03-20 11:23:26.177202+07	\N	+	2	3	27
71	0	71	2025-03-20 11:23:26.189294+07	\N	+	2	3	26
72	0	72	2025-03-20 11:23:26.201741+07	\N	+	2	3	25
73	0	73	2025-03-20 11:23:26.211609+07	\N	+	2	3	24
74	0	74	2025-03-20 11:23:26.220272+07	\N	+	2	3	23
75	0	75	2025-03-20 11:23:26.229433+07	\N	+	2	3	22
76	0	76	2025-03-20 11:23:26.238879+07	\N	+	2	3	21
77	0	77	2025-03-20 11:23:26.249566+07	\N	+	2	3	20
78	0	78	2025-03-20 11:23:26.258706+07	\N	+	2	3	19
79	0	79	2025-03-20 11:23:26.267379+07	\N	+	2	3	18
80	0	80	2025-03-20 11:23:26.276442+07	\N	+	2	3	17
81	0	81	2025-03-20 11:23:26.288311+07	\N	+	2	3	16
82	0	82	2025-03-20 11:23:26.299635+07	\N	+	2	3	15
83	0	83	2025-03-20 11:23:26.31085+07	\N	+	2	3	14
84	0	84	2025-03-20 11:23:26.319761+07	\N	+	2	3	13
85	0	85	2025-03-20 11:23:26.328291+07	\N	+	2	3	12
86	0	86	2025-03-20 11:23:26.337821+07	\N	+	2	3	11
87	0	87	2025-03-20 11:23:26.346924+07	\N	+	2	3	10
88	0	88	2025-03-20 11:23:26.355604+07	\N	+	2	3	9
89	0	89	2025-03-20 11:23:26.364227+07	\N	+	2	3	8
90	0	90	2025-03-20 11:23:26.381015+07	\N	+	2	3	7
91	0	91	2025-03-20 11:23:26.393234+07	\N	+	2	3	6
92	0	92	2025-03-20 11:23:26.40344+07	\N	+	2	3	5
93	0	93	2025-03-20 11:23:26.413+07	\N	+	2	3	4
94	0	94	2025-03-20 11:23:26.421614+07	\N	+	2	3	3
95	0	95	2025-03-20 11:23:26.430075+07	\N	+	2	3	2
96	0	96	2025-03-20 11:23:26.44153+07	\N	+	2	3	1
96	1	97	2025-03-20 11:24:58.532977+07	\N	~	2	3	1
95	1	98	2025-03-20 11:24:58.54716+07	\N	~	2	3	2
94	1	99	2025-03-20 11:24:58.55598+07	\N	~	2	3	3
93	1	100	2025-03-20 11:24:58.56445+07	\N	~	2	3	4
92	1	101	2025-03-20 11:24:58.57192+07	\N	~	2	3	5
91	1	102	2025-03-20 11:24:58.580843+07	\N	~	2	3	6
90	1	103	2025-03-20 11:24:58.588544+07	\N	~	2	3	7
89	1	104	2025-03-20 11:24:58.596338+07	\N	~	2	3	8
88	1	105	2025-03-20 11:24:58.603362+07	\N	~	2	3	9
87	1	106	2025-03-20 11:24:58.610887+07	\N	~	2	3	10
86	1	107	2025-03-20 11:24:58.61856+07	\N	~	2	3	11
85	1	108	2025-03-20 11:24:58.625647+07	\N	~	2	3	12
84	1	109	2025-03-20 11:24:58.632576+07	\N	~	2	3	13
83	1	110	2025-03-20 11:24:58.640217+07	\N	~	2	3	14
82	1	111	2025-03-20 11:24:58.647355+07	\N	~	2	3	15
81	1	112	2025-03-20 11:24:58.655538+07	\N	~	2	3	16
80	1	113	2025-03-20 11:24:58.664802+07	\N	~	2	3	17
79	1	114	2025-03-20 11:24:58.672391+07	\N	~	2	3	18
78	1	115	2025-03-20 11:24:58.68136+07	\N	~	2	3	19
77	1	116	2025-03-20 11:24:58.690261+07	\N	~	2	3	20
76	1	117	2025-03-20 11:24:58.7002+07	\N	~	2	3	21
75	1	118	2025-03-20 11:24:58.708574+07	\N	~	2	3	22
74	1	119	2025-03-20 11:24:58.715603+07	\N	~	2	3	23
73	1	120	2025-03-20 11:24:58.724079+07	\N	~	2	3	24
72	1	121	2025-03-20 11:24:58.731759+07	\N	~	2	3	25
71	1	122	2025-03-20 11:24:58.740374+07	\N	~	2	3	26
70	1	123	2025-03-20 11:24:58.750116+07	\N	~	2	3	27
69	0	124	2025-03-20 11:24:58.757478+07	\N	~	2	3	28
68	0	125	2025-03-20 11:24:58.767036+07	\N	~	2	3	29
67	0	126	2025-03-20 11:24:58.775107+07	\N	~	2	3	30
66	0	127	2025-03-20 11:24:58.785714+07	\N	~	2	3	31
65	0	128	2025-03-20 11:24:58.793966+07	\N	~	2	3	32
64	0	129	2025-03-20 11:24:58.801446+07	\N	~	2	3	33
63	0	130	2025-03-20 11:24:58.81128+07	\N	~	2	3	34
62	0	131	2025-03-20 11:24:58.820325+07	\N	~	2	3	35
61	0	132	2025-03-20 11:24:58.829281+07	\N	~	2	3	36
60	0	133	2025-03-20 11:24:58.837239+07	\N	~	2	3	37
59	0	134	2025-03-20 11:24:58.847396+07	\N	~	2	3	38
58	0	135	2025-03-20 11:24:58.857434+07	\N	~	2	3	39
57	0	136	2025-03-20 11:24:58.867158+07	\N	~	2	3	40
56	0	137	2025-03-20 11:24:58.876875+07	\N	~	2	3	41
55	0	138	2025-03-20 11:24:58.886627+07	\N	~	2	3	42
54	0	139	2025-03-20 11:24:58.89522+07	\N	~	2	3	43
53	0	140	2025-03-20 11:24:58.904997+07	\N	~	2	3	44
52	0	141	2025-03-20 11:24:58.914546+07	\N	~	2	3	45
51	0	142	2025-03-20 11:24:58.922912+07	\N	~	2	3	46
50	0	143	2025-03-20 11:24:58.937013+07	\N	~	2	3	47
49	0	144	2025-03-20 11:24:58.947172+07	\N	~	2	3	48
97	0	145	2025-03-22 17:18:31.645829+07	\N	+	3	3	48
98	0	146	2025-03-22 17:18:31.662803+07	\N	+	3	3	47
99	0	147	2025-03-22 17:18:31.673725+07	\N	+	3	3	46
100	0	148	2025-03-22 17:18:31.683199+07	\N	+	3	3	45
101	0	149	2025-03-22 17:18:31.693509+07	\N	+	3	3	44
102	0	150	2025-03-22 17:18:31.703715+07	\N	+	3	3	43
103	0	151	2025-03-22 17:18:31.713511+07	\N	+	3	3	42
104	0	152	2025-03-22 17:18:31.726091+07	\N	+	3	3	41
105	0	153	2025-03-22 17:18:31.738549+07	\N	+	3	3	40
106	0	154	2025-03-22 17:18:31.74918+07	\N	+	3	3	39
107	0	155	2025-03-22 17:18:31.757672+07	\N	+	3	3	38
108	0	156	2025-03-22 17:18:31.768319+07	\N	+	3	3	37
109	0	157	2025-03-22 17:18:31.776983+07	\N	+	3	3	36
110	0	158	2025-03-22 17:18:31.785689+07	\N	+	3	3	35
111	0	159	2025-03-22 17:18:31.794584+07	\N	+	3	3	34
112	0	160	2025-03-22 17:18:31.804126+07	\N	+	3	3	33
113	0	161	2025-03-22 17:18:31.811636+07	\N	+	3	3	32
114	0	162	2025-03-22 17:18:31.821172+07	\N	+	3	3	31
115	0	163	2025-03-22 17:18:31.832151+07	\N	+	3	3	30
116	0	164	2025-03-22 17:18:31.844151+07	\N	+	3	3	29
117	0	165	2025-03-22 17:18:31.853363+07	\N	+	3	3	28
118	0	166	2025-03-22 17:18:31.862619+07	\N	+	3	3	27
119	0	167	2025-03-22 17:18:31.87049+07	\N	+	3	3	26
120	0	168	2025-03-22 17:18:31.879134+07	\N	+	3	3	25
121	0	169	2025-03-22 17:18:31.890824+07	\N	+	3	3	24
122	0	170	2025-03-22 17:18:31.899199+07	\N	+	3	3	23
123	0	171	2025-03-22 17:18:31.908768+07	\N	+	3	3	22
124	0	172	2025-03-22 17:18:31.917971+07	\N	+	3	3	21
125	0	173	2025-03-22 17:18:31.927733+07	\N	+	3	3	20
126	0	174	2025-03-22 17:18:31.937944+07	\N	+	3	3	19
127	0	175	2025-03-22 17:18:31.94914+07	\N	+	3	3	18
128	0	176	2025-03-22 17:18:31.960906+07	\N	+	3	3	17
129	0	177	2025-03-22 17:18:31.972049+07	\N	+	3	3	16
130	0	178	2025-03-22 17:18:31.984331+07	\N	+	3	3	15
131	0	179	2025-03-22 17:18:31.993256+07	\N	+	3	3	14
132	0	180	2025-03-22 17:18:32.005196+07	\N	+	3	3	13
133	0	181	2025-03-22 17:18:32.025632+07	\N	+	3	3	12
134	0	182	2025-03-22 17:18:32.033546+07	\N	+	3	3	11
135	0	183	2025-03-22 17:18:32.043587+07	\N	+	3	3	10
136	0	184	2025-03-22 17:18:32.053017+07	\N	+	3	3	9
137	0	185	2025-03-22 17:18:32.064553+07	\N	+	3	3	8
138	0	186	2025-03-22 17:18:32.075989+07	\N	+	3	3	7
139	0	187	2025-03-22 17:18:32.085567+07	\N	+	3	3	6
140	0	188	2025-03-22 17:18:32.095208+07	\N	+	3	3	5
141	0	189	2025-03-22 17:18:32.105146+07	\N	+	3	3	4
142	0	190	2025-03-22 17:18:32.113494+07	\N	+	3	3	3
143	0	191	2025-03-22 17:18:32.123705+07	\N	+	3	3	2
144	0	192	2025-03-22 17:18:32.13254+07	\N	+	3	3	1
145	0	193	2025-03-24 10:18:08.128849+07	\N	+	4	3	48
146	0	194	2025-03-24 10:18:08.138919+07	\N	+	4	3	47
147	0	195	2025-03-24 10:18:08.146393+07	\N	+	4	3	46
148	0	196	2025-03-24 10:18:08.155059+07	\N	+	4	3	45
149	0	197	2025-03-24 10:18:08.164822+07	\N	+	4	3	44
150	0	198	2025-03-24 10:18:08.173343+07	\N	+	4	3	43
151	0	199	2025-03-24 10:18:08.182454+07	\N	+	4	3	42
152	0	200	2025-03-24 10:18:08.191902+07	\N	+	4	3	41
153	0	201	2025-03-24 10:18:08.203634+07	\N	+	4	3	40
154	0	202	2025-03-24 10:18:08.214565+07	\N	+	4	3	39
155	0	203	2025-03-24 10:18:08.22298+07	\N	+	4	3	38
156	0	204	2025-03-24 10:18:08.230609+07	\N	+	4	3	37
157	0	205	2025-03-24 10:18:08.238893+07	\N	+	4	3	36
158	0	206	2025-03-24 10:18:08.246914+07	\N	+	4	3	35
159	0	207	2025-03-24 10:18:08.254382+07	\N	+	4	3	34
160	0	208	2025-03-24 10:18:08.262822+07	\N	+	4	3	33
161	0	209	2025-03-24 10:18:08.270866+07	\N	+	4	3	32
162	0	210	2025-03-24 10:18:08.278958+07	\N	+	4	3	31
163	0	211	2025-03-24 10:18:08.285778+07	\N	+	4	3	30
164	0	212	2025-03-24 10:18:08.29214+07	\N	+	4	3	29
165	0	213	2025-03-24 10:18:08.302663+07	\N	+	4	3	28
166	0	214	2025-03-24 10:18:08.311991+07	\N	+	4	3	27
167	0	215	2025-03-24 10:18:08.320716+07	\N	+	4	3	26
168	0	216	2025-03-24 10:18:08.331869+07	\N	+	4	3	25
169	0	217	2025-03-24 10:18:08.340066+07	\N	+	4	3	24
170	0	218	2025-03-24 10:18:08.349148+07	\N	+	4	3	23
171	0	219	2025-03-24 10:18:08.356408+07	\N	+	4	3	22
172	0	220	2025-03-24 10:18:08.364073+07	\N	+	4	3	21
173	0	221	2025-03-24 10:18:08.373701+07	\N	+	4	3	20
174	0	222	2025-03-24 10:18:08.384046+07	\N	+	4	3	19
175	0	223	2025-03-24 10:18:08.394728+07	\N	+	4	3	18
176	0	224	2025-03-24 10:18:08.403657+07	\N	+	4	3	17
177	0	225	2025-03-24 10:18:08.411071+07	\N	+	4	3	16
178	0	226	2025-03-24 10:18:08.418198+07	\N	+	4	3	15
179	0	227	2025-03-24 10:18:08.425912+07	\N	+	4	3	14
180	0	228	2025-03-24 10:18:08.434639+07	\N	+	4	3	13
181	0	229	2025-03-24 10:18:08.443058+07	\N	+	4	3	12
182	0	230	2025-03-24 10:18:08.452037+07	\N	+	4	3	11
183	0	231	2025-03-24 10:18:08.462543+07	\N	+	4	3	10
184	0	232	2025-03-24 10:18:08.472476+07	\N	+	4	3	9
185	0	233	2025-03-24 10:18:08.481239+07	\N	+	4	3	8
186	0	234	2025-03-24 10:18:08.49024+07	\N	+	4	3	7
187	0	235	2025-03-24 10:18:08.500478+07	\N	+	4	3	6
188	0	236	2025-03-24 10:18:08.508903+07	\N	+	4	3	5
189	0	237	2025-03-24 10:18:08.517183+07	\N	+	4	3	4
190	0	238	2025-03-24 10:18:08.529075+07	\N	+	4	3	3
191	0	239	2025-03-24 10:18:08.542284+07	\N	+	4	3	2
192	0	240	2025-03-24 10:18:08.55742+07	\N	+	4	3	1
192	0	241	2025-03-24 10:18:42.831427+07	\N	~	4	3	1
191	0	242	2025-03-24 10:18:42.842382+07	\N	~	4	3	2
190	0	243	2025-03-24 10:18:42.84856+07	\N	~	4	3	3
189	0	244	2025-03-24 10:18:42.855783+07	\N	~	4	3	4
188	0	245	2025-03-24 10:18:42.862778+07	\N	~	4	3	5
187	0	246	2025-03-24 10:18:42.86984+07	\N	~	4	3	6
186	0	247	2025-03-24 10:18:42.875759+07	\N	~	4	3	7
185	0	248	2025-03-24 10:18:42.881458+07	\N	~	4	3	8
184	0	249	2025-03-24 10:18:42.888024+07	\N	~	4	3	9
183	0	250	2025-03-24 10:18:42.894592+07	\N	~	4	3	10
182	0	251	2025-03-24 10:18:42.901573+07	\N	~	4	3	11
181	0	252	2025-03-24 10:18:42.907921+07	\N	~	4	3	12
180	0	253	2025-03-24 10:18:42.914666+07	\N	~	4	3	13
179	0	254	2025-03-24 10:18:42.922363+07	\N	~	4	3	14
178	0	255	2025-03-24 10:18:42.929499+07	\N	~	4	3	15
177	0	256	2025-03-24 10:18:42.936741+07	\N	~	4	3	16
176	0	257	2025-03-24 10:18:42.94321+07	\N	~	4	3	17
175	0	258	2025-03-24 10:18:42.950664+07	\N	~	4	3	18
174	0	259	2025-03-24 10:18:42.957711+07	\N	~	4	3	19
173	0	260	2025-03-24 10:18:42.964813+07	\N	~	4	3	20
172	0	261	2025-03-24 10:18:42.971972+07	\N	~	4	3	21
171	0	262	2025-03-24 10:18:42.978605+07	\N	~	4	3	22
170	0	263	2025-03-24 10:18:42.984332+07	\N	~	4	3	23
169	0	264	2025-03-24 10:18:42.991415+07	\N	~	4	3	24
168	0	265	2025-03-24 10:18:42.999512+07	\N	~	4	3	25
167	0	266	2025-03-24 10:18:43.007585+07	\N	~	4	3	26
166	0	267	2025-03-24 10:18:43.013379+07	\N	~	4	3	27
165	1	268	2025-03-24 10:18:43.019162+07	\N	~	4	3	28
164	1	269	2025-03-24 10:18:43.024942+07	\N	~	4	3	29
163	1	270	2025-03-24 10:18:43.03055+07	\N	~	4	3	30
162	1	271	2025-03-24 10:18:43.036929+07	\N	~	4	3	31
161	1	272	2025-03-24 10:18:43.0445+07	\N	~	4	3	32
160	1	273	2025-03-24 10:18:43.050022+07	\N	~	4	3	33
159	1	274	2025-03-24 10:18:43.055038+07	\N	~	4	3	34
158	1	275	2025-03-24 10:18:43.060233+07	\N	~	4	3	35
157	1	276	2025-03-24 10:18:43.065945+07	\N	~	4	3	36
156	1	277	2025-03-24 10:18:43.073796+07	\N	~	4	3	37
155	1	278	2025-03-24 10:18:43.080512+07	\N	~	4	3	38
154	1	279	2025-03-24 10:18:43.086517+07	\N	~	4	3	39
153	1	280	2025-03-24 10:18:43.093416+07	\N	~	4	3	40
152	1	281	2025-03-24 10:18:43.100892+07	\N	~	4	3	41
151	1	282	2025-03-24 10:18:43.107516+07	\N	~	4	3	42
150	1	283	2025-03-24 10:18:43.114015+07	\N	~	4	3	43
149	1	284	2025-03-24 10:18:43.120417+07	\N	~	4	3	44
148	1	285	2025-03-24 10:18:43.126375+07	\N	~	4	3	45
147	1	286	2025-03-24 10:18:43.132576+07	\N	~	4	3	46
146	1	287	2025-03-24 10:18:43.138993+07	\N	~	4	3	47
145	1	288	2025-03-24 10:18:43.145488+07	\N	~	4	3	48
193	0	289	2025-03-24 16:27:33.902317+07	\N	+	6	3	48
194	0	290	2025-03-24 16:27:33.916514+07	\N	+	6	3	47
195	0	291	2025-03-24 16:27:33.924147+07	\N	+	6	3	46
196	0	292	2025-03-24 16:27:33.93177+07	\N	+	6	3	45
197	0	293	2025-03-24 16:27:33.938907+07	\N	+	6	3	44
198	0	294	2025-03-24 16:27:33.945847+07	\N	+	6	3	43
199	0	295	2025-03-24 16:27:33.954731+07	\N	+	6	3	42
200	0	296	2025-03-24 16:27:33.961971+07	\N	+	6	3	41
201	0	297	2025-03-24 16:27:33.971619+07	\N	+	6	3	40
202	0	298	2025-03-24 16:27:33.982318+07	\N	+	6	3	39
203	0	299	2025-03-24 16:27:33.992891+07	\N	+	6	3	38
204	0	300	2025-03-24 16:27:34.001633+07	\N	+	6	3	37
205	0	301	2025-03-24 16:27:34.011402+07	\N	+	6	3	36
206	0	302	2025-03-24 16:27:34.018983+07	\N	+	6	3	35
207	0	303	2025-03-24 16:27:34.026624+07	\N	+	6	3	34
208	0	304	2025-03-24 16:27:34.036249+07	\N	+	6	3	33
209	0	305	2025-03-24 16:27:34.046343+07	\N	+	6	3	32
210	0	306	2025-03-24 16:27:34.055055+07	\N	+	6	3	31
211	0	307	2025-03-24 16:27:34.064303+07	\N	+	6	3	30
212	0	308	2025-03-24 16:27:34.078693+07	\N	+	6	3	29
213	0	309	2025-03-24 16:27:34.086643+07	\N	+	6	3	28
214	0	310	2025-03-24 16:27:34.093657+07	\N	+	6	3	27
215	0	311	2025-03-24 16:27:34.101368+07	\N	+	6	3	26
216	0	312	2025-03-24 16:27:34.109165+07	\N	+	6	3	25
217	0	313	2025-03-24 16:27:34.116708+07	\N	+	6	3	24
218	0	314	2025-03-24 16:27:34.124991+07	\N	+	6	3	23
219	0	315	2025-03-24 16:27:34.132708+07	\N	+	6	3	22
220	0	316	2025-03-24 16:27:34.140575+07	\N	+	6	3	21
221	0	317	2025-03-24 16:27:34.149645+07	\N	+	6	3	20
222	0	318	2025-03-24 16:27:34.156856+07	\N	+	6	3	19
223	0	319	2025-03-24 16:27:34.165882+07	\N	+	6	3	18
224	0	320	2025-03-24 16:27:34.173861+07	\N	+	6	3	17
225	0	321	2025-03-24 16:27:34.182312+07	\N	+	6	3	16
226	0	322	2025-03-24 16:27:34.190518+07	\N	+	6	3	15
227	0	323	2025-03-24 16:27:34.199009+07	\N	+	6	3	14
228	0	324	2025-03-24 16:27:34.205321+07	\N	+	6	3	13
229	0	325	2025-03-24 16:27:34.211635+07	\N	+	6	3	12
230	0	326	2025-03-24 16:27:34.217802+07	\N	+	6	3	11
231	0	327	2025-03-24 16:27:34.224275+07	\N	+	6	3	10
232	0	328	2025-03-24 16:27:34.231338+07	\N	+	6	3	9
233	0	329	2025-03-24 16:27:34.236924+07	\N	+	6	3	8
234	0	330	2025-03-24 16:27:34.241949+07	\N	+	6	3	7
235	0	331	2025-03-24 16:27:34.249099+07	\N	+	6	3	6
236	0	332	2025-03-24 16:27:34.255451+07	\N	+	6	3	5
237	0	333	2025-03-24 16:27:34.260896+07	\N	+	6	3	4
238	0	334	2025-03-24 16:27:34.266391+07	\N	+	6	3	3
239	0	335	2025-03-24 16:27:34.27183+07	\N	+	6	3	2
240	0	336	2025-03-24 16:27:34.276959+07	\N	+	6	3	1
241	0	337	2025-03-24 16:27:56.641398+07	\N	+	5	3	48
242	0	338	2025-03-24 16:27:56.654085+07	\N	+	5	3	47
243	0	339	2025-03-24 16:27:56.663312+07	\N	+	5	3	46
244	0	340	2025-03-24 16:27:56.672675+07	\N	+	5	3	45
245	0	341	2025-03-24 16:27:56.68085+07	\N	+	5	3	44
246	0	342	2025-03-24 16:27:56.690147+07	\N	+	5	3	43
247	0	343	2025-03-24 16:27:56.6983+07	\N	+	5	3	42
248	0	344	2025-03-24 16:27:56.706688+07	\N	+	5	3	41
249	0	345	2025-03-24 16:27:56.714787+07	\N	+	5	3	40
250	0	346	2025-03-24 16:27:56.721905+07	\N	+	5	3	39
251	0	347	2025-03-24 16:27:56.728935+07	\N	+	5	3	38
252	0	348	2025-03-24 16:27:56.738747+07	\N	+	5	3	37
253	0	349	2025-03-24 16:27:56.744511+07	\N	+	5	3	36
254	0	350	2025-03-24 16:27:56.751248+07	\N	+	5	3	35
255	0	351	2025-03-24 16:27:56.75752+07	\N	+	5	3	34
256	0	352	2025-03-24 16:27:56.763615+07	\N	+	5	3	33
257	0	353	2025-03-24 16:27:56.769904+07	\N	+	5	3	32
258	0	354	2025-03-24 16:27:56.776442+07	\N	+	5	3	31
259	0	355	2025-03-24 16:27:56.783109+07	\N	+	5	3	30
260	0	356	2025-03-24 16:27:56.78984+07	\N	+	5	3	29
261	0	357	2025-03-24 16:27:56.79717+07	\N	+	5	3	28
262	0	358	2025-03-24 16:27:56.803452+07	\N	+	5	3	27
263	0	359	2025-03-24 16:27:56.810628+07	\N	+	5	3	26
264	0	360	2025-03-24 16:27:56.816931+07	\N	+	5	3	25
265	0	361	2025-03-24 16:27:56.824667+07	\N	+	5	3	24
266	0	362	2025-03-24 16:27:56.832116+07	\N	+	5	3	23
267	0	363	2025-03-24 16:27:56.838962+07	\N	+	5	3	22
268	0	364	2025-03-24 16:27:56.8453+07	\N	+	5	3	21
269	0	365	2025-03-24 16:27:56.851499+07	\N	+	5	3	20
270	0	366	2025-03-24 16:27:56.859458+07	\N	+	5	3	19
271	0	367	2025-03-24 16:27:56.867618+07	\N	+	5	3	18
272	0	368	2025-03-24 16:27:56.876668+07	\N	+	5	3	17
273	0	369	2025-03-24 16:27:56.884123+07	\N	+	5	3	16
274	0	370	2025-03-24 16:27:56.890344+07	\N	+	5	3	15
275	0	371	2025-03-24 16:27:56.89598+07	\N	+	5	3	14
276	0	372	2025-03-24 16:27:56.902006+07	\N	+	5	3	13
277	0	373	2025-03-24 16:27:56.908457+07	\N	+	5	3	12
278	0	374	2025-03-24 16:27:56.914893+07	\N	+	5	3	11
279	0	375	2025-03-24 16:27:56.92165+07	\N	+	5	3	10
280	0	376	2025-03-24 16:27:56.928183+07	\N	+	5	3	9
281	0	377	2025-03-24 16:27:56.935611+07	\N	+	5	3	8
282	0	378	2025-03-24 16:27:56.942953+07	\N	+	5	3	7
283	0	379	2025-03-24 16:27:56.950051+07	\N	+	5	3	6
284	0	380	2025-03-24 16:27:56.957997+07	\N	+	5	3	5
285	0	381	2025-03-24 16:27:56.965647+07	\N	+	5	3	4
286	0	382	2025-03-24 16:27:56.974294+07	\N	+	5	3	3
287	0	383	2025-03-24 16:27:56.981254+07	\N	+	5	3	2
288	0	384	2025-03-24 16:27:56.988022+07	\N	+	5	3	1
289	0	385	2025-03-24 16:28:08.098811+07	\N	+	7	3	48
290	0	386	2025-03-24 16:28:08.108886+07	\N	+	7	3	47
291	0	387	2025-03-24 16:28:08.116546+07	\N	+	7	3	46
292	0	388	2025-03-24 16:28:08.125397+07	\N	+	7	3	45
293	0	389	2025-03-24 16:28:08.13496+07	\N	+	7	3	44
294	0	390	2025-03-24 16:28:08.14576+07	\N	+	7	3	43
295	0	391	2025-03-24 16:28:08.155309+07	\N	+	7	3	42
296	0	392	2025-03-24 16:28:08.163494+07	\N	+	7	3	41
297	0	393	2025-03-24 16:28:08.169394+07	\N	+	7	3	40
298	0	394	2025-03-24 16:28:08.175002+07	\N	+	7	3	39
299	0	395	2025-03-24 16:28:08.181383+07	\N	+	7	3	38
300	0	396	2025-03-24 16:28:08.18803+07	\N	+	7	3	37
301	0	397	2025-03-24 16:28:08.193858+07	\N	+	7	3	36
302	0	398	2025-03-24 16:28:08.199562+07	\N	+	7	3	35
303	0	399	2025-03-24 16:28:08.204637+07	\N	+	7	3	34
304	0	400	2025-03-24 16:28:08.210607+07	\N	+	7	3	33
305	0	401	2025-03-24 16:28:08.21541+07	\N	+	7	3	32
306	0	402	2025-03-24 16:28:08.221095+07	\N	+	7	3	31
307	0	403	2025-03-24 16:28:08.226957+07	\N	+	7	3	30
308	0	404	2025-03-24 16:28:08.233662+07	\N	+	7	3	29
309	0	405	2025-03-24 16:28:08.240332+07	\N	+	7	3	28
310	0	406	2025-03-24 16:28:08.247348+07	\N	+	7	3	27
311	0	407	2025-03-24 16:28:08.253344+07	\N	+	7	3	26
312	0	408	2025-03-24 16:28:08.259169+07	\N	+	7	3	25
313	0	409	2025-03-24 16:28:08.273068+07	\N	+	7	3	24
314	0	410	2025-03-24 16:28:08.280786+07	\N	+	7	3	23
315	0	411	2025-03-24 16:28:08.287211+07	\N	+	7	3	22
316	0	412	2025-03-24 16:28:08.293265+07	\N	+	7	3	21
317	0	413	2025-03-24 16:28:08.299291+07	\N	+	7	3	20
318	0	414	2025-03-24 16:28:08.305855+07	\N	+	7	3	19
319	0	415	2025-03-24 16:28:08.312432+07	\N	+	7	3	18
320	0	416	2025-03-24 16:28:08.318931+07	\N	+	7	3	17
321	0	417	2025-03-24 16:28:08.325531+07	\N	+	7	3	16
322	0	418	2025-03-24 16:28:08.331928+07	\N	+	7	3	15
323	0	419	2025-03-24 16:28:08.338029+07	\N	+	7	3	14
324	0	420	2025-03-24 16:28:08.344259+07	\N	+	7	3	13
325	0	421	2025-03-24 16:28:08.3501+07	\N	+	7	3	12
326	0	422	2025-03-24 16:28:08.355907+07	\N	+	7	3	11
327	0	423	2025-03-24 16:28:08.36153+07	\N	+	7	3	10
328	0	424	2025-03-24 16:28:08.366959+07	\N	+	7	3	9
329	0	425	2025-03-24 16:28:08.372286+07	\N	+	7	3	8
330	0	426	2025-03-24 16:28:08.378312+07	\N	+	7	3	7
331	0	427	2025-03-24 16:28:08.384288+07	\N	+	7	3	6
332	0	428	2025-03-24 16:28:08.391944+07	\N	+	7	3	5
333	0	429	2025-03-24 16:28:08.399117+07	\N	+	7	3	4
334	0	430	2025-03-24 16:28:08.407807+07	\N	+	7	3	3
335	0	431	2025-03-24 16:28:08.414866+07	\N	+	7	3	2
336	0	432	2025-03-24 16:28:08.422406+07	\N	+	7	3	1
\.


--
-- Data for Name: sms_historicaldiemdanh; Type: TABLE DATA; Schema: public; Owner: postgres
--

COPY public.sms_historicaldiemdanh (id, status, history_id, history_date, history_change_reason, history_type, history_user_id, lichhoc_id, sv_id) FROM stdin;
1	1	1	2025-03-24 16:31:18.489815+07	\N	+	3	1	243
2	1	2	2025-03-24 16:31:18.514294+07	\N	+	3	1	306
3	1	3	2025-03-24 16:31:18.521836+07	\N	+	3	1	307
4	1	4	2025-03-24 16:31:18.529086+07	\N	+	3	1	308
5	1	5	2025-03-24 16:31:18.536143+07	\N	+	3	1	309
6	1	6	2025-03-24 16:31:18.543503+07	\N	+	3	1	310
7	1	7	2025-03-24 16:31:18.550463+07	\N	+	3	1	311
8	1	8	2025-03-24 16:31:18.557272+07	\N	+	3	1	312
9	1	9	2025-03-24 16:31:18.563951+07	\N	+	3	1	313
10	1	10	2025-03-24 16:31:18.57069+07	\N	+	3	1	314
11	1	11	2025-03-24 16:31:18.578919+07	\N	+	3	1	315
12	1	12	2025-03-24 16:31:18.585373+07	\N	+	3	1	316
13	1	13	2025-03-24 16:31:18.591668+07	\N	+	3	1	317
\.


--
-- Data for Name: sms_historicaldiemthanhphan; Type: TABLE DATA; Schema: public; Owner: postgres
--

COPY public.sms_historicaldiemthanhphan (id, diem, status, history_id, history_date, history_change_reason, history_type, history_user_id, log_id, monhoc_id, sv_id, tp_id) FROM stdin;
1	0.0	0	1	2025-03-24 16:31:32.417748+07	\N	+	3	6	7	243	1
2	0.0	0	2	2025-03-24 16:31:32.450351+07	\N	+	3	6	7	306	1
3	0.0	0	3	2025-03-24 16:31:32.45788+07	\N	+	3	6	7	307	1
4	0.0	0	4	2025-03-24 16:31:32.464676+07	\N	+	3	6	7	308	1
5	0.0	0	5	2025-03-24 16:31:32.471663+07	\N	+	3	6	7	309	1
6	0.0	0	6	2025-03-24 16:31:32.478504+07	\N	+	3	6	7	310	1
7	0.0	0	7	2025-03-24 16:31:32.483597+07	\N	+	3	6	7	311	1
8	0.0	0	8	2025-03-24 16:31:32.489725+07	\N	+	3	6	7	312	1
9	0.0	0	9	2025-03-24 16:31:32.496126+07	\N	+	3	6	7	313	1
10	0.0	0	10	2025-03-24 16:31:32.503967+07	\N	+	3	6	7	314	1
11	0.0	0	11	2025-03-24 16:31:32.511454+07	\N	+	3	6	7	315	1
12	0.0	0	12	2025-03-24 16:31:32.518949+07	\N	+	3	6	7	316	1
13	0.0	0	13	2025-03-24 16:31:32.524006+07	\N	+	3	6	7	317	1
14	0.0	0	14	2025-03-24 16:33:48.622273+07	\N	+	3	7	7	243	1
15	0.0	0	15	2025-03-24 16:33:48.632566+07	\N	+	3	7	7	306	1
16	0.0	0	16	2025-03-24 16:33:48.638689+07	\N	+	3	7	7	307	1
17	0.0	0	17	2025-03-24 16:33:48.64608+07	\N	+	3	7	7	308	1
18	0.0	0	18	2025-03-24 16:33:48.652216+07	\N	+	3	7	7	309	1
19	0.0	0	19	2025-03-24 16:33:48.658789+07	\N	+	3	7	7	310	1
20	0.0	0	20	2025-03-24 16:33:48.667855+07	\N	+	3	7	7	311	1
21	0.0	0	21	2025-03-24 16:33:48.674032+07	\N	+	3	7	7	312	1
22	0.0	0	22	2025-03-24 16:33:48.679902+07	\N	+	3	7	7	313	1
23	0.0	0	23	2025-03-24 16:33:48.685012+07	\N	+	3	7	7	314	1
24	0.0	0	24	2025-03-24 16:33:48.690251+07	\N	+	3	7	7	315	1
25	0.0	0	25	2025-03-24 16:33:48.695233+07	\N	+	3	7	7	316	1
26	0.0	0	26	2025-03-24 16:33:48.700152+07	\N	+	3	7	7	317	1
27	9.0	1	27	2025-03-24 16:36:24.794089+07	\N	+	3	8	7	307	1
28	9.5	1	28	2025-03-24 16:36:24.813689+07	\N	+	3	8	7	308	1
29	9.5	1	29	2025-03-24 16:36:24.826229+07	\N	+	3	8	7	310	1
30	9.5	1	30	2025-03-24 16:36:24.843576+07	\N	+	3	8	7	313	1
31	9.0	1	31	2025-03-24 16:36:24.85797+07	\N	+	3	8	7	315	1
32	9.0	1	32	2025-03-24 16:36:24.871019+07	\N	+	3	8	7	316	1
33	0.0	0	33	2025-03-24 16:36:33.592217+07	\N	+	3	9	7	243	1
34	0.0	0	34	2025-03-24 16:36:33.601305+07	\N	+	3	9	7	306	1
35	0.0	0	35	2025-03-24 16:36:33.607912+07	\N	+	3	9	7	307	1
36	0.0	0	36	2025-03-24 16:36:33.614171+07	\N	+	3	9	7	308	1
37	0.0	0	37	2025-03-24 16:36:33.620152+07	\N	+	3	9	7	309	1
38	0.0	0	38	2025-03-24 16:36:33.627589+07	\N	+	3	9	7	310	1
39	0.0	0	39	2025-03-24 16:36:33.633261+07	\N	+	3	9	7	311	1
40	0.0	0	40	2025-03-24 16:36:33.637664+07	\N	+	3	9	7	312	1
41	0.0	0	41	2025-03-24 16:36:33.643737+07	\N	+	3	9	7	313	1
42	0.0	0	42	2025-03-24 16:36:33.649213+07	\N	+	3	9	7	314	1
43	0.0	0	43	2025-03-24 16:36:33.655415+07	\N	+	3	9	7	315	1
44	0.0	0	44	2025-03-24 16:36:33.661358+07	\N	+	3	9	7	316	1
45	0.0	0	45	2025-03-24 16:36:33.666969+07	\N	+	3	9	7	317	1
46	9.0	1	46	2025-03-24 16:36:54.049128+07	\N	+	3	10	7	307	2
47	9.5	1	47	2025-03-24 16:36:54.067499+07	\N	+	3	10	7	308	2
48	9.5	1	48	2025-03-24 16:36:54.082991+07	\N	+	3	10	7	310	2
49	9.5	1	49	2025-03-24 16:36:54.100262+07	\N	+	3	10	7	313	2
50	9.0	1	50	2025-03-24 16:36:54.113966+07	\N	+	3	10	7	315	2
51	9.0	1	51	2025-03-24 16:36:54.126331+07	\N	+	3	10	7	316	2
52	0.0	0	52	2025-03-24 16:37:11.53882+07	\N	+	3	11	7	243	1
53	0.0	0	53	2025-03-24 16:37:11.547084+07	\N	+	3	11	7	306	1
54	0.0	0	54	2025-03-24 16:37:11.55331+07	\N	+	3	11	7	307	1
55	0.0	0	55	2025-03-24 16:37:11.558542+07	\N	+	3	11	7	308	1
56	0.0	0	56	2025-03-24 16:37:11.563913+07	\N	+	3	11	7	309	1
57	0.0	0	57	2025-03-24 16:37:11.569313+07	\N	+	3	11	7	310	1
58	0.0	0	58	2025-03-24 16:37:11.573916+07	\N	+	3	11	7	311	1
59	0.0	0	59	2025-03-24 16:37:11.578493+07	\N	+	3	11	7	312	1
60	0.0	0	60	2025-03-24 16:37:11.583479+07	\N	+	3	11	7	313	1
61	0.0	0	61	2025-03-24 16:37:11.587962+07	\N	+	3	11	7	314	1
62	0.0	0	62	2025-03-24 16:37:11.592324+07	\N	+	3	11	7	315	1
63	0.0	0	63	2025-03-24 16:37:11.597126+07	\N	+	3	11	7	316	1
64	0.0	0	64	2025-03-24 16:37:11.601526+07	\N	+	3	11	7	317	1
65	0.0	0	65	2025-03-24 16:37:16.205307+07	\N	+	3	12	7	243	1
66	0.0	0	66	2025-03-24 16:37:16.213747+07	\N	+	3	12	7	306	1
67	0.0	0	67	2025-03-24 16:37:16.219238+07	\N	+	3	12	7	307	1
68	0.0	0	68	2025-03-24 16:37:16.225173+07	\N	+	3	12	7	308	1
69	0.0	0	69	2025-03-24 16:37:16.23077+07	\N	+	3	12	7	309	1
70	0.0	0	70	2025-03-24 16:37:16.236762+07	\N	+	3	12	7	310	1
71	0.0	0	71	2025-03-24 16:37:16.242123+07	\N	+	3	12	7	311	1
72	0.0	0	72	2025-03-24 16:37:16.246608+07	\N	+	3	12	7	312	1
73	0.0	0	73	2025-03-24 16:37:16.252977+07	\N	+	3	12	7	313	1
74	0.0	0	74	2025-03-24 16:37:16.258296+07	\N	+	3	12	7	314	1
75	0.0	0	75	2025-03-24 16:37:16.26347+07	\N	+	3	12	7	315	1
76	0.0	0	76	2025-03-24 16:37:16.268911+07	\N	+	3	12	7	316	1
77	0.0	0	77	2025-03-24 16:37:16.278594+07	\N	+	3	12	7	317	1
78	0.0	0	78	2025-03-24 16:37:23.715525+07	\N	+	3	13	7	243	2
79	0.0	0	79	2025-03-24 16:37:23.728859+07	\N	+	3	13	7	306	2
80	0.0	0	80	2025-03-24 16:37:23.734961+07	\N	+	3	13	7	307	2
81	0.0	0	81	2025-03-24 16:37:23.740502+07	\N	+	3	13	7	308	2
82	0.0	0	82	2025-03-24 16:37:23.74583+07	\N	+	3	13	7	309	2
83	0.0	0	83	2025-03-24 16:37:23.751466+07	\N	+	3	13	7	310	2
84	0.0	0	84	2025-03-24 16:37:23.757029+07	\N	+	3	13	7	311	2
85	0.0	0	85	2025-03-24 16:37:23.761349+07	\N	+	3	13	7	312	2
86	0.0	0	86	2025-03-24 16:37:23.76563+07	\N	+	3	13	7	313	2
87	0.0	0	87	2025-03-24 16:37:23.76984+07	\N	+	3	13	7	314	2
88	0.0	0	88	2025-03-24 16:37:23.774001+07	\N	+	3	13	7	315	2
89	0.0	0	89	2025-03-24 16:37:23.778506+07	\N	+	3	13	7	316	2
90	0.0	0	90	2025-03-24 16:37:23.783459+07	\N	+	3	13	7	317	2
91	9.0	1	91	2025-03-24 16:39:01.502867+07	\N	+	3	14	7	307	3
92	9.5	1	92	2025-03-24 16:39:01.52147+07	\N	+	3	14	7	308	3
93	9.5	1	93	2025-03-24 16:39:01.545967+07	\N	+	3	14	7	310	3
94	9.5	1	94	2025-03-24 16:39:01.5718+07	\N	+	3	14	7	313	3
95	9.0	1	95	2025-03-24 16:39:01.593731+07	\N	+	3	14	7	315	3
96	9.0	1	96	2025-03-24 16:39:01.611448+07	\N	+	3	14	7	316	3
97	0.0	0	97	2025-03-24 17:00:20.253714+07	\N	+	3	15	6	243	1
98	0.0	0	98	2025-03-24 17:00:20.26152+07	\N	+	3	15	6	306	1
99	0.0	0	99	2025-03-24 17:00:20.269343+07	\N	+	3	15	6	307	1
100	0.0	0	100	2025-03-24 17:00:20.277278+07	\N	+	3	15	6	308	1
101	0.0	0	101	2025-03-24 17:00:20.282524+07	\N	+	3	15	6	309	1
102	0.0	0	102	2025-03-24 17:00:20.287373+07	\N	+	3	15	6	310	1
103	0.0	0	103	2025-03-24 17:00:20.292318+07	\N	+	3	15	6	311	1
104	0.0	0	104	2025-03-24 17:00:20.298839+07	\N	+	3	15	6	312	1
105	0.0	0	105	2025-03-24 17:00:20.304432+07	\N	+	3	15	6	313	1
106	0.0	0	106	2025-03-24 17:00:20.321793+07	\N	+	3	15	6	314	1
107	0.0	0	107	2025-03-24 17:00:20.328665+07	\N	+	3	15	6	315	1
108	0.0	0	108	2025-03-24 17:00:20.334077+07	\N	+	3	15	6	316	1
109	0.0	0	109	2025-03-24 17:00:20.339339+07	\N	+	3	15	6	317	1
110	0.0	0	110	2025-03-24 17:00:56.553475+07	\N	+	3	16	2	243	1
111	0.0	0	111	2025-03-24 17:00:56.561943+07	\N	+	3	16	2	306	1
112	0.0	0	112	2025-03-24 17:00:56.566959+07	\N	+	3	16	2	307	1
113	0.0	0	113	2025-03-24 17:00:56.571296+07	\N	+	3	16	2	308	1
114	0.0	0	114	2025-03-24 17:00:56.575532+07	\N	+	3	16	2	309	1
115	0.0	0	115	2025-03-24 17:00:56.58001+07	\N	+	3	16	2	310	1
116	0.0	0	116	2025-03-24 17:00:56.583921+07	\N	+	3	16	2	311	1
117	0.0	0	117	2025-03-24 17:00:56.587428+07	\N	+	3	16	2	312	1
118	0.0	0	118	2025-03-24 17:00:56.590858+07	\N	+	3	16	2	313	1
119	0.0	0	119	2025-03-24 17:00:56.594576+07	\N	+	3	16	2	314	1
120	0.0	0	120	2025-03-24 17:00:56.598504+07	\N	+	3	16	2	315	1
121	0.0	0	121	2025-03-24 17:00:56.603242+07	\N	+	3	16	2	316	1
122	0.0	0	122	2025-03-24 17:00:56.607652+07	\N	+	3	16	2	317	1
123	0.0	0	123	2025-03-24 17:05:16.966865+07	\N	+	3	17	6	243	1
124	0.0	0	124	2025-03-24 17:05:16.973072+07	\N	+	3	17	6	306	1
125	0.0	0	125	2025-03-24 17:05:16.977222+07	\N	+	3	17	6	307	1
126	0.0	0	126	2025-03-24 17:05:16.981087+07	\N	+	3	17	6	308	1
127	0.0	0	127	2025-03-24 17:05:16.985148+07	\N	+	3	17	6	309	1
128	0.0	0	128	2025-03-24 17:05:16.989256+07	\N	+	3	17	6	310	1
129	0.0	0	129	2025-03-24 17:05:16.992817+07	\N	+	3	17	6	311	1
130	0.0	0	130	2025-03-24 17:05:16.9963+07	\N	+	3	17	6	312	1
131	0.0	0	131	2025-03-24 17:05:16.999661+07	\N	+	3	17	6	313	1
132	0.0	0	132	2025-03-24 17:05:17.003049+07	\N	+	3	17	6	314	1
133	0.0	0	133	2025-03-24 17:05:17.006551+07	\N	+	3	17	6	315	1
134	0.0	0	134	2025-03-24 17:05:17.009884+07	\N	+	3	17	6	316	1
135	0.0	0	135	2025-03-24 17:05:17.013494+07	\N	+	3	17	6	317	1
123	8.0	1	136	2025-03-24 17:05:37.694538+07	\N	~	3	17	6	243	1
124	8.0	1	137	2025-03-24 17:05:37.70772+07	\N	~	3	17	6	306	1
125	9.0	1	138	2025-03-24 17:05:37.726771+07	\N	~	3	17	6	307	1
126	5.0	1	139	2025-03-24 17:05:37.737451+07	\N	~	3	17	6	308	1
127	8.0	1	140	2025-03-24 17:05:37.75039+07	\N	~	3	17	6	309	1
128	9.0	1	141	2025-03-24 17:05:37.759035+07	\N	~	3	17	6	310	1
129	5.0	1	142	2025-03-24 17:05:37.769525+07	\N	~	3	17	6	311	1
130	6.0	1	143	2025-03-24 17:05:37.777827+07	\N	~	3	17	6	312	1
131	7.0	1	144	2025-03-24 17:05:37.785379+07	\N	~	3	17	6	313	1
132	8.0	1	145	2025-03-24 17:05:37.797316+07	\N	~	3	17	6	314	1
133	4.0	1	146	2025-03-24 17:05:37.809653+07	\N	~	3	17	6	315	1
134	6.0	1	147	2025-03-24 17:05:37.822001+07	\N	~	3	17	6	316	1
135	2.0	1	148	2025-03-24 17:05:37.833085+07	\N	~	3	17	6	317	1
136	0.0	0	149	2025-03-24 17:05:44.682183+07	\N	+	3	18	6	243	2
137	0.0	0	150	2025-03-24 17:05:44.691562+07	\N	+	3	18	6	306	2
138	0.0	0	151	2025-03-24 17:05:44.697202+07	\N	+	3	18	6	307	2
139	0.0	0	152	2025-03-24 17:05:44.703352+07	\N	+	3	18	6	308	2
140	0.0	0	153	2025-03-24 17:05:44.709133+07	\N	+	3	18	6	309	2
141	0.0	0	154	2025-03-24 17:05:44.714978+07	\N	+	3	18	6	310	2
142	0.0	0	155	2025-03-24 17:05:44.72086+07	\N	+	3	18	6	311	2
143	0.0	0	156	2025-03-24 17:05:44.726679+07	\N	+	3	18	6	312	2
144	0.0	0	157	2025-03-24 17:05:44.731596+07	\N	+	3	18	6	313	2
145	0.0	0	158	2025-03-24 17:05:44.736058+07	\N	+	3	18	6	314	2
146	0.0	0	159	2025-03-24 17:05:44.740841+07	\N	+	3	18	6	315	2
147	0.0	0	160	2025-03-24 17:05:44.745746+07	\N	+	3	18	6	316	2
148	0.0	0	161	2025-03-24 17:05:44.750222+07	\N	+	3	18	6	317	2
136	4.0	1	162	2025-03-24 17:06:04.147634+07	\N	~	3	18	6	243	2
137	7.0	1	163	2025-03-24 17:06:04.161757+07	\N	~	3	18	6	306	2
138	8.0	1	164	2025-03-24 17:06:04.171111+07	\N	~	3	18	6	307	2
139	9.0	1	165	2025-03-24 17:06:04.178642+07	\N	~	3	18	6	308	2
140	5.0	1	166	2025-03-24 17:06:04.187035+07	\N	~	3	18	6	309	2
141	8.0	1	167	2025-03-24 17:06:04.194274+07	\N	~	3	18	6	310	2
142	6.0	1	168	2025-03-24 17:06:04.201492+07	\N	~	3	18	6	311	2
143	8.0	1	169	2025-03-24 17:06:04.211249+07	\N	~	3	18	6	312	2
144	6.0	1	170	2025-03-24 17:06:04.224065+07	\N	~	3	18	6	313	2
145	8.0	1	171	2025-03-24 17:06:04.232734+07	\N	~	3	18	6	314	2
146	6.0	1	172	2025-03-24 17:06:04.251331+07	\N	~	3	18	6	315	2
147	9.0	1	173	2025-03-24 17:06:04.26384+07	\N	~	3	18	6	316	2
148	3.0	1	174	2025-03-24 17:06:04.277243+07	\N	~	3	18	6	317	2
\.


--
-- Data for Name: sms_historicalgiayto_hs81; Type: TABLE DATA; Schema: public; Owner: postgres
--

COPY public.sms_historicalgiayto_hs81 (id, ten, format, soluong, status, history_id, history_date, history_change_reason, history_type, history_user_id, hs81_id, softfile_id) FROM stdin;
\.


--
-- Data for Name: sms_historicalgvlmh; Type: TABLE DATA; Schema: public; Owner: postgres
--

COPY public.sms_historicalgvlmh (id, status, history_id, history_date, history_change_reason, history_type, gv_id, history_user_id, lopmh_id) FROM stdin;
1	0	1	2025-03-24 14:35:56.488318+07	\N	+	6	3	6
2	0	2	2025-03-24 14:35:56.514482+07	\N	+	6	3	5
3	0	3	2025-03-24 14:35:56.522577+07	\N	+	6	3	4
4	0	4	2025-03-24 14:35:56.530802+07	\N	+	6	3	3
5	0	5	2025-03-24 14:35:56.538953+07	\N	+	6	3	2
6	0	6	2025-03-24 14:35:56.547121+07	\N	+	6	3	1
\.


--
-- Data for Name: sms_historicalgvlop; Type: TABLE DATA; Schema: public; Owner: postgres
--

COPY public.sms_historicalgvlop (id, status, history_id, history_date, history_change_reason, history_type, gv_id, history_user_id, lop_id) FROM stdin;
\.


--
-- Data for Name: sms_historicalgvmonhoc; Type: TABLE DATA; Schema: public; Owner: postgres
--

COPY public.sms_historicalgvmonhoc (id, status, history_id, history_date, history_change_reason, history_type, gv_id, history_user_id, monhoc_id) FROM stdin;
\.


--
-- Data for Name: sms_historicalhedt; Type: TABLE DATA; Schema: public; Owner: postgres
--

COPY public.sms_historicalhedt (id, ma, ten, history_id, history_date, history_change_reason, history_type, history_user_id) FROM stdin;
\.


--
-- Data for Name: sms_historicalhocky; Type: TABLE DATA; Schema: public; Owner: postgres
--

COPY public.sms_historicalhocky (id, ma, ten, history_id, history_date, history_change_reason, history_type, history_user_id) FROM stdin;
1	1	Hc k 1	1	2025-03-20 11:16:42.375603+07	\N	+	3
2	2	Hc k 2	2	2025-03-20 11:16:42.387617+07	\N	+	3
3	3	Hc k 3	3	2025-03-20 11:16:42.393613+07	\N	+	3
4	4	Hc k 4	4	2025-03-20 11:16:42.399226+07	\N	+	3
\.


--
-- Data for Name: sms_historicalhocphi; Type: TABLE DATA; Schema: public; Owner: postgres
--

COPY public.sms_historicalhocphi (id, hk, thoigian, sotien, hpstatus, ghichu, status, history_id, history_date, history_change_reason, history_type, history_user_id, lop_id, sv_id) FROM stdin;
\.


--
-- Data for Name: sms_historicalhocphistatus; Type: TABLE DATA; Schema: public; Owner: postgres
--

COPY public.sms_historicalhocphistatus (id, ma, ten, history_id, history_date, history_change_reason, history_type, history_user_id) FROM stdin;
1	1	Hc vin cha nhn tin h tr	1	2025-03-20 11:16:42.439431+07	\N	+	3
2	2	Hc vin  nhn tin h tr	2	2025-03-20 11:16:42.455129+07	\N	+	3
3	3	Hc vin  np tin cho nh trng	3	2025-03-20 11:16:42.459352+07	\N	+	3
\.


--
-- Data for Name: sms_historicalhp81; Type: TABLE DATA; Schema: public; Owner: postgres
--

COPY public.sms_historicalhp81 (id, thoigian, sotien1, sotien2, ghichu, history_id, history_date, history_change_reason, history_type, history_user_id, hk_id, status_id, sv_id) FROM stdin;
\.


--
-- Data for Name: sms_historicalhs81; Type: TABLE DATA; Schema: public; Owner: postgres
--

COPY public.sms_historicalhs81 (id, status, thoigian, ddn, cntn, btn, xnct, cccd, cccdbo, cccdme, gks, ghichu, history_id, history_date, history_change_reason, history_type, history_user_id, hk_id, sv_id) FROM stdin;
\.


--
-- Data for Name: sms_historicalhsgv; Type: TABLE DATA; Schema: public; Owner: postgres
--

COPY public.sms_historicalhsgv (id, ma, hoten, namsinh, cccd, ngaycap, noicap, diachi, sdt, email, mst, bhxh, dongbhxh, stk, nh, cn, trinhdo, truongtn, nganhtn, shdtg, ngayky, ngayhh, hs_btn, hs_bd, hs_cc, hs_syll, hs_ccta, hs_ccth, hs_status, ghichu, history_id, history_date, history_change_reason, history_type, history_user_id, user_id) FROM stdin;
1	TG0003	L Th Phng	1991-11-29	027191007664	2021-08-09	Cc CS QLHC v TTXH	Hu i, Tn Lng, Lng Ti, Bc Ninh	0984638172	phuongk45b3dhtm@gmail.com	8298830888	\N	\N	\N	\N	\N	\N	\N	\N	\N	\N	\N	f	f	f	f	f	f	Thiu	\N	1	2025-03-22 09:39:31.82218+07	\N	+	3	\N
2	TG0004	Lu Th Hoa	1985-09-14	027185003205	2021-04-25	Cc CS QLHC v TTXH	c Nhn, Trm L, Thun Thnh, Bc Ninh	0943388168	luuthihoa@cnktdn.edu.vn	8431195319	\N	\N	\N	\N	\N	\N	\N	\N	\N	\N	\N	f	f	f	f	f	f	Thiu	\N	2	2025-03-22 09:39:31.841544+07	\N	+	3	\N
3	TG0006	Ng Th Hng Vn	1987-09-29	024187002013	2021-03-03	Cc CS QLHC v TTXH	Sui Hoa, Bc Ninh, Bc Ninh	0976989736\n0978063663	ngothihongvan@cnktdn.edu.vn	8074067437	\N	\N	\N	\N	\N	\N	\N	\N	\N	\N	\N	f	f	f	f	f	f	Thiu	\N	3	2025-03-22 09:39:31.848227+07	\N	+	3	\N
4	TG0007	 Th Li 	1993-10-03	027193001880	2021-04-10	Cc CS QLHC v TTXH	Thanh Sn, V Linh, Bc Ninh	0354074590	dothiloi@cnktdn.edu.vn	8116243020	\N	\N	\N	\N	\N	\N	\N	\N	\N	\N	\N	f	f	f	f	f	f	Thiu	\N	4	2025-03-22 09:39:31.85509+07	\N	+	3	\N
5	TG0008	Nguyn Th Bch	1986-09-13	027186000924 - 125243051	2021-04-25	Cc CS QLHC v TTXH	P402, CC mini (Nh b Thnh Th) xm 2 thn thng - M Tr, T Lim, H Ni	0905146886 - 0977325768	bichnguyen86@gmail.com	8175631321	\N	``	\N	\N	\N	\N	\N	\N	\N	\N	\N	f	f	f	f	f	f	Thiu	\N	5	2025-03-22 09:39:31.861638+07	\N	+	3	\N
6	TG0009	L Th Thanh Huyn	1979-11-25	001179004113	2021-07-25	Cc CS QLHC v TTXH	T dn ph 4, Th trn Phc Th, Phc Th, H Ni	0374920908\n0974831148	lehuyenpg@yahoo.com.vn	8015076599	\N	\N	\N	\N	\N	\N	\N	\N	\N	\N	\N	f	f	f	f	f	f	Thiu	\N	6	2025-03-22 09:39:31.869071+07	\N	+	3	\N
7	TG0013	Trnh Anh Ti	1986-11-24	001086037674	2021-04-16	Cc CS QLHC v TTXH	S 3, ng 117, ph Nguyn Lng Bng, Phng Nam ng, qun ng a, thnh ph H Ni	0987388044	trinhanhtai@cnktdn.edu.vn	8083105047	\N	\N	\N	\N	\N	\N	\N	\N	\N	\N	\N	f	f	f	f	f	f	Thiu	\N	7	2025-03-22 09:39:31.876242+07	\N	+	3	\N
8	TG0014	Nguyn c Tuyn	1989-09-21	015089000276	2021-03-25	Cc CS QLHC v TTXH	S nh 17, ng V A Dnh, t dn ph Ha Bnh, th trn Phong Th, huyn Phong Th, tnh Lai Chu	0979014578	anhtuyenyb89@gmail.com	Cha c	\N	\N	\N	\N	\N	\N	\N	\N	\N	\N	\N	f	f	f	f	f	f	Thiu	\N	8	2025-03-22 09:39:31.884573+07	\N	+	3	\N
9	TG0015	Trnh nh Hng 	1987-06-10	038087031823	2022-05-12	Cc CS QLHC v TTXH	TDP Ha Bnh, th trn Phong Th, huyn Phong Th, Lai Chu	0972321804	trinhhungvhphongtho@gmail.com	8440593235	\N	\N	\N	\N	\N	\N	\N	\N	\N	\N	\N	f	f	f	f	f	f	Thiu	\N	9	2025-03-22 09:39:31.890797+07	\N	+	3	\N
10	TG0016	on c Chun	1987-07-30	034087013531	2021-04-22	Cc CS QLHC v TTXH	S nh 009 ph Phan Bi Chu, t 9 phng Tn Phong, thnh ph Lai Chu, tnh Lai Chu	0367558448	doanducchuan@gmail.com	8528963638	\N	\N	\N	\N	\N	\N	\N	\N	\N	\N	\N	f	f	f	f	f	f	Thiu	\N	10	2025-03-22 09:39:31.897241+07	\N	+	3	\N
11	TG0017	Trn Hoi Nam 	1982-06-30	001082026200	2022-01-03	Cc CS QLHC v TTXH	1004B, chung c s 6, i nhn, Vnh Phc, Ba nh, H Ni	0982820218	tranhoainam@cnktdn.edu.vn	8083104558	\N	\N	\N	\N	\N	\N	\N	\N	\N	\N	\N	f	f	f	f	f	f	Thiu	\N	11	2025-03-22 09:39:31.903347+07	\N	+	3	\N
12	TG0023	Nguyn Th Tho	1979-12-26	036179009631	2021-03-25	Cc CS QLHC v TTXH	Khu 1, Th trn Sn H, H.Sn H, Tnh Lai Chu	0987847570	nguyenthithao1@cnktdn.edu.vn	8029006601	\N	\N	\N	\N	\N	\N	\N	\N	\N	\N	\N	f	f	f	f	f	f	Thiu	\N	12	2025-03-22 09:39:31.910128+07	\N	+	3	\N
13	TG0027	Phan Th Vit H	1990-01-20	070851191	2008-01-30	C.A Tuyn Quang	S 37, ng 20, H Tng Mu, qun Cu Giy, TP.H Ni	0972175286	vietha.phan7676@gmail.com	8326555650	\N	\N	\N	\N	\N	\N	\N	\N	\N	\N	\N	f	f	f	f	f	f	Thiu	\N	13	2025-03-22 09:39:31.916451+07	\N	+	3	\N
14	TG0032	H Th Thu Huyn	1996-12-27	164579982	2011-04-29	C.A Ninh Bnh	Xm 2, Gia Hng, Gia Vin, Ninh Bnh	0384612621	huyen962712@gmail.com	8560735435	\N	\N	\N	\N	\N	\N	\N	\N	\N	\N	\N	f	f	f	f	f	f	Thiu	\N	14	2025-03-22 09:39:31.922244+07	\N	+	3	\N
15	TG0034	Nguyn Th Hng Nhung	1988-10-02	125279907	2016-11-16	C.A Bc Ninh	252 Nguyn Vn C, p.V Cng, TP.Bc Ninh	\N	nhung832014@gmail.com	8074067349	\N	\N	\N	\N	\N	\N	\N	\N	\N	\N	\N	f	f	f	f	f	f	Thiu	\N	15	2025-03-22 09:39:31.928983+07	\N	+	3	\N
16	TG0037	Nguyn Th Vn Anh	1976-10-17	001176003456	2018-01-19	Cc Trng cc cnh st KQL c tr v DLQG v DC	S 109 Cu T, Sn Lc, Sn Ty, H Ni	0982521976	nguyenthivananh1@cnktdn.edu.vn	Cha c	\N	\N	\N	\N	\N	\N	\N	\N	\N	\N	\N	f	f	f	f	f	f	Thiu	\N	16	2025-03-22 09:39:31.935891+07	\N	+	3	\N
17	TG0039	Nguyn Vn Li	1978-11-14	001078014203	2021-04-25	Cc CS QLHC v TTXH	Lai X, Kim Chung, Hoi c, H Ni	0947618356	nguyenvanlai@cnktdn.edu.vn	8819908737	\N	\N	\N	\N	\N	\N	\N	\N	\N	\N	\N	f	f	f	f	f	f	Thiu	\N	17	2025-03-22 09:39:31.942125+07	\N	+	3	\N
18	TG0042	Nguyn Th Thu Thy	1982-03-21	001182010609	2015-09-01	Cc CS KQLCT & DLQG v dn c	S nh 29 Ng 12, ph Thanh V, Sn Lc, Sn Ty, H Ni	0984083308	Nttthuy2103@gmail.com 	8051327199	\N	\N	\N	\N	\N	\N	\N	\N	\N	\N	\N	f	f	f	f	f	f	Thiu	\N	18	2025-03-22 09:39:31.948733+07	\N	+	3	\N
\.


--
-- Data for Name: sms_historicalhsns; Type: TABLE DATA; Schema: public; Owner: postgres
--

COPY public.sms_historicalhsns (id, ma, email, hoten, gioitinh, namsinh, dantoc, tongiao, quoctich, quequan, diachi1, diachi2, sdt, cccd, ngaycap, noicap, mst, tddt, noidt, kdt, cndt, namtn, xldt, cdcv, vtcv, shd, ngayky, ngayhh, trangthaihd, tcld, loaihd, ngaylv, tgcd, tgbhxh, ssbhxh, tongluong, luongcb, stk, nh, chinhanh, hs_btn, hs_bd, hs_cc, hs_syll, hs_ccta, hs_ccth, hs_khac, hs_status, ghichu, history_id, history_date, history_change_reason, history_type, history_user_id, user_id) FROM stdin;
1	vantn	kienpc@ant-edu.vn	Nguyn Th Vn	Nam	\N	\N	\N	\N	\N	\N	\N	\N	\N	\N	\N	\N	\N	\N	\N	\N	\N	\N	\N	\N	\N	\N	\N	\N	\N	\N	\N	\N	\N	\N	\N	\N	\N	\N	\N	f	f	f	f	f	f	\N	Thiu	\N	1	2025-03-19 21:19:25.766805+07	\N	+	2	\N
2	ngothiminhthu	thuntm@cnktdn.edu.vn	Ng Th Minh Thu	N	\N	\N	\N	\N	\N	\N	\N	\N	\N	\N	\N	\N	\N	\N	\N	\N	\N	\N	\N	\N	\N	\N	\N	\N	\N	\N	\N	\N	\N	\N	\N	\N	\N	\N	\N	f	f	f	f	f	f	\N	Thiu	\N	2	2025-03-19 21:19:25.789516+07	\N	+	2	\N
3	buithithuhien	buithithuhien@gmail.com	Bi Th Thu Hin	Nam	\N	\N	\N	\N	\N	\N	\N	\N	\N	\N	\N	\N	\N	\N	\N	\N	\N	\N	\N	\N	\N	\N	\N	\N	\N	\N	\N	\N	\N	\N	\N	\N	\N	\N	\N	f	f	f	f	f	f	\N	Thiu	\N	3	2025-03-19 21:19:25.807139+07	\N	+	2	\N
4	nguyenthithanhthuy	thuyntt2@cnktdn.edu.vn	Nguyn Th Thanh Thu	N	\N	\N	\N	\N	\N	\N	\N	\N	\N	\N	\N	\N	\N	\N	\N	\N	\N	\N	\N	\N	\N	\N	\N	\N	\N	\N	\N	\N	\N	\N	\N	\N	\N	\N	\N	f	f	f	f	f	f	\N	Thiu	\N	4	2025-03-19 21:19:25.82079+07	\N	+	2	\N
5	lengocthuy	thuyln@cnktdn.edu.vn	L Ngc Thu	N	\N	\N	\N	\N	\N	\N	\N	\N	\N	\N	\N	\N	\N	\N	\N	\N	\N	\N	\N	\N	\N	\N	\N	\N	\N	\N	\N	\N	\N	\N	\N	\N	\N	\N	\N	f	f	f	f	f	f	\N	Thiu	\N	5	2025-03-19 21:19:25.830652+07	\N	+	2	\N
6	phanhatrang2	trangph2@cnktdn.edu.vn	Phan H Trang	N	\N	\N	\N	\N	\N	\N	\N	\N	\N	\N	\N	\N	\N	\N	\N	\N	\N	\N	\N	\N	\N	\N	\N	\N	\N	\N	\N	\N	\N	\N	\N	\N	\N	\N	\N	f	f	f	f	f	f	\N	Thiu	\N	6	2025-03-19 21:19:25.843168+07	\N	+	2	\N
7	trruongthicamvan3	vanttc@cnktdn.edu.vn	Trng Th Cm Vn	N	\N	\N	\N	\N	\N	\N	\N	\N	\N	\N	\N	\N	\N	\N	\N	\N	\N	\N	\N	\N	\N	\N	\N	\N	\N	\N	\N	\N	\N	\N	\N	\N	\N	\N	\N	f	f	f	f	f	f	\N	Thiu	\N	7	2025-03-19 21:19:25.8553+07	\N	+	2	\N
8	truongthicamvan2	truongthicamvan.he2@edusoft.vn	Trng Th Cm Vn	Nam	\N	\N	\N	\N	\N	\N	\N	\N	\N	\N	\N	\N	\N	\N	\N	\N	\N	\N	\N	\N	\N	\N	\N	\N	\N	\N	\N	\N	\N	\N	\N	\N	\N	\N	\N	f	f	f	f	f	f	\N	Thiu	\N	8	2025-03-19 21:19:25.866596+07	\N	+	2	\N
1	vantn	kienpc@ant-edu.vn	Nguyn Th Vn	Nam	\N	\N	\N	\N	\N	\N	\N	\N	\N	\N	\N	\N	\N	\N	\N	\N	\N	\N	\N	\N	\N	\N	\N	\N	\N	\N	\N	\N	\N	\N	\N	\N	\N	\N	\N	t	f	t	f	f	t	\N	Thiu		9	2025-03-19 21:21:19.330769+07	\N	~	2	\N
5	lengocthuy	thuyln@cnktdn.edu.vn	L Ngc Thu	N	\N	\N	\N	\N	\N	\N	\N	\N	\N	\N	\N	\N	\N	\N	\N	\N	\N	\N	\N	\N	\N	\N	\N	\N	\N	\N	\N	\N	\N	\N	\N	\N	\N	\N	\N	f	f	t	f	t	f	\N	Thiu		10	2025-03-19 21:45:13.943395+07	\N	~	3	\N
1	vantn	kienpc@ant-edu.vn	Trn Ngc Vn	N	\N	\N	\N	\N	\N	\N	\N	\N	\N	\N	\N	\N	\N	\N	\N	\N	\N	\N	\N	\N	\N	\N	\N	\N	\N	\N	\N	\N	\N	\N	\N	\N	\N	\N	\N	t	f	t	f	f	t	\N	Thiu		11	2025-03-21 08:42:46.381962+07	\N	~	3	\N
1	vantn	kienpc@ant-edu.vn	Trn Ngc Vn	N	\N	\N	\N	\N	\N	\N	\N	\N	\N	\N	\N	\N	\N	\N	\N	\N	\N	\N	\N	\N	\N	\N	\N	\N	\N	\N	\N	\N	\N	\N	\N	\N	\N	\N	\N	t	f	t	f	f	t	\N	Thiu		12	2025-03-21 08:42:57.414817+07	\N	~	3	4
9	HEU0137	ngavtt@heuschool.edu.vn	V Th Thu Nga	N	1994-07-12	Kinh	\N	\N	\N	T 5, Phng C Khi, Qun Long Bin, TP H Ni	\N	0973399246	\N	\N	\N	8444473669	\N	\N	\N	\N	\N	\N	\N	\N	\N	\N	\N	\N	\N	\N	\N	\N	\N	\N	\N	\N	\N	\N	\N	f	f	f	f	f	f	\N	Thiu	\N	13	2025-03-24 08:33:39.272995+07	\N	+	3	\N
10	HEU0140	huongnt@heuschool.edu.vn	Nguyn Th Hng	N	\N	Kinh	\N	\N	\N	\N	\N	\N	\N	\N	\N	\N	\N	\N	\N	\N	\N	\N	\N	\N	\N	\N	\N	\N	\N	\N	\N	\N	\N	\N	\N	\N	\N	\N	\N	f	f	f	f	f	f	\N	Thiu	\N	14	2025-03-24 08:33:39.30124+07	\N	+	3	\N
11	HEU0138	thuongnt@heuschool.edu.vn	Nguyn Th Thng	N	2000-09-02	Kinh	\N	\N	\N	\N	\N	\N	\N	\N	\N	\N	\N	\N	\N	\N	\N	\N	\N	\N	\N	\N	\N	\N	\N	\N	\N	\N	\N	\N	\N	\N	\N	\N	\N	f	f	f	f	f	f	\N	Thiu	\N	15	2025-03-24 08:33:39.349627+07	\N	+	3	\N
12	HEU0139	lambb@heuschool.edu.vn	Bch Bo Lm	Nam 	1999-05-25	Kinh	\N	\N	\N	\N	\N	\N	\N	\N	\N	\N	\N	\N	\N	\N	\N	\N	\N	\N	\N	\N	\N	\N	\N	\N	\N	\N	\N	\N	\N	\N	\N	\N	\N	f	f	f	f	f	f	\N	Thiu	\N	16	2025-03-24 08:33:39.358675+07	\N	+	3	\N
\.


--
-- Data for Name: sms_historicalhssv; Type: TABLE DATA; Schema: public; Owner: postgres
--

COPY public.sms_historicalhssv (id, msv, hoten, namsinh, gioitinh, dantoc, noisinh, quequan, diachi, xa, huyen, tinh, cccd, ngaycap, noicap, stk, nh, hotenbo, hotenme, sdths, sdtph, hs_syll, hs_pxt, hs_btn, hs_gcntttt, hs_hbthcs, hs_cccd, hs_gks, hs_shk, hs_a34, hs_status, ghichu, history_id, history_date, history_change_reason, history_type, history_user_id, lop_id, status_id, user_id) FROM stdin;
1	TC230801	Phm Th Chu 	2009-12-23	N 	Kinh 	Thanh Ha 	Thanh Ha 	Nam Giang, Th Xun,Thanh Ho	Nam Giang	Th Xun	Thanh Ha	038309030043	\N	\N	\N	\N	Phm Duy Su	Phm Th Thanh 	0335863650	0398996150 M 	t	t	t	t	t	t	t	t	t		\N	1	2025-03-20 11:25:53.989899+07	\N	+	3	\N	1	\N
2	TC230802	L Tun 	2009-02-08	Nam 	Kinh 	Thanh Ha 	Thanh Ha 	Xun Sinh, Th Xun, Thanh Ho	Xun Sinh	Th Xun	 Thanh Ha	038209019709	\N	\N	\N	\N	L Vn Qu 	L Th Thy 	0386268375	\N	f	f	f	f	f	f	f	f	f	Thiu	\N	2	2025-03-20 11:25:54.020231+07	\N	+	3	\N	1	\N
3	TC230803	Hong Thu 	2009-06-14	N 	Kinh 	Thanh Ha 	Thanh Ha 	Xun Hng, Th Xun, Thanh Ho	Xun Hng	Th Xun	 Thanh Ha	038309023930	\N	\N	\N	\N	Hong Thanh Vinh 	Nguyn Th Hun 	0347811618	\N	f	f	f	f	f	f	f	f	f	Thiu	\N	3	2025-03-20 11:25:54.029405+07	\N	+	3	\N	1	\N
4	TC230804	Trnh nh 	2009-11-12	Nam 	Kinh 	Thanh Ha 	Thanh Ha 	Xun Ho,Th Xun,Thanh Ho	Xun Ho	Th Xun	Thanh Ha	038209004824	\N	\N	\N	\N	Trnh nh ng 	 Th Ngc 	0838101456	\N	f	f	f	f	f	f	f	f	f	Thiu	\N	4	2025-03-20 11:25:54.038272+07	\N	+	3	\N	1	\N
5	TC230805	L Quc 	2009-07-27	Nam 	Kinh 	Thanh Ha 	Thanh Ha 	Xun Ho,Th Xun,Thanh Ho	Xun Ho	Th Xun	Thanh Ha	038209001116	\N	\N	\N	\N	\N	L Th Mnh 	0869269894	\N	f	f	f	f	f	f	f	f	f	Thiu	\N	5	2025-03-20 11:25:54.046886+07	\N	+	3	\N	1	\N
6	TC230806	L Th Hng 	2009-03-28	N 	Kinh 	Thanh Ha 	Thanh Ha 	Xun Hng, Th Xun, Thanh Ho	Xun Hng	Th Xun	 Thanh Ha	038309016899	\N	\N	\N	\N	L Vn Thi 	L Th Hnh 	\N	0984619655 B 	f	f	f	f	f	f	f	f	f	Thiu	\N	6	2025-03-20 11:25:54.057023+07	\N	+	3	\N	1	\N
7	TC230807	Hong Th 	2009-01-16	N 	Kinh 	Thanh Ha 	Thanh Ha 	Xun Phong, Th Xun,Thanh Ho	Xun Phong	Th Xun	Thanh Ha	038309028712	\N	\N	\N	\N	Hong Trng Tn 	 Th Xun 	0347156643	\N	f	f	f	f	f	f	f	f	f	Thiu	\N	7	2025-03-20 11:25:54.065093+07	\N	+	3	\N	1	\N
8	TC230808	Hong Minh 	2009-11-12	N 	Kinh 	Thanh Ha 	Thanh Ha 	Ty H, Th Xun, Thanh Ho	Ty H	Th Xun	 Thanh Ha	038309027890	\N	\N	\N	\N	Hong c Dng 	L Th Li 	0326004507	\N	f	f	f	f	f	f	f	f	f	Thiu	\N	8	2025-03-20 11:25:54.073671+07	\N	+	3	\N	1	\N
9	TC230809	Hong Th 	2009-02-08	N 	Kinh 	Thanh Ha 	Thanh Ha 	Xun Phong, Th Xun,Thanh Ho	Xun Phong	Th Xun	Thanh Ha	038309013090	\N	\N	\N	\N	Hong Huy Tht 	Nguyn Th Phng 	0989920494	\N	f	f	f	f	f	f	f	f	f	Thiu	\N	9	2025-03-20 11:25:54.082311+07	\N	+	3	\N	1	\N
10	TC230810	Bi Vn 	2009-02-23	Nam 	Kinh 	Thanh Ha 	Thanh Ha 	Xun Ho,Th Xun,Thanh Ho	Xun Ho	Th Xun	Thanh Ha	038209002860	\N	\N	\N	\N	Bi Vn c	Trnh Th minh 	0396599172	\N	f	f	f	f	f	f	f	f	f	Thiu	\N	10	2025-03-20 11:25:54.092518+07	\N	+	3	\N	1	\N
11	TC230811	H Th Thu 	2009-12-16	N 	Kinh 	Thanh Ha 	Thanh Ha 	Xun Hng, Th Xun,Thanh Ho	Xun Hng	Th Xun	Thanh Ha	038309002432	\N	\N	\N	\N	H Vn Huy 	 Th Hnh	0357508567 	0812538400 M 	f	f	f	f	f	f	f	f	f	Thiu	\N	11	2025-03-20 11:25:54.103191+07	\N	+	3	\N	1	\N
12	TC230812	H Th Thu 	2009-05-15	N 	Kinh 	Thanh Ha 	Thanh Ha 	Xun Hng, Th Xun,Thanh Ho	Xun Hng	Th Xun	Thanh Ha	038309029366	\N	\N	\N	\N	H Vn Qun 	Phm Th Lin 	0983975428 	0842029359 C 	f	f	f	f	f	f	f	f	f	Thiu	\N	12	2025-03-20 11:25:54.112972+07	\N	+	3	\N	1	\N
13	TC230813	Trnh Th Thu 	2009-11-02	N 	Kinh 	Thanh Ha 	Thanh Ha 	Nam Giang, Th Xun,Thanh Ho	Nam Giang	Th Xun	Thanh Ha	038309003833	\N	\N	\N	\N	Trnh Xun S 	L Th Thm 	0899524515	\N	f	f	f	f	f	f	f	f	f	Thiu	\N	13	2025-03-20 11:25:54.122879+07	\N	+	3	\N	1	\N
14	TC230814	Nguyn Th Mai 	2009-05-25	N 	Kinh 	Thanh Ha 	Thanh Ha 	Xun Hng, Th Xun,Thanh Ho	Xun Hng	Th Xun	Thanh Ha	038309029357	\N	\N	\N	\N	Nguyn Vn T 	 Th Thip 	\N	0867734185 M 	f	f	f	f	f	f	f	f	f	Thiu	\N	14	2025-03-20 11:25:54.132551+07	\N	+	3	\N	1	\N
15	TC230815	 Thu 	2009-07-15	N 	Kinh 	Thanh Ha 	Thanh Ha 	Xun Phong, Th Xun,Thanh Ho	Xun Phong	Th Xun	Thanh Ha	038309009332	\N	\N	\N	\N	 Vn Hiu 	Bi Th Hng 	0962587818	\N	f	f	f	f	f	f	f	f	f	Thiu	\N	15	2025-03-20 11:25:54.14226+07	\N	+	3	\N	1	\N
16	TC230816	L Th 	2009-06-17	N 	Kinh 	Thanh Ha 	Thanh Ha 	Nam Giang, Th Xun,Thanh Ho	Nam Giang	Th Xun	Thanh Ha	038309006880	\N	\N	\N	\N	L Quang Quang	Nguyn Th Hnh 	0931379480	0981431841 M 	f	f	f	f	f	f	f	f	f	Thiu	\N	16	2025-03-20 11:25:54.151604+07	\N	+	3	\N	1	\N
17	TC230817	Hong Khnh 	2009-06-09	N 	Kinh 	Thanh Ha 	Thanh Ha 	Xun Hng, Th Xun, Thanh Ho	Xun Hng	Th Xun	 Thanh Ha	038309018182	\N	\N	\N	\N	Hong Vn Tin 	Nguyn Th Lanh 	0386394665 	0976863957 M 	f	f	f	f	f	f	f	f	f	Thiu	\N	17	2025-03-20 11:25:54.160725+07	\N	+	3	\N	1	\N
18	TC230818	L Th 	2009-07-03	N 	Kinh 	Thanh Ha 	Thanh Ha 	Nam Giang, Th Xun,Thanh Ho	Nam Giang	Th Xun	Thanh Ha	038309016358	\N	\N	\N	\N	L Cng Thng 	Trng Th Hnh 	0705490048 	\N	f	f	f	f	f	f	f	f	f	Thiu	\N	18	2025-03-20 11:25:54.169415+07	\N	+	3	\N	1	\N
19	TC230819	Hunh Th  	2009-10-22	N 	Kinh 	Thanh Ha 	Thanh Ha 	Xun Phong, Th Xun,Thanh Ho	Xun Phong	Th Xun	Thanh Ha	038309012472	\N	\N	\N	\N	Hunh Lu Bnh 	L Th Thy 	0389985981	\N	f	f	f	f	f	f	f	f	f	Thiu	\N	19	2025-03-20 11:25:54.178545+07	\N	+	3	\N	1	\N
20	TC230820	Trn Th 	2009-07-23	N 	Kinh 	Thanh Ha 	Thanh Ha 	Nam Giang, Th Xun,Thanh Ho	Nam Giang	Th Xun	Thanh Ha	035309004886	\N	\N	\N	\N	Trn Tin K	L Th Gi 	\N	0334486378 M 	f	f	f	f	f	f	f	f	f	Thiu	\N	20	2025-03-20 11:25:54.186665+07	\N	+	3	\N	1	\N
21	TC230821	Phm Qunh 	2009-09-23	N 	Kinh 	Thanh Ha 	Thanh Ha 	Xun Hng, Th Xun,Thanh Ho	Xun Hng	Th Xun	Thanh Ha	038309017595	\N	\N	\N	\N	Phm nh Tun 	Trng Th Thu 	0358220936	\N	f	f	f	f	f	f	f	f	f	Thiu	\N	21	2025-03-20 11:25:54.195443+07	\N	+	3	\N	1	\N
22	TC230822	 Anh 	2009-07-22	Nam 	Kinh 	Thanh Ha 	Thanh Ha 	Xun Ho,Th Xun,Thanh Ho	Xun Ho	Th Xun	Thanh Ha	038209013424	\N	\N	\N	\N	 Ngc Hi 	Lu Th Ng	\N	0347139536 ON	f	f	f	f	f	f	f	f	f	Thiu	\N	22	2025-03-20 11:25:54.206061+07	\N	+	3	\N	1	\N
23	TC230823	L Th Dim 	2009-06-23	Nam 	Kinh 	Thanh Ha 	Thanh Ha 	Xun Phong, Th Xun,Thanh Ho	Xun Phong	Th Xun	Thanh Ha	038309000449	\N	\N	\N	\N	L Khc Trung 	L Th Hng Tr 	0369371622	\N	f	f	f	f	f	f	f	f	f	Thiu	\N	23	2025-03-20 11:25:54.215828+07	\N	+	3	\N	1	\N
24	TC230824	L Th Cm 	2009-08-20	N 	Kinh 	Thanh Ha 	Thanh Ha 	Xun Phong, Th Xun,Thanh Ho	Xun Phong	Th Xun	Thanh Ha	038309012125	\N	\N	\N	\N	L Khc Hi 	L Th Chung	0366794038	0374312772 B 	f	f	f	f	f	f	f	f	f	Thiu	\N	24	2025-03-20 11:25:54.225182+07	\N	+	3	\N	1	\N
25	TC230825	 Tun 	2009-08-28	Nam 	Kinh 	Thanh Ha 	Thanh Ha 	Xun Ho,Th Xun,Thanh Ho	Xun Ho	Th Xun	Thanh Ha	038209004784	\N	\N	\N	\N	 Ngc Ton 	L Th Ngoan 	0969715827	\N	f	f	f	f	f	f	f	f	f	Thiu	\N	25	2025-03-20 11:25:54.234087+07	\N	+	3	\N	1	\N
26	TC230826	L Vn 	2009-05-22	Nam 	Kinh 	Thanh Ha 	Thanh Ha 	Xun Ho,Th Xun,Thanh Ho	Xun Ho	Th Xun	Thanh Ha	038209026856	\N	\N	\N	\N	L Thanh Tun 	L Th Hnh 	0865180735	\N	f	f	f	f	f	f	f	f	f	Thiu	\N	26	2025-03-20 11:25:54.243869+07	\N	+	3	\N	1	\N
27	TC230827	V Th Thu 	2009-10-30	N 	Kinh 	Thanh Ha 	Thanh Ha 	Xun Hng, Th Xun, Thanh Ho	Xun Hng	Th Xun	 Thanh Ha	038309020009	\N	\N	\N	\N	V Ngc ng 	L Th Phng 	0585913748	 	f	f	f	f	f	f	f	f	f	Thiu	\N	27	2025-03-20 11:25:54.252+07	\N	+	3	\N	1	\N
28	TC230828	H Th Hng 	2009-10-21	N 	Kinh 	Thanh Ha 	Thanh Ha 	Xun Hng, Th Xun, Thanh Ho	Xun Hng	Th Xun	 Thanh Ha	038309014808	\N	\N	\N	\N	H nh Chung 	L Th Hng	0974975806	\N	f	f	f	f	f	f	f	f	f	Thiu	\N	28	2025-03-20 11:25:54.260906+07	\N	+	3	\N	1	\N
29	TC230829	Nguyn Th 	2009-04-15	N 	Kinh 	Thanh Ha 	Thanh Ha 	Xun Hng, Th Xun,Thanh Ho	Xun Hng	Th Xun	Thanh Ha	038309017047	\N	\N	\N	\N	Nguyn Vn Thanh 	Bi Th Thu 	0382651536	\N	f	f	f	f	f	f	f	f	f	Thiu	\N	29	2025-03-20 11:25:54.278871+07	\N	+	3	\N	1	\N
30	TC230830	Phm Th Anh 	2009-04-15	N 	Kinh 	Thanh Ha 	Thanh Ha 	Nam Giang, Th Xun,Thanh Ho	Nam Giang	Th Xun	Thanh Ha	038309026675	\N	\N	\N	\N	Phm Hu Cng 	Phm Th Lan 	\N	0899635587 M 	f	f	f	f	f	f	f	f	f	Thiu	\N	30	2025-03-20 11:25:54.294514+07	\N	+	3	\N	1	\N
31	TC230831	 Hi 	2009-10-01	N 	Kinh 	Thanh Ha 	Thanh Ha 	Xun Hng, Th Xun, Thanh Ho	Xun Hng	Th Xun	 Thanh Ha	038309011261	\N	\N	\N	\N	 Vn Chung 	L Th Loan	\N	0339991455 M	f	f	f	f	f	f	f	f	f	Thiu	\N	31	2025-03-20 11:25:54.305072+07	\N	+	3	\N	1	\N
32	=COUNTA($A$2:A35)	Nguyn Quang Anh	2006-08-05	Nam	Kinh	\N	\N	, Phc Th, H Ni	\N	Phc Th	H Ni	\N	\N	\N	\N	\N	\N	\N	0946239886	\N	f	f	f	f	f	f	f	f	f	Thiu	\N	32	2025-03-21 09:41:00.939792+07	\N	+	3	\N	1	\N
33	=COUNTA($A$2:A36)	Nguyn Tin Cng	2007-01-13	Nam	Kinh	H Ni	H Ni	Li Thng, Thch Tht, H Ni	Li Thng	Thch Tht	H Ni	001207001883	\N	\N	\N	\N	\N	\N		\N	f	f	t	f	f	t	f	f	f	Thiu	\N	33	2025-03-21 09:41:00.951481+07	\N	+	3	\N	1	\N
34	=COUNTA($A$2:A37)	Kiu Vn Cng	2007-04-28	Nam	Kinh	H Ni	H Ni	Trch M Lc, Phc Th, H Ni	Trch M Lc	Phc Th	H Ni	001207022498	\N	\N	\N	\N	\N	\N	0365183451	\N	f	f	t	f	f	f	f	f	f	Thiu	\N	34	2025-03-21 09:41:00.960641+07	\N	+	3	\N	1	\N
35	=COUNTA($A$2:A38)	Nguyn Mnh Cng	2007-05-04	Nam	Kinh	H Ni	H Ni	C ng, Sn Ty, H Ni	C ng	Sn Ty	H Ni	001207046427	\N	\N	\N	\N	\N	\N	\N	\N	f	f	t	f	f	f	f	f	f	Thiu	\N	35	2025-03-21 09:41:00.968008+07	\N	+	3	\N	1	\N
36	=COUNTA($A$2:A39)	Nguyn Thnh t	2007-09-15	Nam	Kinh	H Ni	H Ni	C ng, Sn Ty, H Ni	C ng	Sn Ty	H Ni	001207037948	\N	\N	\N	\N	\N	\N	\N	\N	f	f	t	f	f	f	f	f	f	Thiu	\N	36	2025-03-21 09:41:00.977548+07	\N	+	3	\N	1	\N
37	=COUNTA($A$2:A40)	Nguyn Tin t	2007-12-17	Nam	Kinh	H Ni	H Ni	Th trn Phc Th, Phc Th, H Ni	Th trn Phc Th	Phc Th	H Ni	001207037534	\N	\N	\N	\N	\N	\N	0362952090      	\N	f	f	t	f	f	f	f	f	f	Thiu	\N	37	2025-03-21 09:41:00.987605+07	\N	+	3	\N	1	\N
38	=COUNTA($A$2:A41)	Cao Phng ng	2007-09-28	Nam	Kinh	H Ni	H Ni	Trch M Lc, Phc Th, H Ni	Trch M Lc	Phc Th	H Ni	001207016297	\N	\N	\N	\N	\N	\N	0374782915	\N	f	f	t	f	f	f	f	f	f	Thiu	\N	38	2025-03-21 09:41:00.995303+07	\N	+	3	\N	1	\N
39	=COUNTA($A$2:A42)	Kiu Vn ng	2006-12-25	Nam 	Kinh	\N	\N	, Phc Th, H Ni	\N	Phc Th	H Ni	\N	\N	\N	\N	\N	\N	\N	0365730514	\N	f	f	t	f	f	f	f	f	f	Thiu	\N	39	2025-03-21 09:41:01.003697+07	\N	+	3	\N	1	\N
40	=COUNTA($A$2:A43)	Nguyn Minh c	2007-10-31	Nam	Kinh	H Ni	H Ni	C ng, Sn Ty, H Ni	C ng	Sn Ty	H Ni	001207035772	\N	\N	\N	\N	\N	\N	0987896520	\N	f	f	t	f	f	f	f	f	f	Thiu	\N	40	2025-03-21 09:41:01.011277+07	\N	+	3	\N	1	\N
41	=COUNTA($A$2:A44)	Bi Th Hng Giang	2007-01-14	N	Kinh	H Ni	H Ni	Th Lc, Phc Th, H Ni	Th Lc	Phc Th	H Ni	001307032199	\N	\N	\N	\N	\N	\N	0395611237	\N	f	f	t	f	f	f	f	f	f	Thiu	\N	41	2025-03-21 09:41:01.01863+07	\N	+	3	\N	1	\N
42	=COUNTA($A$2:A45)	Dng Cng Huy	2007-10-13	Nam	Kinh	H Ni	H Ni	Phng Thng, Phc Th, H Ni	Phng Thng	Phc Th	H Ni	001207045694	\N	\N	\N	\N	\N	\N	0342469172	\N	f	f	t	f	f	f	f	f	f	Thiu	\N	42	2025-03-21 09:41:01.026211+07	\N	+	3	\N	1	\N
43	=COUNTA($A$2:A46)	Khut Hu Khnh	2007-08-04	Nam	Kinh	H Ni	H Ni	Th Lc, Phc Th, H Ni	Th Lc	Phc Th	H Ni	001207014126	\N	\N	\N	\N	\N	\N	0355823240	\N	f	f	t	f	f	f	f	f	f	Thiu	\N	43	2025-03-21 09:41:01.033132+07	\N	+	3	\N	1	\N
44	=COUNTA($A$2:A47)	Nguyn Hu Khnh	2007-12-11	Nam	Kinh	H Ni	H Ni	Tch Giang, Phc Th, H Ni	Tch Giang	Phc Th	H Ni	001207012406	\N	\N	\N	\N	\N	\N	0358216843	\N	f	f	t	f	f	f	f	f	f	Thiu	\N	44	2025-03-21 09:41:01.040919+07	\N	+	3	\N	1	\N
45	=COUNTA($A$2:A48)	Nguyn Nam Khnh	2007-03-11	Nam	Kinh	H Ni	H Ni	Li Thng, Thch Tht, H Ni	Li Thng	Thch Tht	H Ni	001207008455	\N	\N	\N	\N	\N	\N	0375011501	\N	f	f	t	f	f	t	f	f	f	Thiu	\N	45	2025-03-21 09:41:01.048881+07	\N	+	3	\N	1	\N
46	=COUNTA($A$2:A49)	Kiu Vnh Lc	2007-09-14	Nam	Kinh	\N	\N	, Phc Th, H Ni	\N	Phc Th	H Ni	\N	\N	\N	\N	\N	\N	\N	0368066856	\N	f	f	t	f	f	f	f	f	f	Thiu	\N	46	2025-03-21 09:41:01.055639+07	\N	+	3	\N	1	\N
47	=COUNTA($A$2:A50)	Nguyn Duy Nht	2007-01-01	Nam	Kinh	H Ni	H Ni	Th Lc, Phc Th, H Ni	Th Lc	Phc Th	H Ni	001207003177	\N	\N	\N	\N	\N	\N	0329738931	\N	f	f	t	f	f	f	f	f	f	Thiu	\N	47	2025-03-21 09:41:01.062666+07	\N	+	3	\N	1	\N
48	=COUNTA($A$2:A51)	Nghim Hng Qun	2007-10-13	Nam	Kinh	H Ni	H Ni	Th Lc, Phc Th, H Ni	Th Lc	Phc Th	H Ni	001207093663	\N	\N	\N	\N	\N	\N	0387045374	\N	f	f	t	f	f	f	f	f	f	Thiu	\N	48	2025-03-21 09:41:01.070751+07	\N	+	3	\N	1	\N
49	=COUNTA($A$2:A52)	Nguyn Vit Qun	2007-12-22	Nam	Kinh	H Ni	H Ni	Tch Giang, Phc Th, H Ni	Tch Giang	Phc Th	H Ni	001207044942	\N	\N	\N	\N	\N	\N	0966086806\n0966828886	\N	f	f	t	f	f	f	f	f	f	Thiu	\N	49	2025-03-21 09:41:01.078185+07	\N	+	3	\N	1	\N
50	=COUNTA($A$2:A53)	H Xun Thnh	2007-04-07	Nam	Kinh	H Ni	H Ni	Tch Giang, Phc Th, H Ni	Tch Giang	Phc Th	H Ni	001207052036	\N	\N	\N	\N	\N	\N	0979425728\n0983144496	\N	f	f	t	f	f	f	f	f	f	Thiu	\N	50	2025-03-21 09:41:01.085604+07	\N	+	3	\N	1	\N
51	=COUNTA($A$2:A54)	Nguyn Tin Thnh	2007-11-09	Nam	Kinh	H Ni	H Ni	Trch M Lc, Phc Th, H Ni	Trch M Lc	Phc Th	H Ni	001207040014	\N	\N	\N	\N	\N	\N	0375449957\n0968963468	\N	f	f	f	f	f	f	f	f	f	Thiu	\N	51	2025-03-21 09:41:01.093082+07	\N	+	3	\N	1	\N
52	=COUNTA($A$2:A55)	Nguyn Hu Thnh	2007-11-14	Nam	Kinh	H Ni	H Ni	Hip Thun, Phc Th, H Ni	Hip Thun	Phc Th	H Ni	001207060081	\N	\N	\N	\N	\N	\N	0865938571\n0972321094	\N	f	f	t	f	f	f	f	f	f	Thiu	\N	52	2025-03-21 09:41:01.099848+07	\N	+	3	\N	1	\N
53	=COUNTA($A$2:A56)	V Th Hoi Thu	2007-09-21	N	Kinh	H Ni	H Ni	Th Lc, Phc Th, H Ni	Th Lc	Phc Th	H Ni	001307019246	\N	\N	\N	\N	\N	\N	0385648296\n0352198274	\N	f	f	t	f	f	f	f	f	f	Thiu	\N	53	2025-03-21 09:41:01.106211+07	\N	+	3	\N	1	\N
54	=COUNTA($A$2:A57)	Khut Hng Tin	2007-04-01	Nam	Kinh	H Ni	H Ni	Th Lc, Phc Th, H Ni	Th Lc	Phc Th	H Ni	001207033018	\N	\N	\N	\N	\N	\N	0984231791\n0356407137	\N	f	f	t	f	f	f	f	f	f	Thiu	\N	54	2025-03-21 09:41:01.112575+07	\N	+	3	\N	1	\N
55	=COUNTA($A$2:A58)	Nguyn nh Trin	2007-10-24	Nam	Kinh	H Ni	H Ni	Th Lc, Phc Th, H Ni	Th Lc	Phc Th	H Ni	001207022032	\N	\N	\N	\N	\N	\N	0385840818\n	\N	f	f	t	f	f	f	f	f	f	Thiu	\N	55	2025-03-21 09:41:01.118866+07	\N	+	3	\N	1	\N
56	=COUNTA($A$2:A59)	Nguyn Vn Trng	2007-12-12	Nam	Kinh	H Ni	H Ni	Phc Ho, Phc Th, H Ni	Phc Ho	Phc Th	H Ni	001207093557	\N	\N	\N	\N	\N	\N	0975031184\n	\N	f	f	t	f	f	f	f	f	f	Thiu	\N	56	2025-03-21 09:41:01.125051+07	\N	+	3	\N	1	\N
57	=COUNTA($A$2:A60)	Nguyn Thanh Tng	2007-07-10	Nam	Kinh	H Ni	H Ni	Phc Ho, Phc Th, H Ni	Phc Ho	Phc Th	H Ni	001207049693	\N	\N	\N	\N	\N	\N	0976746706\n	\N	f	f	t	f	f	f	f	f	f	Thiu	\N	57	2025-03-21 09:41:01.131889+07	\N	+	3	\N	1	\N
58	=COUNTA($A$2:A61)	Nguyn Th Ti	2007-11-05	N	Kinh	Thanh Ha	Thanh Ha	Qung Hi, Qung Xng, Thanh Ho	Qung Hi	Qung Xng	Thanh Ho	038307004221	\N	\N	\N	\N	\N	\N	0962257826\n	\N	f	f	t	f	f	t	f	f	f	Thiu	\N	58	2025-03-21 09:41:01.140865+07	\N	+	3	\N	1	\N
59	=COUNTA($A$2:A62)	V Xun Minh	2007-01-13	Nam	Kinh	\N	\N	, Phc Th, H Ni	\N	Phc Th	H Ni	\N	\N	\N	\N	\N	\N	\N	\N	\N	f	f	f	f	f	f	f	f	f	Thiu	Q s 277/Q-CN&KTN ngy 18/5/2023	59	2025-03-21 09:41:01.149767+07	\N	+	3	\N	1	\N
60	=COUNTA($A$2:A63)	Nguyn Ngc Tin	2007-05-10	Nam	Kinh	H Ni	H Ni	C ng, Sn Ty, H Ni	C ng	Sn Ty	H Ni	001207017630	\N	\N	\N	\N	\N	\N	\N	\N	f	f	t	f	f	t	f	f	f	Thiu	Q s 632/Q-CN&KTN ngy 31/5/2024	60	2025-03-21 09:41:01.15787+07	\N	+	3	\N	1	\N
61	=COUNTA($A$2:A64)	Khut Duy Hong Anh	2007-10-16	Nam	Kinh	H Ni	H Ni	Trch M Lc, Phc Th, H Ni	Trch M Lc	Phc Th	H Ni	001207016758	\N	\N	\N	\N	Khut Duy T           	Nguyn Th Xun	0979895633\n0971731105	\N	f	f	t	f	t	f	t	f	f	Thiu	\N	61	2025-03-21 09:41:01.164099+07	\N	+	3	\N	1	\N
62	=COUNTA($A$2:A65)	Nguyn Th Hng Anh	2007-05-09	N	Kinh	H Ni	H Ni	Trch M Lc, Phc Th, H Ni	Trch M Lc	Phc Th	H Ni	001307008670	\N	\N	\N	\N	Nguyn Vn Dng  	NgKiu Th Thu Hng	0332093815	\N	f	f	t	f	t	f	t	f	f	Thiu	\N	62	2025-03-21 09:41:01.171913+07	\N	+	3	\N	1	\N
63	=COUNTA($A$2:A66)	Nguyn Th Lan Anh	2007-12-06	N	Kinh	H Ni	H Ni	Tch Giang, Phc Th, H Ni	Tch Giang	Phc Th	H Ni	001307042510	\N	\N	\N	\N	Nguyn Hu Sng   	 Khut Th Hng	0985370140\n0393008202	\N	f	f	t	f	t	f	t	f	f	Thiu	\N	63	2025-03-21 09:41:01.180068+07	\N	+	3	\N	1	\N
64	=COUNTA($A$2:A67)	Nguyn Th Phng Anh	2007-07-12	N	Kinh	H Ni	H Ni	Trch M Lc, Phc Th, H Ni	Trch M Lc	Phc Th	H Ni	001307022152	\N	\N	\N	\N	Nguyn nh Tun     	 Kiu Th Tuyn	0389256597 0397801466	\N	f	f	t	f	t	f	t	f	f	Thiu	\N	64	2025-03-21 09:41:01.18612+07	\N	+	3	\N	1	\N
65	=COUNTA($A$2:A68)	V Vit Anh	2007-04-05	Nam	Kinh	H Ni	H Ni	Trch M Lc, Phc Th, H Ni	Trch M Lc	Phc Th	H Ni	001207030052	\N	\N	\N	\N	V Vn Chin         	Khut Th Su	0325805640\n0395935192	\N	f	f	t	f	t	f	t	f	f	Thiu	\N	65	2025-03-21 09:41:01.193418+07	\N	+	3	\N	1	\N
66	=COUNTA($A$2:A69)	Hong Th Ngc nh	2007-09-06	N	Kinh	H Ni	H Ni	Phng Thng, Phc Th, H Ni	Phng Thng	Phc Th	H Ni	001307030736	\N	\N	\N	\N	Hong Vn Lc  	Phng Th Phng	0961713047\n0912736466	\N	f	f	t	f	t	f	t	f	f	Thiu	\N	66	2025-03-21 09:41:01.201936+07	\N	+	3	\N	1	\N
67	=COUNTA($A$2:A70)	T Khnh Bng	2007-12-23	N	Kinh	H Ni	H Ni	Th trn Phc Th, Phc Th, H Ni	Th trn Phc Th	Phc Th	H Ni	001307033224	\N	\N	\N	\N	T Thanh V     	Khut Th Loan	0974270080\n	\N	f	f	t	f	t	f	f	f	f	Thiu	\N	67	2025-03-21 09:41:01.209977+07	\N	+	3	\N	1	\N
68	=COUNTA($A$2:A71)	 Thu Dim	2007-11-15	N	Kinh	H Ni	H Ni	Ngc To, Phc Th, H Ni	Ngc To	Phc Th	H Ni	001307016828	\N	\N	\N	\N	 Vn Khnh  	 Th Hng	0961824966 0981330812	\N	f	f	t	f	t	f	t	f	f	Thiu	\N	68	2025-03-21 09:41:01.217798+07	\N	+	3	\N	1	\N
69	=COUNTA($A$2:A72)	Khut Qunh Giang	2007-04-19	N	Kinh	H Ni	H Ni	Phc Ho, Phc Th, H Ni	Phc Ho	Phc Th	H Ni	001307023981	\N	\N	\N	\N	Khut Duy nh  	 Nguyn Th Hi Yn	0374803828	\N	f	f	t	f	t	f	t	f	f	Thiu	\N	69	2025-03-21 09:41:01.224496+07	\N	+	3	\N	1	\N
70	=COUNTA($A$2:A73)	Nguyn Hng Giang	2007-07-11	N	Kinh	H Ni	H Ni	Phc Ho, Phc Th, H Ni	Phc Ho	Phc Th	H Ni	001307005720	\N	\N	\N	\N	Nguyn Vn Thng 	Nguyn Th Nga	0989596874	\N	f	f	t	f	t	f	t	f	f	Thiu	\N	70	2025-03-21 09:41:01.232319+07	\N	+	3	\N	1	\N
71	=COUNTA($A$2:A74)	inh Th Minh Hng	2007-08-30	N	Kinh	H Ni	H Ni	Th trn Phc Th, Phc Th, H Ni	Th trn Phc Th	Phc Th	H Ni	001307011038	\N	\N	\N	\N	inh Cng Cng 	Nguyn Th Nng	0966606498	\N	f	f	t	f	t	f	t	f	f	Thiu	\N	71	2025-03-21 09:41:01.240749+07	\N	+	3	\N	1	\N
72	=COUNTA($A$2:A75)	Trn Thanh Hin	2007-06-24	N	Kinh	H Ni	H Ni	Phng Thng, Phc Th, H Ni	Phng Thng	Phc Th	H Ni	001307033775	\N	\N	\N	\N	Trn Duy Trinh   	 Dng Th Mai	0355396935	\N	f	f	t	f	t	f	t	f	f	Thiu	\N	72	2025-03-21 09:41:01.250599+07	\N	+	3	\N	1	\N
73	=COUNTA($A$2:A76)	Dng Cng Hiu	2007-12-28	Nam	Kinh	H Ni	H Ni	Phng Thng, Phc Th, H Ni	Phng Thng	Phc Th	H Ni	001207054819	\N	\N	\N	\N	Dng Vn Thc	Hong Th Hn	0979221833	\N	f	f	t	f	t	f	t	f	f	Thiu	\N	73	2025-03-21 09:41:01.259484+07	\N	+	3	\N	1	\N
74	=COUNTA($A$2:A77)	Khut Vit Hong	2007-10-28	Nam	Kinh	H Ni	H Ni	Phc Ho, Phc Th, H Ni	Phc Ho	Phc Th	H Ni	001207013797	\N	\N	\N	\N	Khut Duy Mnh 	 Nguyn Th Hng	0348964516	\N	f	f	t	f	t	f	f	f	f	Thiu	\N	74	2025-03-21 09:41:01.26622+07	\N	+	3	\N	1	\N
75	=COUNTA($A$2:A78)	Hong Vn Hun	2007-12-07	Nam	Kinh	H Ni	H Ni	Trch M Lc, Phc Th, H Ni	Trch M Lc	Phc Th	H Ni	001207009472	\N	\N	\N	\N	Hong Vn Ho  	 V Th Nhn	0342781946	\N	f	f	t	f	t	f	t	f	f	Thiu	\N	75	2025-03-21 09:41:01.274765+07	\N	+	3	\N	1	\N
76	=COUNTA($A$2:A79)	Nguyn Vit Huy	2007-04-19	Nam	Kinh	H Ni	H Ni	Trch M Lc, Phc Th, H Ni	Trch M Lc	Phc Th	H Ni	001207008717	\N	\N	\N	\N	Nguyn Vn Dng 	Nguyn Th N	0368723270 0353450841	\N	f	f	t	f	t	f	t	f	f	Thiu	\N	76	2025-03-21 09:41:01.28118+07	\N	+	3	\N	1	\N
77	=COUNTA($A$2:A80)	Khut nh Huyn	2007-01-19	N	Kinh	H Ni	H Ni	Th trn Phc Th, Phc Th, H Ni	Th trn Phc Th	Phc Th	H Ni	\N	\N	\N	\N	\N	Khut Khc Ton  	Khut Th Tho	0394529185	\N	f	f	f	f	t	f	t	f	f	Thiu	\N	77	2025-03-21 09:41:01.287303+07	\N	+	3	\N	1	\N
78	=COUNTA($A$2:A81)	Hong Ngc Khnh	2007-03-06	Nam	Kinh	H Ni	H Ni	Phng Thng, Phc Th, H Ni	Phng Thng	Phc Th	H Ni	001207046740	\N	\N	\N	\N	Hong Quang Chin	\N	0342469460 0367560122	\N	f	f	f	f	t	f	f	f	f	Thiu	\N	78	2025-03-21 09:41:01.296061+07	\N	+	3	\N	1	\N
79	=COUNTA($A$2:A82)	Dng ng Khoa	2007-10-20	Nam	Kinh	H Ni	H Ni	Ngc To, Phc Th, H Ni	Ngc To	Phc Th	H Ni	001207021494	\N	\N	\N	\N	Dng Vn Th 	Nguyn Th Sm	0979636176	\N	f	f	t	f	t	f	t	f	f	Thiu	\N	79	2025-03-21 09:41:01.304286+07	\N	+	3	\N	1	\N
80	=COUNTA($A$2:A83)	Nguyn Ngc Linh	2007-11-06	N	Kinh	H Ni	H Ni	Th trn Phc Th, Phc Th, H Ni	Th trn Phc Th	Phc Th	H Ni	001307033270	\N	\N	\N	\N	Nguyn Vn c 	inh Th Anh	0975511729	\N	f	f	t	f	t	f	t	f	f	Thiu	\N	80	2025-03-21 09:41:01.311012+07	\N	+	3	\N	1	\N
81	=COUNTA($A$2:A84)	H Vn Mnh	2002-01-13	Nam	Kinh	H Ni	H Ni	Th trn Phc Th, Phc Th, H Ni	Th trn Phc Th	Phc Th	H Ni	001202038313	\N	\N	\N	\N	H Quc Lun	T Th Thm                  	0965359302	\N	f	f	f	f	t	f	t	f	f	Thiu	\N	81	2025-03-21 09:41:01.317879+07	\N	+	3	\N	1	\N
82	=COUNTA($A$2:A85)	Khut Th Tr My	2007-04-13	N	Kinh	H Ni	H Ni	Trch M Lc, Phc Th, H Ni	Trch M Lc	Phc Th	H Ni	001307029041	\N	\N	\N	\N	Khut Duy i  	             Nguyn Th Hiu	0865269330 0325755730	\N	f	f	t	f	t	f	t	f	f	Thiu	\N	82	2025-03-21 09:41:01.326287+07	\N	+	3	\N	1	\N
83	=COUNTA($A$2:A86)	Nguyn Th Huyn My	2007-12-05	N	Kinh	H Ni	H Ni	Ngc To, Phc Th, H Ni	Ngc To	Phc Th	H Ni	001307036113	\N	\N	\N	\N	Nguyn Thnh Trang	Khut Th Thanh Huyn 	0978949036	\N	f	f	t	f	t	f	t	f	f	Thiu	\N	83	2025-03-21 09:41:01.333471+07	\N	+	3	\N	1	\N
84	=COUNTA($A$2:A87)	Khut Th Nga	2007-08-30	N	Kinh	H Ni	H Ni	Phc Ho, Phc Th, H Ni	Phc Ho	Phc Th	H Ni	001307039768	\N	\N	\N	\N	Khut Ph Lng 	Nguyn Th H	0395286433	\N	f	f	t	f	t	f	t	f	f	Thiu	\N	84	2025-03-21 09:41:01.341308+07	\N	+	3	\N	1	\N
85	=COUNTA($A$2:A88)	Trn Th Hi Ngha	2007-09-25	N	Kinh	H Ni	H Ni	An Ph, M c, H Ni	An Ph	M c	H Ni	001307006305	\N	\N	\N	\N	Trn Vn Uy            	Bch Th S	0376598809	\N	f	f	t	f	t	f	t	f	f	Thiu	\N	85	2025-03-21 09:41:01.349236+07	\N	+	3	\N	1	\N
86	=COUNTA($A$2:A89)	Nguyn Th Minh Nguyt	2007-07-11	N	Kinh	H Ni	H Ni	Th Lc, Phc Th, H Ni	Th Lc	Phc Th	H Ni	001307041607	\N	\N	\N	\N	Nguyn nh T   	Nguyn Th H	0815229583	\N	f	f	f	f	t	f	t	f	f	Thiu	\N	86	2025-03-21 09:41:01.356786+07	\N	+	3	\N	1	\N
87	=COUNTA($A$2:A90)	Nguyn Th Tuyt Nhi	2007-10-19	N	Kinh	H Ni	H Ni	Trch M Lc, Phc Th, H Ni	Trch M Lc	Phc Th	H Ni	001307051594	\N	\N	\N	\N	Nguyn Xun Ting 	Nguyn Th Vn	0335646595	\N	f	f	t	f	t	f	t	f	f	Thiu	\N	87	2025-03-21 09:41:01.36348+07	\N	+	3	\N	1	\N
88	=COUNTA($A$2:A91)	V c Pht	2007-08-08	Nam	Kinh	H Ni	H Ni	Th Lc, Phc Th, H Ni	Th Lc	Phc Th	H Ni	001207032814	\N	\N	\N	\N	V c Qun          	Kiu Th Ngn	0377221318	\N	f	f	t	f	t	f	t	f	f	Thiu	\N	88	2025-03-21 09:41:01.369535+07	\N	+	3	\N	1	\N
89	=COUNTA($A$2:A92)	 Minh Quang	2007-11-22	Nam	Kinh	H Ni	H Ni	Ngc To, Phc Th, H Ni	Ngc To	Phc Th	H Ni	001207011458	\N	\N	\N	\N	 Xun Trng     	Nguyn Th Chc	0978782908	\N	f	f	t	f	t	f	t	f	f	Thiu	\N	89	2025-03-21 09:41:01.378131+07	\N	+	3	\N	1	\N
90	=COUNTA($A$2:A93)	m Th Qunh	2007-10-03	N	Kinh	H Ni	H Ni	Phc Ho, Phc Th, H Ni	Phc Ho	Phc Th	H Ni	001307017864	\N	\N	\N	\N	m Vn ng       	Nguyn Th Sinh	036621805 0396159328	\N	f	f	t	f	t	f	t	f	f	Thiu	\N	90	2025-03-21 09:41:01.386293+07	\N	+	3	\N	1	\N
91	=COUNTA($A$2:A94)	Nguyn Anh Ti	2007-03-09	Nam	Kinh	H Ni	H Ni	Phng Thng, Phc Th, H Ni	Phng Thng	Phc Th	H Ni	001207006837	\N	\N	\N	\N	Nguyn Khnh Tng	 Th Mai	0387687528	\N	f	f	t	f	t	f	t	f	f	Thiu	\N	91	2025-03-21 09:41:01.393552+07	\N	+	3	\N	1	\N
92	=COUNTA($A$2:A95)	Nguyn Minh Tm	2006-04-09	Nam	Kinh	H Ni	H Ni	Trch M Lc, Phc Th, H Ni	Trch M Lc	Phc Th	H Ni	001206027259	\N	\N	\N	\N	Nguyn nh Tut       	V Th Thy	0984734399	\N	f	f	t	f	t	f	t	f	f	Thiu	\N	92	2025-03-21 09:41:01.400707+07	\N	+	3	\N	1	\N
93	=COUNTA($A$2:A96)	Nguyn Th Thy	2007-05-07	N	Kinh	H Ni	H Ni	Th trn Phc Th, Phc Th, H Ni	Th trn Phc Th	Phc Th	H Ni	001307009225	\N	\N	\N	\N	Nguyn Vn Minh 	Khut Th Hoa	0358876528	\N	f	f	t	f	t	f	t	f	f	Thiu	\N	93	2025-03-21 09:41:01.407415+07	\N	+	3	\N	1	\N
94	=COUNTA($A$2:A97)	Hong Xun Trng	2007-10-17	Nam	Kinh	H Ni	Tuyn Quang	Trch M Lc, Phc Th, H Ni	Trch M Lc	Phc Th	H Ni	0082707003677	\N	\N	\N	\N	Hong Trung Dng	V Th Ha          	0981700306 0373982007	\N	f	f	t	f	t	f	t	f	f	Thiu	\N	94	2025-03-21 09:41:01.416309+07	\N	+	3	\N	1	\N
95	=COUNTA($A$2:A98)	Nguyn B T	2007-11-15	Nam	Kinh	H Ni	H Ni	Th Lc, Phc Th, H Ni	Th Lc	Phc Th	H Ni	001207053034	\N	\N	\N	\N	Nguyn B Tun	Nguyn Th Thu	0356571402	\N	f	f	t	f	t	f	t	f	f	Thiu	\N	95	2025-03-21 09:41:01.423955+07	\N	+	3	\N	1	\N
96	=COUNTA($A$2:A99)	Nguyn Vn T	2007-05-25	Nam	Kinh	H Ni	H Ni	C ng, th x Sn Ty, H Ni	C ng	th x Sn Ty	H Ni	001207040982	\N	\N	\N	\N	Nguyn Vn Anh	Nguyn Th Thanh	0373206943 0353872336	\N	f	f	t	f	t	f	t	f	f	Thiu	\N	96	2025-03-21 09:41:01.431771+07	\N	+	3	\N	1	\N
97	=COUNTA($A$2:A100)	Khut nh Vit	2007-02-10	Nam	Kinh	H Ni	\N	Tch Giang, Phc Th, H Ni	Tch Giang	Phc Th	H Ni	\N	\N	\N	\N	\N	Nguyn Th Thu	Nguyn Th Thu	0383531405	\N	f	f	f	f	t	f	f	f	f	Thiu	\N	97	2025-03-21 09:41:01.43842+07	\N	+	3	\N	1	\N
98	=COUNTA($A$2:A101)	Nguyn Th Vinh	2007-06-14	Nam	Kinh	H Ni	H Ni	Phng Thng, Phc Th, H Ni	Phng Thng	Phc Th	H Ni	001207028619	\N	\N	\N	\N	Nguyn Xun Cnh 	Dng Th Hng	0961232946 0375529763	\N	f	f	t	f	t	f	t	f	f	Thiu	\N	98	2025-03-21 09:41:01.446158+07	\N	+	3	\N	1	\N
99	=COUNTA($A$2:A102)	V Cng t	2007-06-25	\N	Kinh	\N	\N	Trch M Lc, Phc Th, 	Trch M Lc	Phc Th	H Ni	\N	\N	\N	\N	\N	\N	\N	\N	\N	f	f	f	f	f	f	f	f	f	Thiu	\N	99	2025-03-21 09:41:01.454247+07	\N	+	3	\N	1	\N
100	=COUNTA($A$2:A103)	Khut Huy Hong	2005-09-05	Nam	Kinh	\N	\N	Trch M Lc, Phc Th, 	Trch M Lc	Phc Th	H Ni	001205031477	\N	\N	\N	\N	\N	\N	986249094	\N	f	f	t	f	t	f	t	f	f	Thiu	\N	100	2025-03-21 09:41:01.461244+07	\N	+	3	\N	1	\N
101	=COUNTA($A$2:A104)	V Tun Phong	2007-11-16	Nam	Kinh	\N	\N	Trch M Lc, Phc Th, H Ni	Trch M Lc	Phc Th	H Ni	\N	\N	\N	\N	\N	\N	\N	\N	\N	f	f	f	f	f	f	f	f	f	Thiu	\N	101	2025-03-21 09:41:01.467934+07	\N	+	3	\N	1	\N
102	=COUNTA($A$2:A105)	Hong Ph Quang	2006-10-09	\N	Kinh	\N	\N	Trch M Lc, Phc Th, H Ni	Trch M Lc	Phc Th	H Ni	\N	\N	\N	\N	\N	\N	\N	\N	\N	f	f	f	f	f	f	f	f	f	Thiu	\N	102	2025-03-21 09:41:01.474228+07	\N	+	3	\N	1	\N
103	=COUNTA($A$2:A106)	Khut Duy Qu	2007-12-29	\N	Kinh	\N	\N	Trch M Lc, Phc Th, H Ni	Trch M Lc	Phc Th	H Ni	\N	\N	\N	\N	\N	\N	\N	\N	\N	f	f	f	f	f	f	f	f	f	Thiu	\N	103	2025-03-21 09:41:01.482447+07	\N	+	3	\N	1	\N
101	=COUNTA($A$2:A104)	V Tun Phong	2007-12-11	Nam	Kinh	\N	\N	Trch M Lc, Phc Th, H Ni	Trch M Lc	Phc Th	H Ni	\N	\N	\N	\N	\N	\N	\N	\N	\N	f	f	f	f	f	f	f	f	f	Thiu		104	2025-03-21 09:43:31.248575+07	\N	~	3	\N	1	\N
101	=COUNTA($A$2:A104)	V Tun Phong	2007-11-16	Nam	Kinh	\N	\N	Trch M Lc, Phc Th, H Ni	Trch M Lc	Phc Th	H Ni	\N	\N	\N	\N	\N	\N	\N	\N	\N	f	f	f	f	f	f	f	f	f	Thiu		105	2025-03-21 09:44:49.128529+07	\N	~	3	\N	1	\N
104	=COUNTA($A$2:A2)	L c  Anh	2007-09-27	Nam	Kinh	H Ni 	H Ni 	Phc ng - Long Bin - H Ni 	Phc ng	Long Bin	H Ni 	001207024032	\N	\N	\N	\N	L Xun M\n	\nNguyn Hng Nguyt	0912868142/\n0327302911	\N	t	t	f	t	t	t	t	t	f	Thiu	\N	106	2025-03-21 14:55:32.82073+07	\N	+	3	\N	1	\N
105	=COUNTA($A$2:A3)	Nguyn nh  Giang	2007-10-04	Nam	Kinh	H Ni 	H Ni 	Phc ng - Long Bin - H Ni	Phc ng	Long Bin	H Ni 	001207005655	\N	\N	\N	\N	Nguyn nh Ha	\no Th Thu 	0369014305/\n0325539050	\N	t	t	f	t	t	t	t	t	f	Thiu	\N	107	2025-03-21 14:55:32.832795+07	\N	+	3	\N	1	\N
106	=COUNTA($A$2:A4)	L Thu  H	2007-12-17	N 	Kinh	H Ni 	H Ni 	Vit Hng - Long Bin - H Ni	Vit Hng	Long Bin	H Ni 	001307013071	\N	\N	\N	\N	L Vn Huyn	\nNguyn Th Chi 	03891347367/\n0335417709	\N	t	t	f	t	t	t	t	t	f	Thiu	\N	108	2025-03-21 14:55:32.839369+07	\N	+	3	\N	1	\N
107	=COUNTA($A$2:A5)	Phm Hng  H	2007-08-02	N 	Kinh	H Ni 	H Ni 	Ngc Lm - Long Bin - H Ni	Ngc Lm	Long Bin	H Ni 	001307047270	\N	\N	\N	\N	Phm Huy Cng\n 	 \nNguyn Kim Oanh 	0973746388/\n0359058965	\N	t	t	f	t	f	t	t	t	f	Thiu	\N	109	2025-03-21 14:55:32.847528+07	\N	+	3	\N	1	\N
108	=COUNTA($A$2:A6)	Nguyn Ngc  Hi	2007-12-13	Nam	Kinh	H Ni 	H Ni 	c Giang - Long Bin - H Ni	c Giang	Long Bin	H Ni 	001207054296	\N	\N	\N	\N	Nguyn Vn Chinh 	\nL Th Vn 	0912288792/\n0339072795	\N	t	t	t	t	t	t	t	t	f	Thiu	\N	110	2025-03-21 14:55:32.856189+07	\N	+	3	\N	1	\N
109	=COUNTA($A$2:A7)	Hong Ngc  Hin	2007-06-03	Nam	Kinh	Thi Bnh 	Thi Bnh 	Nam Bnh - Kin Xng- Thi Bnh	Nam Bnh	Kin Xng	Thi Bnh	034207006104	\N	\N	\N	\N	Hong Tin Dng	\nNguyn Th Thn	0374662571	\N	t	t	f	t	t	t	t	t	f	Thiu	\N	111	2025-03-21 14:55:32.86524+07	\N	+	3	\N	1	\N
110	=COUNTA($A$2:A8)	Trng Tun  Huy	2001-05-05	Nam	Kinh	H Ni 	Hi Dng 	Liu Giai - Ba nh - H Ni	Liu Giai	Ba nh	H Ni 	001201011205	\N	\N	\N	\N	Trng Tun Anh 	\nNguyn Th Luyn 	0384854098\n	\N	t	t	t	f	t	t	t	t	f	Thiu	\N	112	2025-03-21 14:55:32.873685+07	\N	+	3	\N	1	\N
111	=COUNTA($A$2:A9)	Ng Tun  Khang	2007-12-15	Nam	Kinh	H Ni 	H Ni 	Phc Li - Long Bin - H Ni	Phc Li	Long Bin	H Ni 	001207052722	\N	\N	\N	\N	Ng Xun Minh 	\nNguyn Th Hng 	\N	\N	t	t	t	f	t	t	t	t	f	Thiu	\N	113	2025-03-21 14:55:32.883334+07	\N	+	3	\N	1	\N
112	=COUNTA($A$2:A10)	inh L An  Khanh	2007-08-23	N 	Kinh	H Ni 	Ph Th 	Ngc Thy - Long Bin - H Ni	Ngc Thy	Long Bin	H Ni 	001307024968	\N	\N	\N	\N	inh Xun Thy	\nL Th Ngc Bch 	096394958\n0969085873	\N	t	t	f	t	t	t	t	t	f	Thiu	\N	114	2025-03-21 14:55:32.892217+07	\N	+	3	\N	1	\N
113	=COUNTA($A$2:A11)	Nguyn Nam  Khnh	2007-10-06	Nam	Kinh	H Ni 	Nam nh 	Ngc Thy - Long Bin - H Ni	Ngc Thy	Long Bin	H Ni 	001207035607	\N	\N	\N	\N	Nguyn Vn Nam 	\nHong Giang Oanh 	0943951969/\n0335129798	\N	t	t	t	t	t	t	t	t	f	Thiu	\N	115	2025-03-21 14:55:32.900732+07	\N	+	3	\N	1	\N
114	=COUNTA($A$2:A12)	Trn Quc  Khnh	2007-08-31	Nam	Kinh	H Ni 	Vnh Phc 	B  - Long Bin - H Ni	B 	Long Bin	H Ni 	001207094607	\N	\N	\N	\N	Trn Giang Nam	\nL Thu Huyn 	0332946955/\n0373390407	\N	t	t	t	t	t	t	t	t	f	Thiu	\N	116	2025-03-21 14:55:32.909375+07	\N	+	3	\N	1	\N
115	=COUNTA($A$2:A107)	H Qunh  Anh	2006-07-21	N	Kinh	H Ni	Ngh An	 ch Da - ng a - HN	 Ch Da	ng a	H Ni	001306016281	\N	\N	\N	\N	H Khnh Ton\n	\nNguyn Th Thanh Thu	0888224850	\N	t	f	t	f	t	t	t	t	f	Thiu	\N	117	2025-03-21 14:55:33.08525+07	\N	+	3	\N	1	\N
116	=COUNTA($A$2:A108)	Phm Th Minh Bin	2007-01-02	N	Kinh	Nam nh	Nam nh	Trc i, Trc Ninh, Nam nh	Trc i 	Trc Ninh	Nam nh	036307004151	\N	\N	\N	\N	Phm Vn ng\n	\nPhm Th Nhn	09887694863	\N	t	t	f	f	t	t	t	t	f	Thiu	\N	118	2025-03-21 14:55:33.09544+07	\N	+	3	\N	1	\N
117	=COUNTA($A$2:A109)	Chu Thy Dng	2007-12-03	N	Kinh	H Ni	Hng Yn	Khng Trung, Thanh Xun, H Ni	Khng Trung	Thanh Xun	H Ni	001307057996	\N	\N	\N	\N	Chu Mnh Tng\n	\n Th Thy	0901725668/\n0868218079	\N	t	t	f	f	f	t	t	t	f	Thiu	\N	119	2025-03-21 14:55:33.104435+07	\N	+	3	\N	1	\N
118	=COUNTA($A$2:A110)	 Phc  Hng	2007-02-09	Nam	Kinh	H Ni	Hi Phng	Quc T Gim, ng a, H Ni	Quc T Gim	ng a	H Ni	001207040209	\N	\N	\N	\N	 Thi Bo\n	\nV Th T Uyn	0914603626\n0966051954	\N	t	t	f	f	t	t	t	t	f	Thiu	\N	120	2025-03-21 14:55:33.113611+07	\N	+	3	\N	1	\N
119	=COUNTA($A$2:A111)	Nguyn Tin Thnh	2007-07-16	Nam	Kinh	H Ni	H Ni	Chng Dng, Hon Kim, H Ni	Chng Dng	Hon Kim	H Ni	001207010924	\N	\N	\N	\N	Nguyn Vn Hong\n	\n Nguyn Th Kim Oanh	0964868174	\N	t	t	t	f	t	t	t	f	f	Thiu	\N	121	2025-03-21 14:55:33.12206+07	\N	+	3	\N	1	\N
120	=COUNTA($A$2:A112)	Nguyn nh  Khnh	2001-12-14	Nam	Kinh	Hi Dng	Hi Dng	Thng Nht, Gia Lc, Hi Dng	Thng Nht	Gia Lc	Hi Dng	030201006696	\N	\N	\N	\N	Nguyn nh Tranh\n 	\n Phm Th Xuyn	0344496777	\N	t	f	t	f	t	t	t	t	f	Thiu	\N	122	2025-03-21 14:55:33.13125+07	\N	+	3	\N	1	\N
121	=COUNTA($A$2:A114)	Hong Vn Anh	2005-02-01	\N	\N	\N	\N	Vnh Hng, Hong Mai, H Ni	Vnh Hng	Hong Mai	H Ni	\N	\N	\N	\N	\N	Hong Th Thnh\n	\nNguyn Minh Tin	0971835589	\N	f	f	f	f	f	f	f	f	f	Thiu	Ngh hc khng c Q \nCha thu k no	123	2025-03-21 14:55:33.14165+07	\N	+	3	\N	1	\N
122	=COUNTA($A$2:A115)	Nguyn Hng  Anh	2007-04-16	\N	\N	\N	\N	Dch Vng Hu - Cu Giy - H Ni	Dch Vng Hu	Cu Giy	H Ni	\N	\N	\N	\N	\N	Nguyn Nam Ton\n	\nng Bch Hnh	0902252229	\N	f	f	f	f	f	f	f	f	f	Thiu	Ngh hc khng c Q \nCha thu k no	124	2025-03-21 14:55:33.149613+07	\N	+	3	\N	1	\N
123	=COUNTA($A$2:A116)	Dng Tin Mnh	1999-05-06	\N	\N	\N	\N	Minh Ph, Sc Sn, H Ni	Minh Ph	Sc Sn	H Ni	\N	\N	\N	\N	\N	\nDng Vn Cng	H Th Hng\n	\N	\N	f	t	f	f	f	f	f	f	f	Thiu	Ngh hc khng c Q \n thu K1	125	2025-03-21 14:55:33.158039+07	\N	+	3	\N	1	\N
124	=COUNTA($A$2:A117)	Phan Nguyn Trc Ly	2003-10-10	\N	\N	\N	\N	M Lc - Ph M - Bnh nh	M Lc	Ph M	Bnh nh	\N	\N	\N	\N	\N	\N	\N	\N	\N	f	f	f	f	f	f	f	f	f	Thiu	Ngh hc khng c Q \n thu K1,2	126	2025-03-21 14:55:33.166038+07	\N	+	3	\N	1	\N
125	=COUNTA($A$2:A118)	Chu Quc Phong	2006-11-07	\N	\N	\N	\N	Bnh Lc - H Nam	\N	Bnh Lc	H Nam	\N	\N	\N	\N	\N	\N	\N	\N	\N	f	f	f	f	f	f	f	f	f	Thiu	Ngh hc khng c Q \nCha thu k no	127	2025-03-21 14:55:33.175393+07	\N	+	3	\N	1	\N
126	TC1	L c  Anh	2007-09-27	Nam	Kinh	H Ni 	H Ni 	Phc ng - Long Bin - H Ni 	Phc ng	Long Bin	H Ni 	001207024032	\N	\N	\N	\N	L Xun M\n	\nNguyn Hng Nguyt	0912868142/\n0327302911	\N	t	t	f	t	t	t	t	t	f	Thiu	\N	128	2025-03-24 08:19:22.466263+07	\N	+	3	\N	1	\N
127	TC2	Nguyn nh  Giang	2007-10-04	Nam	Kinh	H Ni 	H Ni 	Phc ng - Long Bin - H Ni	Phc ng	Long Bin	H Ni 	001207005655	\N	\N	\N	\N	Nguyn nh Ha	\no Th Thu 	0369014305/\n0325539050	\N	t	t	f	t	t	t	t	t	f	Thiu	\N	129	2025-03-24 08:19:22.481054+07	\N	+	3	\N	1	\N
128	TC3	L Thu  H	2007-12-17	N 	Kinh	H Ni 	H Ni 	Vit Hng - Long Bin - H Ni	Vit Hng	Long Bin	H Ni 	001307013071	\N	\N	\N	\N	L Vn Huyn	\nNguyn Th Chi 	03891347367/\n0335417709	\N	t	t	f	t	t	t	t	t	f	Thiu	\N	130	2025-03-24 08:19:22.490327+07	\N	+	3	\N	1	\N
129	TC4	Phm Hng  H	2007-08-02	N 	Kinh	H Ni 	H Ni 	Ngc Lm - Long Bin - H Ni	Ngc Lm	Long Bin	H Ni 	001307047270	\N	\N	\N	\N	Phm Huy Cng\n 	 \nNguyn Kim Oanh 	0973746388/\n0359058965	\N	t	t	f	t	f	t	t	t	f	Thiu	\N	131	2025-03-24 08:19:22.500562+07	\N	+	3	\N	1	\N
130	TC5	Nguyn Ngc  Hi	2007-12-13	Nam	Kinh	H Ni 	H Ni 	c Giang - Long Bin - H Ni	c Giang	Long Bin	H Ni 	001207054296	\N	\N	\N	\N	Nguyn Vn Chinh 	\nL Th Vn 	0912288792/\n0339072795	\N	t	t	t	t	t	t	t	t	f	Thiu	\N	132	2025-03-24 08:19:22.513759+07	\N	+	3	\N	1	\N
131	TC6	Hong Ngc  Hin	2007-06-03	Nam	Kinh	Thi Bnh 	Thi Bnh 	Nam Bnh - Kin Xng- Thi Bnh	Nam Bnh	Kin Xng	Thi Bnh	034207006104	\N	\N	\N	\N	Hong Tin Dng	\nNguyn Th Thn	0374662571	\N	t	t	f	t	t	t	t	t	f	Thiu	\N	133	2025-03-24 08:19:22.52304+07	\N	+	3	\N	1	\N
132	TC7	Trng Tun  Huy	2001-05-05	Nam	Kinh	H Ni 	Hi Dng 	Liu Giai - Ba nh - H Ni	Liu Giai	Ba nh	H Ni 	001201011205	\N	\N	\N	\N	Trng Tun Anh 	\nNguyn Th Luyn 	0384854098\n	\N	t	t	t	f	t	t	t	t	f	Thiu	\N	134	2025-03-24 08:19:22.531073+07	\N	+	3	\N	1	\N
133	TC8	Ng Tun  Khang	2007-12-15	Nam	Kinh	H Ni 	H Ni 	Phc Li - Long Bin - H Ni	Phc Li	Long Bin	H Ni 	001207052722	\N	\N	\N	\N	Ng Xun Minh 	\nNguyn Th Hng 	\N	\N	t	t	t	f	t	t	t	t	f	Thiu	\N	135	2025-03-24 08:19:22.540612+07	\N	+	3	\N	1	\N
134	TC9	inh L An  Khanh	2007-08-23	N 	Kinh	H Ni 	Ph Th 	Ngc Thy - Long Bin - H Ni	Ngc Thy	Long Bin	H Ni 	001307024968	\N	\N	\N	\N	inh Xun Thy	\nL Th Ngc Bch 	096394958\n0969085873	\N	t	t	f	t	t	t	t	t	f	Thiu	\N	136	2025-03-24 08:19:22.548258+07	\N	+	3	\N	1	\N
135	TC10	Nguyn Nam  Khnh	2007-10-06	Nam	Kinh	H Ni 	Nam nh 	Ngc Thy - Long Bin - H Ni	Ngc Thy	Long Bin	H Ni 	001207035607	\N	\N	\N	\N	Nguyn Vn Nam 	\nHong Giang Oanh 	0943951969/\n0335129798	\N	t	t	t	t	t	t	t	t	f	Thiu	\N	137	2025-03-24 08:19:22.555927+07	\N	+	3	\N	1	\N
136	TC11	Trn Quc  Khnh	2007-08-31	Nam	Kinh	H Ni 	Vnh Phc 	B  - Long Bin - H Ni	B 	Long Bin	H Ni 	001207094607	\N	\N	\N	\N	Trn Giang Nam	\nL Thu Huyn 	0332946955/\n0373390407	\N	t	t	t	t	t	t	t	t	f	Thiu	\N	138	2025-03-24 08:19:22.564029+07	\N	+	3	\N	1	\N
137	TC12	Nguyn Th  Linh	2007-09-01	N 	Kinh	Hi Dng 	Qung Ninh 	ng X - Gia Lm - H Ni	ng X	Gia Lm	H Ni 	030307007272	\N	\N	\N	\N	Nguyn Vn Thnh	Trn Th Ngc 	0368327740/\n0982079715	\N	t	t	t	f	t	t	t	t	f	Thiu	\N	139	2025-03-24 08:19:22.573363+07	\N	+	3	\N	1	\N
138	TC13	Nguyn c  Lc	2007-09-02	Nam	Kinh	H Ni 	Hng Yn 	c Giang - Long Bin - H Ni	c Giang	Long Bin	H Ni 	001207058056	\N	\N	\N	\N	Nguyn c Tun	 \nC Th Thanh Phng 	0396223318/\n0915254256	\N	t	t	f	f	f	f	f	t	f	Thiu	\N	140	2025-03-24 08:19:22.583493+07	\N	+	3	\N	1	\N
139	TC14	Phm L Uyn  Nhi	2007-09-03	N 	Kinh	Thanh Ha	Ph Th 	Qung Th -  TP Sm Sn - Thanh Ha	Qung Th	TP Sm Sn	Thanh Ha	025306007462	\N	\N	\N	\N	Phm Hng Thng	\nL Th Hanh 		\N	t	t	f	t	t	t	t	t	f	Thiu	\N	141	2025-03-24 08:19:22.590411+07	\N	+	3	\N	1	\N
140	TC15	Nguyn Th L   Quyn	2007-09-04	N 	Kinh	Hi Dng 	Hi Dng 	c Giang - Long Bin - H Ni	c Giang	Long Bin	H Ni 	030307000185	\N	\N	\N	\N	Nguyn Xun Thy	\nNguyn Th Xuyn 	0349240446	\N	t	t	f	t	t	t	f	t	f	Thiu	\N	142	2025-03-24 08:19:22.598248+07	\N	+	3	\N	1	\N
141	TC16	V Thnh  Thng	2007-09-05	Nam	Kinh	H Ni 	Bc Ninh 	Thng Thanh - Long Bin - H Ni	Thng Thanh	Long Bin	H Ni 	001207053973	\N	\N	\N	\N	V Xun Khnh	\ninh Th Bch Nguyt	0934376981/\n0843661622	\N	t	t	t	t	t	t	t	t	f	Thiu	\N	143	2025-03-24 08:19:22.606843+07	\N	+	3	\N	1	\N
142	TC17	L Bo  Thi	2007-09-06	N 	Thi	Sn La	Sn La	Ching S - Sng M - Sn La	Ching S	Sng M	Sn La	014307005562	\N	\N	\N	\N	\N	L Th Trang	0987321785/\n0378524085	\N	t	t	f	t	t	t	t	t	f	Thiu	\N	144	2025-03-24 08:19:22.616191+07	\N	+	3	\N	1	\N
143	TC18	Nguyn Ngc  nh	2007-09-07	N 	Kinh	H Ni 	Thi Bnh 	Long Bin - H Ni	\N	Long Bin	H Ni 	\N	\N	\N	\N	\N	Nguyn Minh c	\nChu Th Thng 	0352528089/\n0868005207	\N	t	t	t	t	t	t	t	t	f	Thiu	\N	145	2025-03-24 08:19:22.624415+07	\N	+	3	\N	1	\N
144	TC19	Hong Th Vn  Anh	2007-09-08	N 	Kinh	\N	\N	C Khi - Long Bin - H Ni	C Khi	Long Bin	H Ni 	\N	\N	\N	\N	\N	Hong Huy ng	\N	\N	\N	f	f	f	f	f	f	f	f	f	Thiu	Q s 416/Q-CN&KTN ngy 03/07/2023	146	2025-03-24 08:19:22.632966+07	\N	+	3	\N	1	\N
145	TC20	Phm Th Anh	2007-09-09	Nam	Kinh	\N	\N	Thng Long - Kinh Mn - Hi Dng	Thng Long	Kinh Mn	Hi Dng	\N	\N	\N	\N	\N	Phm Hu Lng	\N	\N	\N	f	f	f	f	f	f	f	f	f	Thiu	Q s 1018 /Q-CN&KTN ngy 04/12/2023	147	2025-03-24 08:19:22.642474+07	\N	+	3	\N	1	\N
146	TC21	Trnh Quang  Dng	2007-09-10	Nam	Kinh	\N	\N	 Quang Lng - Ph Xuyn - H Ni	Quang Lng	Ph Xuyn	H Ni 	\N	\N	\N	\N	\N	Trnh Vn T	\N	\N	\N	f	f	f	f	f	f	f	f	f	Thiu	Q s 416/Q-CN&KTN ngy 03/07/2023	148	2025-03-24 08:19:22.650351+07	\N	+	3	\N	1	\N
147	TC22	L Anh  Ho	2007-09-11	Nam	Kinh	\N	\N	Ph Lc - Cm Kh - Ph Th	Ph Lc	Cm Kh	Ph Th	\N	\N	\N	\N	\N	\N	L Kim Hnh	\N	\N	f	f	f	f	f	f	f	f	f	Thiu	Q s 378/Q-CN&KTN ngy 03/04/2024	149	2025-03-24 08:19:22.658274+07	\N	+	3	\N	1	\N
148	TC23	Lng Minh  Hiu	2007-09-12	Nam	Kinh	\N	\N	Vit Hng - Long Bin - H Ni	Vit Hng	Long Bin	H Ni 	\N	\N	\N	\N	\N	Lng Sn Hng	\N	\N	\N	f	f	f	f	f	f	f	f	f	Thiu	Q s 416/Q-CN&KTN ngy 03/07/2023	150	2025-03-24 08:19:22.668292+07	\N	+	3	\N	1	\N
149	TC24	Phm Trung  Hiu	2007-09-13	Nam	Kinh	\N	\N	Vit Hng - Long Bin - H Ni	Vit Hng	Long Bin	H Ni 	\N	\N	\N	\N	\N	Phm Vn 	\N	\N	\N	f	f	f	f	f	f	f	f	f	Thiu	Q s 416/Q-CN&KTN ngy 03/07/2023	151	2025-03-24 08:19:22.675519+07	\N	+	3	\N	1	\N
150	TC25	Nguyn Huy  Hiu	2007-09-14	Nam	Kinh	\N	\N	 Phc ng - Long Bin - H Ni	Phc ng	Long Bin	H Ni 	\N	\N	\N	\N	\N	Nguyn Vn Ch	\N	\N	\N	f	f	f	f	f	f	f	f	f	Thiu	Q s 416/Q-CN&KTN ngy 03/07/2023	152	2025-03-24 08:19:22.683306+07	\N	+	3	\N	1	\N
151	TC26	Lng Tun  Hng	2007-09-15	Nam	Kinh	\N	\N	Vit Hng - Long Bin - H Ni	Vit Hng	Long Bin	H Ni 	\N	\N	\N	\N	\N	Lng Vn 	\N	\N	\N	f	f	f	f	f	f	f	f	f	Thiu	Q s 416/Q-CN&KTN ngy 03/07/2023	153	2025-03-24 08:19:22.690926+07	\N	+	3	\N	1	\N
152	TC27	Nguyn Ngc  Khnh	2007-09-16	Nam	Kinh	\N	\N	Ngc Thy - Long Bin - H Ni	Ngc Thy	Long Bin	H Ni 	\N	\N	\N	\N	\N	Nguyn Vn L	\N	\N	\N	f	f	f	f	f	f	f	f	f	Thiu	Q s1018 /Q-CN&KTN ngy 04/12/2023	154	2025-03-24 08:19:22.70157+07	\N	+	3	\N	1	\N
153	TC28	c Trung  Kin	2007-09-17	Nam	Kinh	\N	\N	Phc Li - Long Bin - H Ni	Phc Li	Long Bin	H Ni 	\N	\N	\N	\N	\N	c Vn Nhun	\N	\N	\N	f	f	f	f	f	f	f	f	f	Thiu	Q s 1033 /Q-CN&KTN ngy 09/12/2023	155	2025-03-24 08:19:22.713336+07	\N	+	3	\N	1	\N
154	TC29	Nguyn Mnh Tun  Minh	2007-09-18	Nam	Kinh	\N	\N	Long Bin - H Ni	\N	Long Bin	H Ni 	\N	\N	\N	\N	\N	Nguyn Mnh Hng	\N	\N	\N	f	f	f	f	f	f	f	f	f	Thiu	Q s 1018 /Q-CN&KTN ngy 04/12/2023	156	2025-03-24 08:19:22.72462+07	\N	+	3	\N	1	\N
155	TC30	Nguyn Xun  Thng	2007-09-19	Nam	Kinh	\N	\N	Vit Hng - Long Bin - H Ni	Vit Hng	Long Bin	H Ni 	\N	\N	\N	\N	\N	Nguyn Xun Thnh	\N	\N	\N	f	f	f	f	f	f	f	f	f	Thiu	Q s 416/Q-CN&KTN ngy 03/07/2023	157	2025-03-24 08:19:22.734134+07	\N	+	3	\N	1	\N
156	TC31	Trn Trng  Th	2007-09-20	Nam	Kinh	\N	\N	Vit Hng - Long Bin - H Ni	Vit Hng	Long Bin	H Ni 	\N	\N	\N	\N	\N	Trn Vn Ch	\N	\N	\N	f	f	f	f	f	f	f	f	f	Thiu	Q s 416/Q-CN&KTN ngy 03/07/2023	158	2025-03-24 08:19:22.743186+07	\N	+	3	\N	1	\N
157	TC32	Lng Th Thanh  Xun	2007-09-21	N 	Kinh	\N	\N	Nam Thng - Nam Trc - Nam nh	Nam Thng	Nam Trc	Nam nh	\N	\N	\N	\N	\N	Lng Vn Ph	\N	\N	\N	f	f	f	f	f	f	f	f	f	Thiu	Q s 416/Q-CN&KTN ngy 03/07/2023	159	2025-03-24 08:19:22.751739+07	\N	+	3	\N	1	\N
158	TC33	Nguyn Th  Yn	2007-09-22	N 	Kinh	\N	\N	Nhn Thnh - L Nhn - H Nam	Nhn Thnh	L Nhn	H Nam	\N	\N	\N	\N	\N	Nguyn Trng Tam	\N	\N	\N	f	f	f	f	f	f	f	f	f	Thiu	Q s 416/Q-CN&KTN ngy 03/07/2023	160	2025-03-24 08:19:22.760811+07	\N	+	3	\N	1	\N
159	TC34	Nguyn Quang Anh	2007-09-23	Nam	Kinh	\N	\N	, Phc Th, H Ni	\N	Phc Th	H Ni	\N	\N	\N	\N	\N	\N	\N	0946239886	\N	f	f	f	f	f	f	f	f	f	Thiu	\N	161	2025-03-24 08:19:22.768868+07	\N	+	3	\N	1	\N
160	TC35	Nguyn Tin Cng	2007-09-24	Nam	Kinh	H Ni	H Ni	Li Thng, Thch Tht, H Ni	Li Thng	Thch Tht	H Ni	001207001883	\N	\N	\N	\N	\N	\N		\N	f	f	t	f	f	t	f	f	f	Thiu	\N	162	2025-03-24 08:19:22.777837+07	\N	+	3	\N	1	\N
161	TC36	Kiu Vn Cng	2007-09-25	Nam	Kinh	H Ni	H Ni	Trch M Lc, Phc Th, H Ni	Trch M Lc	Phc Th	H Ni	001207022498	\N	\N	\N	\N	\N	\N	0365183451	\N	f	f	t	f	f	f	f	f	f	Thiu	\N	163	2025-03-24 08:19:22.787775+07	\N	+	3	\N	1	\N
162	TC37	Nguyn Mnh Cng	2007-09-26	Nam	Kinh	H Ni	H Ni	C ng, Sn Ty, H Ni	C ng	Sn Ty	H Ni	001207046427	\N	\N	\N	\N	\N	\N	\N	\N	f	f	t	f	f	f	f	f	f	Thiu	\N	164	2025-03-24 08:19:22.795679+07	\N	+	3	\N	1	\N
163	TC38	Nguyn Thnh t	2007-09-27	Nam	Kinh	H Ni	H Ni	C ng, Sn Ty, H Ni	C ng	Sn Ty	H Ni	001207037948	\N	\N	\N	\N	\N	\N	\N	\N	f	f	t	f	f	f	f	f	f	Thiu	\N	165	2025-03-24 08:19:22.803904+07	\N	+	3	\N	1	\N
164	TC39	Nguyn Tin t	2007-09-28	Nam	Kinh	H Ni	H Ni	Th trn Phc Th, Phc Th, H Ni	Th trn Phc Th	Phc Th	H Ni	001207037534	\N	\N	\N	\N	\N	\N	0362952090      	\N	f	f	t	f	f	f	f	f	f	Thiu	\N	166	2025-03-24 08:19:22.811262+07	\N	+	3	\N	1	\N
165	TC40	Cao Phng ng	2007-09-29	Nam	Kinh	H Ni	H Ni	Trch M Lc, Phc Th, H Ni	Trch M Lc	Phc Th	H Ni	001207016297	\N	\N	\N	\N	\N	\N	0374782915	\N	f	f	t	f	f	f	f	f	f	Thiu	\N	167	2025-03-24 08:19:22.819999+07	\N	+	3	\N	1	\N
166	TC41	Kiu Vn ng	2007-09-30	Nam 	Kinh	\N	\N	, Phc Th, H Ni	\N	Phc Th	H Ni	\N	\N	\N	\N	\N	\N	\N	0365730514	\N	f	f	t	f	f	f	f	f	f	Thiu	\N	168	2025-03-24 08:19:22.82977+07	\N	+	3	\N	1	\N
167	TC42	Nguyn Minh c	2007-10-01	Nam	Kinh	H Ni	H Ni	C ng, Sn Ty, H Ni	C ng	Sn Ty	H Ni	001207035772	\N	\N	\N	\N	\N	\N	0987896520	\N	f	f	t	f	f	f	f	f	f	Thiu	\N	169	2025-03-24 08:19:22.838392+07	\N	+	3	\N	1	\N
168	TC43	Bi Th Hng Giang	2007-10-02	N	Kinh	H Ni	H Ni	Th Lc, Phc Th, H Ni	Th Lc	Phc Th	H Ni	001307032199	\N	\N	\N	\N	\N	\N	0395611237	\N	f	f	t	f	f	f	f	f	f	Thiu	\N	170	2025-03-24 08:19:22.847276+07	\N	+	3	\N	1	\N
169	TC44	Dng Cng Huy	2007-10-03	Nam	Kinh	H Ni	H Ni	Phng Thng, Phc Th, H Ni	Phng Thng	Phc Th	H Ni	001207045694	\N	\N	\N	\N	\N	\N	0342469172	\N	f	f	t	f	f	f	f	f	f	Thiu	\N	171	2025-03-24 08:19:22.856464+07	\N	+	3	\N	1	\N
170	TC45	Khut Hu Khnh	2007-10-04	Nam	Kinh	H Ni	H Ni	Th Lc, Phc Th, H Ni	Th Lc	Phc Th	H Ni	001207014126	\N	\N	\N	\N	\N	\N	0355823240	\N	f	f	t	f	f	f	f	f	f	Thiu	\N	172	2025-03-24 08:19:22.865499+07	\N	+	3	\N	1	\N
171	TC46	Nguyn Hu Khnh	2007-10-05	Nam	Kinh	H Ni	H Ni	Tch Giang, Phc Th, H Ni	Tch Giang	Phc Th	H Ni	001207012406	\N	\N	\N	\N	\N	\N	0358216843	\N	f	f	t	f	f	f	f	f	f	Thiu	\N	173	2025-03-24 08:19:22.873812+07	\N	+	3	\N	1	\N
172	TC47	Nguyn Nam Khnh	2007-10-06	Nam	Kinh	H Ni	H Ni	Li Thng, Thch Tht, H Ni	Li Thng	Thch Tht	H Ni	001207008455	\N	\N	\N	\N	\N	\N	0375011501	\N	f	f	t	f	f	t	f	f	f	Thiu	\N	174	2025-03-24 08:19:22.88326+07	\N	+	3	\N	1	\N
173	TC48	Kiu Vnh Lc	2007-10-07	Nam	Kinh	\N	\N	, Phc Th, H Ni	\N	Phc Th	H Ni	\N	\N	\N	\N	\N	\N	\N	0368066856	\N	f	f	t	f	f	f	f	f	f	Thiu	\N	175	2025-03-24 08:19:22.892175+07	\N	+	3	\N	1	\N
174	TC49	Nguyn Duy Nht	2007-10-08	Nam	Kinh	H Ni	H Ni	Th Lc, Phc Th, H Ni	Th Lc	Phc Th	H Ni	001207003177	\N	\N	\N	\N	\N	\N	0329738931	\N	f	f	t	f	f	f	f	f	f	Thiu	\N	176	2025-03-24 08:19:22.900864+07	\N	+	3	\N	1	\N
175	TC50	Nghim Hng Qun	2007-10-09	Nam	Kinh	H Ni	H Ni	Th Lc, Phc Th, H Ni	Th Lc	Phc Th	H Ni	001207093663	\N	\N	\N	\N	\N	\N	0387045374	\N	f	f	t	f	f	f	f	f	f	Thiu	\N	177	2025-03-24 08:19:22.909322+07	\N	+	3	\N	1	\N
176	TC51	Nguyn Vit Qun	2007-10-10	Nam	Kinh	H Ni	H Ni	Tch Giang, Phc Th, H Ni	Tch Giang	Phc Th	H Ni	001207044942	\N	\N	\N	\N	\N	\N	0966086806\n0966828886	\N	f	f	t	f	f	f	f	f	f	Thiu	\N	178	2025-03-24 08:19:22.917791+07	\N	+	3	\N	1	\N
177	TC52	H Xun Thnh	2007-10-11	Nam	Kinh	H Ni	H Ni	Tch Giang, Phc Th, H Ni	Tch Giang	Phc Th	H Ni	001207052036	\N	\N	\N	\N	\N	\N	0979425728\n0983144496	\N	f	f	t	f	f	f	f	f	f	Thiu	\N	179	2025-03-24 08:19:22.925646+07	\N	+	3	\N	1	\N
178	TC53	Nguyn Tin Thnh	2007-10-12	Nam	Kinh	H Ni	H Ni	Trch M Lc, Phc Th, H Ni	Trch M Lc	Phc Th	H Ni	001207040014	\N	\N	\N	\N	\N	\N	0375449957\n0968963468	\N	f	f	f	f	f	f	f	f	f	Thiu	\N	180	2025-03-24 08:19:22.933799+07	\N	+	3	\N	1	\N
179	TC54	Nguyn Hu Thnh	2007-10-13	Nam	Kinh	H Ni	H Ni	Hip Thun, Phc Th, H Ni	Hip Thun	Phc Th	H Ni	001207060081	\N	\N	\N	\N	\N	\N	0865938571\n0972321094	\N	f	f	t	f	f	f	f	f	f	Thiu	\N	181	2025-03-24 08:19:22.941406+07	\N	+	3	\N	1	\N
180	TC55	V Th Hoi Thu	2007-10-14	N	Kinh	H Ni	H Ni	Th Lc, Phc Th, H Ni	Th Lc	Phc Th	H Ni	001307019246	\N	\N	\N	\N	\N	\N	0385648296\n0352198274	\N	f	f	t	f	f	f	f	f	f	Thiu	\N	182	2025-03-24 08:19:22.94838+07	\N	+	3	\N	1	\N
181	TC56	Khut Hng Tin	2007-10-15	Nam	Kinh	H Ni	H Ni	Th Lc, Phc Th, H Ni	Th Lc	Phc Th	H Ni	001207033018	\N	\N	\N	\N	\N	\N	0984231791\n0356407137	\N	f	f	t	f	f	f	f	f	f	Thiu	\N	183	2025-03-24 08:19:22.955246+07	\N	+	3	\N	1	\N
182	TC57	Nguyn nh Trin	2007-10-16	Nam	Kinh	H Ni	H Ni	Th Lc, Phc Th, H Ni	Th Lc	Phc Th	H Ni	001207022032	\N	\N	\N	\N	\N	\N	0385840818\n	\N	f	f	t	f	f	f	f	f	f	Thiu	\N	184	2025-03-24 08:19:22.962243+07	\N	+	3	\N	1	\N
183	TC58	Nguyn Vn Trng	2007-10-17	Nam	Kinh	H Ni	H Ni	Phc Ho, Phc Th, H Ni	Phc Ho	Phc Th	H Ni	001207093557	\N	\N	\N	\N	\N	\N	0975031184\n	\N	f	f	t	f	f	f	f	f	f	Thiu	\N	185	2025-03-24 08:19:22.970319+07	\N	+	3	\N	1	\N
184	TC59	Nguyn Thanh Tng	2007-10-18	Nam	Kinh	H Ni	H Ni	Phc Ho, Phc Th, H Ni	Phc Ho	Phc Th	H Ni	001207049693	\N	\N	\N	\N	\N	\N	0976746706\n	\N	f	f	t	f	f	f	f	f	f	Thiu	\N	186	2025-03-24 08:19:22.978462+07	\N	+	3	\N	1	\N
185	TC60	Nguyn Th Ti	2007-10-19	N	Kinh	Thanh Ha	Thanh Ha	Qung Hi, Qung Xng, Thanh Ho	Qung Hi	Qung Xng	Thanh Ho	038307004221	\N	\N	\N	\N	\N	\N	0962257826\n	\N	f	f	t	f	f	t	f	f	f	Thiu	\N	187	2025-03-24 08:19:22.986444+07	\N	+	3	\N	1	\N
186	TC61	V Xun Minh	2007-10-20	Nam	Kinh	\N	\N	, Phc Th, H Ni	\N	Phc Th	H Ni	\N	\N	\N	\N	\N	\N	\N	\N	\N	f	f	f	f	f	f	f	f	f	Thiu	Q s 277/Q-CN&KTN ngy 18/5/2023	188	2025-03-24 08:19:22.994544+07	\N	+	3	\N	1	\N
187	TC62	Nguyn Ngc Tin	2007-10-21	Nam	Kinh	H Ni	H Ni	C ng, Sn Ty, H Ni	C ng	Sn Ty	H Ni	001207017630	\N	\N	\N	\N	\N	\N	\N	\N	f	f	t	f	f	t	f	f	f	Thiu	Q s 632/Q-CN&KTN ngy 31/5/2024	189	2025-03-24 08:19:23.001624+07	\N	+	3	\N	1	\N
188	TC63	Khut Duy Hong Anh	2007-10-22	Nam	Kinh	H Ni	H Ni	Trch M Lc, Phc Th, H Ni	Trch M Lc	Phc Th	H Ni	001207016758	\N	\N	\N	\N	Khut Duy T           	Nguyn Th Xun	0979895633\n0971731105	\N	f	f	t	f	t	f	t	f	f	Thiu	\N	190	2025-03-24 08:19:23.010235+07	\N	+	3	\N	1	\N
189	TC64	Nguyn Th Hng Anh	2007-10-23	N	Kinh	H Ni	H Ni	Trch M Lc, Phc Th, H Ni	Trch M Lc	Phc Th	H Ni	001307008670	\N	\N	\N	\N	Nguyn Vn Dng  	NgKiu Th Thu Hng	0332093815	\N	f	f	t	f	t	f	t	f	f	Thiu	\N	191	2025-03-24 08:19:23.018435+07	\N	+	3	\N	1	\N
190	TC65	Nguyn Th Lan Anh	2007-10-24	N	Kinh	H Ni	H Ni	Tch Giang, Phc Th, H Ni	Tch Giang	Phc Th	H Ni	001307042510	\N	\N	\N	\N	Nguyn Hu Sng   	 Khut Th Hng	0985370140\n0393008202	\N	f	f	t	f	t	f	t	f	f	Thiu	\N	192	2025-03-24 08:19:23.028076+07	\N	+	3	\N	1	\N
191	TC66	Nguyn Th Phng Anh	2007-10-25	N	Kinh	H Ni	H Ni	Trch M Lc, Phc Th, H Ni	Trch M Lc	Phc Th	H Ni	001307022152	\N	\N	\N	\N	Nguyn nh Tun     	 Kiu Th Tuyn	0389256597 0397801466	\N	f	f	t	f	t	f	t	f	f	Thiu	\N	193	2025-03-24 08:19:23.036002+07	\N	+	3	\N	1	\N
192	TC67	V Vit Anh	2007-10-26	Nam	Kinh	H Ni	H Ni	Trch M Lc, Phc Th, H Ni	Trch M Lc	Phc Th	H Ni	001207030052	\N	\N	\N	\N	V Vn Chin         	Khut Th Su	0325805640\n0395935192	\N	f	f	t	f	t	f	t	f	f	Thiu	\N	194	2025-03-24 08:19:23.043748+07	\N	+	3	\N	1	\N
193	TC68	Hong Th Ngc nh	2007-10-27	N	Kinh	H Ni	H Ni	Phng Thng, Phc Th, H Ni	Phng Thng	Phc Th	H Ni	001307030736	\N	\N	\N	\N	Hong Vn Lc  	Phng Th Phng	0961713047\n0912736466	\N	f	f	t	f	t	f	t	f	f	Thiu	\N	195	2025-03-24 08:19:23.050819+07	\N	+	3	\N	1	\N
194	TC69	T Khnh Bng	2007-10-28	N	Kinh	H Ni	H Ni	Th trn Phc Th, Phc Th, H Ni	Th trn Phc Th	Phc Th	H Ni	001307033224	\N	\N	\N	\N	T Thanh V     	Khut Th Loan	0974270080\n	\N	f	f	t	f	t	f	f	f	f	Thiu	\N	196	2025-03-24 08:19:23.058102+07	\N	+	3	\N	1	\N
195	TC70	 Thu Dim	2007-10-29	N	Kinh	H Ni	H Ni	Ngc To, Phc Th, H Ni	Ngc To	Phc Th	H Ni	001307016828	\N	\N	\N	\N	 Vn Khnh  	 Th Hng	0961824966 0981330812	\N	f	f	t	f	t	f	t	f	f	Thiu	\N	197	2025-03-24 08:19:23.065877+07	\N	+	3	\N	1	\N
196	TC71	Khut Qunh Giang	2007-10-30	N	Kinh	H Ni	H Ni	Phc Ho, Phc Th, H Ni	Phc Ho	Phc Th	H Ni	001307023981	\N	\N	\N	\N	Khut Duy nh  	 Nguyn Th Hi Yn	0374803828	\N	f	f	t	f	t	f	t	f	f	Thiu	\N	198	2025-03-24 08:19:23.073121+07	\N	+	3	\N	1	\N
197	TC72	Nguyn Hng Giang	2007-10-31	N	Kinh	H Ni	H Ni	Phc Ho, Phc Th, H Ni	Phc Ho	Phc Th	H Ni	001307005720	\N	\N	\N	\N	Nguyn Vn Thng 	Nguyn Th Nga	0989596874	\N	f	f	t	f	t	f	t	f	f	Thiu	\N	199	2025-03-24 08:19:23.080108+07	\N	+	3	\N	1	\N
198	TC73	inh Th Minh Hng	2007-11-01	N	Kinh	H Ni	H Ni	Th trn Phc Th, Phc Th, H Ni	Th trn Phc Th	Phc Th	H Ni	001307011038	\N	\N	\N	\N	inh Cng Cng 	Nguyn Th Nng	0966606498	\N	f	f	t	f	t	f	t	f	f	Thiu	\N	200	2025-03-24 08:19:23.089246+07	\N	+	3	\N	1	\N
199	TC74	Trn Thanh Hin	2007-11-02	N	Kinh	H Ni	H Ni	Phng Thng, Phc Th, H Ni	Phng Thng	Phc Th	H Ni	001307033775	\N	\N	\N	\N	Trn Duy Trinh   	 Dng Th Mai	0355396935	\N	f	f	t	f	t	f	t	f	f	Thiu	\N	201	2025-03-24 08:19:23.09743+07	\N	+	3	\N	1	\N
200	TC75	Dng Cng Hiu	2007-11-03	Nam	Kinh	H Ni	H Ni	Phng Thng, Phc Th, H Ni	Phng Thng	Phc Th	H Ni	001207054819	\N	\N	\N	\N	Dng Vn Thc	Hong Th Hn	0979221833	\N	f	f	t	f	t	f	t	f	f	Thiu	\N	202	2025-03-24 08:19:23.105574+07	\N	+	3	\N	1	\N
201	TC76	Khut Vit Hong	2007-11-04	Nam	Kinh	H Ni	H Ni	Phc Ho, Phc Th, H Ni	Phc Ho	Phc Th	H Ni	001207013797	\N	\N	\N	\N	Khut Duy Mnh 	 Nguyn Th Hng	0348964516	\N	f	f	t	f	t	f	f	f	f	Thiu	\N	203	2025-03-24 08:19:23.11319+07	\N	+	3	\N	1	\N
202	TC77	Hong Vn Hun	2007-11-05	Nam	Kinh	H Ni	H Ni	Trch M Lc, Phc Th, H Ni	Trch M Lc	Phc Th	H Ni	001207009472	\N	\N	\N	\N	Hong Vn Ho  	 V Th Nhn	0342781946	\N	f	f	t	f	t	f	t	f	f	Thiu	\N	204	2025-03-24 08:19:23.120686+07	\N	+	3	\N	1	\N
203	TC78	Nguyn Vit Huy	2007-11-06	Nam	Kinh	H Ni	H Ni	Trch M Lc, Phc Th, H Ni	Trch M Lc	Phc Th	H Ni	001207008717	\N	\N	\N	\N	Nguyn Vn Dng 	Nguyn Th N	0368723270 0353450841	\N	f	f	t	f	t	f	t	f	f	Thiu	\N	205	2025-03-24 08:19:23.128283+07	\N	+	3	\N	1	\N
204	TC79	Khut nh Huyn	2007-11-07	N	Kinh	H Ni	H Ni	Th trn Phc Th, Phc Th, H Ni	Th trn Phc Th	Phc Th	H Ni	\N	\N	\N	\N	\N	Khut Khc Ton  	Khut Th Tho	0394529185	\N	f	f	f	f	t	f	t	f	f	Thiu	\N	206	2025-03-24 08:19:23.136902+07	\N	+	3	\N	1	\N
205	TC80	Hong Ngc Khnh	2007-11-08	Nam	Kinh	H Ni	H Ni	Phng Thng, Phc Th, H Ni	Phng Thng	Phc Th	H Ni	001207046740	\N	\N	\N	\N	Hong Quang Chin	\N	0342469460 0367560122	\N	f	f	f	f	t	f	f	f	f	Thiu	\N	207	2025-03-24 08:19:23.144632+07	\N	+	3	\N	1	\N
206	TC81	Dng ng Khoa	2007-11-09	Nam	Kinh	H Ni	H Ni	Ngc To, Phc Th, H Ni	Ngc To	Phc Th	H Ni	001207021494	\N	\N	\N	\N	Dng Vn Th 	Nguyn Th Sm	0979636176	\N	f	f	t	f	t	f	t	f	f	Thiu	\N	208	2025-03-24 08:19:23.153211+07	\N	+	3	\N	1	\N
207	TC82	Nguyn Ngc Linh	2007-11-10	N	Kinh	H Ni	H Ni	Th trn Phc Th, Phc Th, H Ni	Th trn Phc Th	Phc Th	H Ni	001307033270	\N	\N	\N	\N	Nguyn Vn c 	inh Th Anh	0975511729	\N	f	f	t	f	t	f	t	f	f	Thiu	\N	209	2025-03-24 08:19:23.160946+07	\N	+	3	\N	1	\N
208	TC83	H Vn Mnh	2007-11-11	Nam	Kinh	H Ni	H Ni	Th trn Phc Th, Phc Th, H Ni	Th trn Phc Th	Phc Th	H Ni	001202038313	\N	\N	\N	\N	H Quc Lun	T Th Thm                  	0965359302	\N	f	f	f	f	t	f	t	f	f	Thiu	\N	210	2025-03-24 08:19:23.169346+07	\N	+	3	\N	1	\N
209	TC84	Khut Th Tr My	2007-11-12	N	Kinh	H Ni	H Ni	Trch M Lc, Phc Th, H Ni	Trch M Lc	Phc Th	H Ni	001307029041	\N	\N	\N	\N	Khut Duy i  	             Nguyn Th Hiu	0865269330 0325755730	\N	f	f	t	f	t	f	t	f	f	Thiu	\N	211	2025-03-24 08:19:23.177475+07	\N	+	3	\N	1	\N
210	TC85	Nguyn Th Huyn My	2007-11-13	N	Kinh	H Ni	H Ni	Ngc To, Phc Th, H Ni	Ngc To	Phc Th	H Ni	001307036113	\N	\N	\N	\N	Nguyn Thnh Trang	Khut Th Thanh Huyn 	0978949036	\N	f	f	t	f	t	f	t	f	f	Thiu	\N	212	2025-03-24 08:19:23.18569+07	\N	+	3	\N	1	\N
211	TC86	Khut Th Nga	2007-11-14	N	Kinh	H Ni	H Ni	Phc Ho, Phc Th, H Ni	Phc Ho	Phc Th	H Ni	001307039768	\N	\N	\N	\N	Khut Ph Lng 	Nguyn Th H	0395286433	\N	f	f	t	f	t	f	t	f	f	Thiu	\N	213	2025-03-24 08:19:23.194043+07	\N	+	3	\N	1	\N
212	TC87	Trn Th Hi Ngha	2007-11-15	N	Kinh	H Ni	H Ni	An Ph, M c, H Ni	An Ph	M c	H Ni	001307006305	\N	\N	\N	\N	Trn Vn Uy            	Bch Th S	0376598809	\N	f	f	t	f	t	f	t	f	f	Thiu	\N	214	2025-03-24 08:19:23.202034+07	\N	+	3	\N	1	\N
213	TC88	Nguyn Th Minh Nguyt	2007-11-16	N	Kinh	H Ni	H Ni	Th Lc, Phc Th, H Ni	Th Lc	Phc Th	H Ni	001307041607	\N	\N	\N	\N	Nguyn nh T   	Nguyn Th H	0815229583	\N	f	f	f	f	t	f	t	f	f	Thiu	\N	215	2025-03-24 08:19:23.210719+07	\N	+	3	\N	1	\N
214	TC89	Nguyn Th Tuyt Nhi	2007-11-17	N	Kinh	H Ni	H Ni	Trch M Lc, Phc Th, H Ni	Trch M Lc	Phc Th	H Ni	001307051594	\N	\N	\N	\N	Nguyn Xun Ting 	Nguyn Th Vn	0335646595	\N	f	f	t	f	t	f	t	f	f	Thiu	\N	216	2025-03-24 08:19:23.218425+07	\N	+	3	\N	1	\N
215	TC90	V c Pht	2007-11-18	Nam	Kinh	H Ni	H Ni	Th Lc, Phc Th, H Ni	Th Lc	Phc Th	H Ni	001207032814	\N	\N	\N	\N	V c Qun          	Kiu Th Ngn	0377221318	\N	f	f	t	f	t	f	t	f	f	Thiu	\N	217	2025-03-24 08:19:23.228202+07	\N	+	3	\N	1	\N
216	TC91	 Minh Quang	2007-11-19	Nam	Kinh	H Ni	H Ni	Ngc To, Phc Th, H Ni	Ngc To	Phc Th	H Ni	001207011458	\N	\N	\N	\N	 Xun Trng     	Nguyn Th Chc	0978782908	\N	f	f	t	f	t	f	t	f	f	Thiu	\N	218	2025-03-24 08:19:23.235521+07	\N	+	3	\N	1	\N
217	TC92	m Th Qunh	2007-11-20	N	Kinh	H Ni	H Ni	Phc Ho, Phc Th, H Ni	Phc Ho	Phc Th	H Ni	001307017864	\N	\N	\N	\N	m Vn ng       	Nguyn Th Sinh	036621805 0396159328	\N	f	f	t	f	t	f	t	f	f	Thiu	\N	219	2025-03-24 08:19:23.242586+07	\N	+	3	\N	1	\N
218	TC93	Nguyn Anh Ti	2007-11-21	Nam	Kinh	H Ni	H Ni	Phng Thng, Phc Th, H Ni	Phng Thng	Phc Th	H Ni	001207006837	\N	\N	\N	\N	Nguyn Khnh Tng	 Th Mai	0387687528	\N	f	f	t	f	t	f	t	f	f	Thiu	\N	220	2025-03-24 08:19:23.251597+07	\N	+	3	\N	1	\N
219	TC94	Nguyn Minh Tm	2007-11-22	Nam	Kinh	H Ni	H Ni	Trch M Lc, Phc Th, H Ni	Trch M Lc	Phc Th	H Ni	001206027259	\N	\N	\N	\N	Nguyn nh Tut       	V Th Thy	0984734399	\N	f	f	t	f	t	f	t	f	f	Thiu	\N	221	2025-03-24 08:19:23.259908+07	\N	+	3	\N	1	\N
220	TC95	Nguyn Th Thy	2007-11-23	N	Kinh	H Ni	H Ni	Th trn Phc Th, Phc Th, H Ni	Th trn Phc Th	Phc Th	H Ni	001307009225	\N	\N	\N	\N	Nguyn Vn Minh 	Khut Th Hoa	0358876528	\N	f	f	t	f	t	f	t	f	f	Thiu	\N	222	2025-03-24 08:19:23.267804+07	\N	+	3	\N	1	\N
221	TC96	Hong Xun Trng	2007-11-24	Nam	Kinh	H Ni	Tuyn Quang	Trch M Lc, Phc Th, H Ni	Trch M Lc	Phc Th	H Ni	0082707003677	\N	\N	\N	\N	Hong Trung Dng	V Th Ha          	0981700306 0373982007	\N	f	f	t	f	t	f	t	f	f	Thiu	\N	223	2025-03-24 08:19:23.275712+07	\N	+	3	\N	1	\N
222	TC97	Nguyn B T	2007-11-25	Nam	Kinh	H Ni	H Ni	Th Lc, Phc Th, H Ni	Th Lc	Phc Th	H Ni	001207053034	\N	\N	\N	\N	Nguyn B Tun	Nguyn Th Thu	0356571402	\N	f	f	t	f	t	f	t	f	f	Thiu	\N	224	2025-03-24 08:19:23.283234+07	\N	+	3	\N	1	\N
280	TC0039	Nguyn Mnh Cng	2007-09-26	Nam	Kinh	H Ni	H Ni	C ng, Sn Ty, H Ni	C ng	Sn Ty	H Ni	001207046427	\N	\N	\N	\N	\N	\N	\N	\N	f	f	t	f	f	f	f	f	f	Thiu	\N	282	2025-03-24 14:31:02.69968+07	\N	+	3	6	1	\N
223	TC98	Nguyn Vn T	2007-11-26	Nam	Kinh	H Ni	H Ni	C ng, th x Sn Ty, H Ni	C ng	th x Sn Ty	H Ni	001207040982	\N	\N	\N	\N	Nguyn Vn Anh	Nguyn Th Thanh	0373206943 0353872336	\N	f	f	t	f	t	f	t	f	f	Thiu	\N	225	2025-03-24 08:19:23.2929+07	\N	+	3	\N	1	\N
224	TC99	Khut nh Vit	2007-11-27	Nam	Kinh	H Ni	\N	Tch Giang, Phc Th, H Ni	Tch Giang	Phc Th	H Ni	\N	\N	\N	\N	\N	Nguyn Th Thu	Nguyn Th Thu	0383531405	\N	f	f	f	f	t	f	f	f	f	Thiu	\N	226	2025-03-24 08:19:23.301199+07	\N	+	3	\N	1	\N
225	TC100	Nguyn Th Vinh	2007-11-28	Nam	Kinh	H Ni	H Ni	Phng Thng, Phc Th, H Ni	Phng Thng	Phc Th	H Ni	001207028619	\N	\N	\N	\N	Nguyn Xun Cnh 	Dng Th Hng	0961232946 0375529763	\N	f	f	t	f	t	f	t	f	f	Thiu	\N	227	2025-03-24 08:19:23.307828+07	\N	+	3	\N	1	\N
226	TC101	V Cng t	2007-11-29	\N	Kinh	\N	\N	Trch M Lc, Phc Th, 	Trch M Lc	Phc Th	H Ni	\N	\N	\N	\N	\N	\N	\N	\N	\N	f	f	f	f	f	f	f	f	f	Thiu	\N	228	2025-03-24 08:19:23.316015+07	\N	+	3	\N	1	\N
227	TC102	Khut Huy Hong	2007-11-30	Nam	Kinh	\N	\N	Trch M Lc, Phc Th, 	Trch M Lc	Phc Th	H Ni	001205031477	\N	\N	\N	\N	\N	\N	986249094	\N	f	f	t	f	t	f	t	f	f	Thiu	\N	229	2025-03-24 08:19:23.323482+07	\N	+	3	\N	1	\N
228	TC103	V Tun Phong	2007-12-01	Nam	Kinh	\N	\N	Trch M Lc, Phc Th, H Ni	Trch M Lc	Phc Th	H Ni	\N	\N	\N	\N	\N	\N	\N	\N	\N	f	f	f	f	f	f	f	f	f	Thiu	\N	230	2025-03-24 08:19:23.331861+07	\N	+	3	\N	1	\N
229	TC104	Hong Ph Quang	2007-12-02	\N	Kinh	\N	\N	Trch M Lc, Phc Th, H Ni	Trch M Lc	Phc Th	H Ni	\N	\N	\N	\N	\N	\N	\N	\N	\N	f	f	f	f	f	f	f	f	f	Thiu	\N	231	2025-03-24 08:19:23.341068+07	\N	+	3	\N	1	\N
230	TC105	Khut Duy Qu	2007-12-03	\N	Kinh	\N	\N	Trch M Lc, Phc Th, H Ni	Trch M Lc	Phc Th	H Ni	\N	\N	\N	\N	\N	\N	\N	\N	\N	f	f	f	f	f	f	f	f	f	Thiu	\N	232	2025-03-24 08:19:23.349282+07	\N	+	3	\N	1	\N
231	TC106	H Qunh  Anh	2007-12-04	N	Kinh	H Ni	Ngh An	 ch Da - ng a - HN	 Ch Da	ng a	H Ni	001306016281	\N	\N	\N	\N	H Khnh Ton\n	\nNguyn Th Thanh Thu	0888224850	\N	t	f	t	f	t	t	t	t	f	Thiu	\N	233	2025-03-24 08:19:23.357004+07	\N	+	3	\N	1	\N
232	TC107	Phm Th Minh Bin	2007-12-05	N	Kinh	Nam nh	Nam nh	Trc i, Trc Ninh, Nam nh	Trc i 	Trc Ninh	Nam nh	036307004151	\N	\N	\N	\N	Phm Vn ng\n	\nPhm Th Nhn	09887694863	\N	t	t	f	f	t	t	t	t	f	Thiu	\N	234	2025-03-24 08:19:23.364364+07	\N	+	3	\N	1	\N
233	TC108	Chu Thy Dng	2007-12-06	N	Kinh	H Ni	Hng Yn	Khng Trung, Thanh Xun, H Ni	Khng Trung	Thanh Xun	H Ni	001307057996	\N	\N	\N	\N	Chu Mnh Tng\n	\n Th Thy	0901725668/\n0868218079	\N	t	t	f	f	f	t	t	t	f	Thiu	\N	235	2025-03-24 08:19:23.373844+07	\N	+	3	\N	1	\N
234	TC109	 Phc  Hng	2007-12-07	Nam	Kinh	H Ni	Hi Phng	Quc T Gim, ng a, H Ni	Quc T Gim	ng a	H Ni	001207040209	\N	\N	\N	\N	 Thi Bo\n	\nV Th T Uyn	0914603626\n0966051954	\N	t	t	f	f	t	t	t	t	f	Thiu	\N	236	2025-03-24 08:19:23.382594+07	\N	+	3	\N	1	\N
235	TC110	Nguyn Tin Thnh	2007-12-08	Nam	Kinh	H Ni	H Ni	Chng Dng, Hon Kim, H Ni	Chng Dng	Hon Kim	H Ni	001207010924	\N	\N	\N	\N	Nguyn Vn Hong\n	\n Nguyn Th Kim Oanh	0964868174	\N	t	t	t	f	t	t	t	f	f	Thiu	\N	237	2025-03-24 08:19:23.391997+07	\N	+	3	\N	1	\N
236	TC111	Nguyn nh  Khnh	2007-12-09	Nam	Kinh	Hi Dng	Hi Dng	Thng Nht, Gia Lc, Hi Dng	Thng Nht	Gia Lc	Hi Dng	030201006696	\N	\N	\N	\N	Nguyn nh Tranh\n 	\n Phm Th Xuyn	0344496777	\N	t	f	t	f	t	t	t	t	f	Thiu	\N	238	2025-03-24 08:19:23.401317+07	\N	+	3	\N	1	\N
237	TC112	V Minh  Thnh	2007-12-10	Nam	Kinh	Hng Yn	Hng Yn	Yn Ph, Yn M, Hng Yn	Yn Ph	Yn M	Hng Yn	033099009491	\N	\N	\N	\N	V Trng Tn\n	\nNguyn Th Ha	0989871630	\N	t	f	f	f	t	t	t	t	f	Thiu	\N	239	2025-03-24 08:19:23.409448+07	\N	+	3	\N	1	\N
238	TC113	Hong Vn Anh	2007-12-11	\N	\N	\N	\N	Vnh Hng, Hong Mai, H Ni	Vnh Hng	Hong Mai	H Ni	\N	\N	\N	\N	\N	Hong Th Thnh\n	\nNguyn Minh Tin	0971835589	\N	f	f	f	f	f	f	f	f	f	Thiu	Ngh hc khng c Q \nCha thu k no	240	2025-03-24 08:19:23.417458+07	\N	+	3	\N	1	\N
239	TC114	Nguyn Hng  Anh	2007-12-12	\N	\N	\N	\N	Dch Vng Hu - Cu Giy - H Ni	Dch Vng Hu	Cu Giy	H Ni	\N	\N	\N	\N	\N	Nguyn Nam Ton\n	\nng Bch Hnh	0902252229	\N	f	f	f	f	f	f	f	f	f	Thiu	Ngh hc khng c Q \nCha thu k no	241	2025-03-24 08:19:23.423457+07	\N	+	3	\N	1	\N
240	TC115	Dng Tin Mnh	2007-12-13	\N	\N	\N	\N	Minh Ph, Sc Sn, H Ni	Minh Ph	Sc Sn	H Ni	\N	\N	\N	\N	\N	\nDng Vn Cng	H Th Hng\n	\N	\N	f	t	f	f	f	f	f	f	f	Thiu	Ngh hc khng c Q \n thu K1	242	2025-03-24 08:19:23.433741+07	\N	+	3	\N	1	\N
241	TC116	Phan Nguyn Trc Ly	2007-12-14	\N	\N	\N	\N	M Lc - Ph M - Bnh nh	M Lc	Ph M	Bnh nh	\N	\N	\N	\N	\N	\N	\N	\N	\N	f	f	f	f	f	f	f	f	f	Thiu	Ngh hc khng c Q \n thu K1,2	243	2025-03-24 08:19:23.441754+07	\N	+	3	\N	1	\N
242	TC117	Chu Quc Phong	2007-12-15	\N	\N	\N	\N	Bnh Lc - H Nam	\N	Bnh Lc	H Nam	\N	\N	\N	\N	\N	\N	\N	\N	\N	f	f	f	f	f	f	f	f	f	Thiu	Ngh hc khng c Q \nCha thu k no	244	2025-03-24 08:19:23.449897+07	\N	+	3	\N	1	\N
243	TC0001	H Qunh Anh	2006-02-07	N	Kinh	H Ni	Ngh An	 ch Da - ng a - HN	\N	\N	\N	001306016281	\N	\N	\N	\N	H Khnh Ton	Nguyn Th Thanh Thu	0888224850	\N	f	f	f	f	f	f	f	f	f			245	2025-03-24 10:50:35.974761+07	\N	+	3	2	1	\N
244	TC0017	L Bo  Thi	2007-09-06	N 	\N	\N	\N	Ching S - Sng M - Sn La	Ching S	Sng M	Sn La	014307005562	\N	L Th Trang	0987321785/\n0378524085	\N	\N	\N	\N	\N	f	f	f	f	f	f	f	f	f	Thiu	\N	246	2025-03-24 11:02:21.383925+07	\N	+	3	5	1	\N
245	TC0022	L Anh  Ho	2007-09-11	Nam	\N	\N	\N	Ph Lc - Cm Kh - Ph Th	Ph Lc	Cm Kh	Ph Th	\N	\N	L Kim Hnh	\N	\N	\N	\N	\N	\N	f	f	f	f	f	f	f	f	f	Thiu	\N	247	2025-03-24 11:02:21.404965+07	\N	+	3	5	1	\N
246	TC0003	L c  Anh	2007-09-27	Nam	Kinh	H Ni 	H Ni 	Phc ng - Long Bin - H Ni 	Phc ng	Long Bin	H Ni 	001207024032	\N	\N	\N	\N	L Xun M\n	\nNguyn Hng Nguyt	0912868142/\n0327302911	\N	t	t	f	t	t	t	t	t	f	Thiu	\N	248	2025-03-24 14:13:11.321208+07	\N	+	3	5	1	\N
247	TC0004	Nguyn nh  Giang	2007-10-04	Nam	Kinh	H Ni 	H Ni 	Phc ng - Long Bin - H Ni	Phc ng	Long Bin	H Ni 	001207005655	\N	\N	\N	\N	Nguyn nh Ha	\no Th Thu 	0369014305/\n0325539050	\N	t	t	f	t	t	t	t	t	f	Thiu	\N	249	2025-03-24 14:13:11.333792+07	\N	+	3	5	1	\N
248	TC0005	L Thu  H	2007-12-17	N 	Kinh	H Ni 	H Ni 	Vit Hng - Long Bin - H Ni	Vit Hng	Long Bin	H Ni 	001307013071	\N	\N	\N	\N	L Vn Huyn	\nNguyn Th Chi 	03891347367/\n0335417709	\N	t	t	f	t	t	t	t	t	f	Thiu	\N	250	2025-03-24 14:13:11.342273+07	\N	+	3	5	1	\N
249	TC0006	Phm Hng  H	2007-08-02	N 	Kinh	H Ni 	H Ni 	Ngc Lm - Long Bin - H Ni	Ngc Lm	Long Bin	H Ni 	001307047270	\N	\N	\N	\N	Phm Huy Cng\n 	 \nNguyn Kim Oanh 	0973746388/\n0359058965	\N	t	t	f	t	f	t	t	t	f	Thiu	\N	251	2025-03-24 14:13:11.350567+07	\N	+	3	5	1	\N
250	TC0007	Nguyn Ngc  Hi	2007-12-13	Nam	Kinh	H Ni 	H Ni 	c Giang - Long Bin - H Ni	c Giang	Long Bin	H Ni 	001207054296	\N	\N	\N	\N	Nguyn Vn Chinh 	\nL Th Vn 	0912288792/\n0339072795	\N	t	t	t	t	t	t	t	t	f	Thiu	\N	252	2025-03-24 14:13:11.359009+07	\N	+	3	5	1	\N
251	TC0008	Hong Ngc  Hin	2007-06-03	Nam	Kinh	Thi Bnh 	Thi Bnh 	Nam Bnh - Kin Xng- Thi Bnh	Nam Bnh	Kin Xng	Thi Bnh	034207006104	\N	\N	\N	\N	Hong Tin Dng	\nNguyn Th Thn	0374662571	\N	t	t	f	t	t	t	t	t	f	Thiu	\N	253	2025-03-24 14:13:11.367175+07	\N	+	3	5	1	\N
252	TC0009	Trng Tun  Huy	2001-05-05	Nam	Kinh	H Ni 	Hi Dng 	Liu Giai - Ba nh - H Ni	Liu Giai	Ba nh	H Ni 	001201011205	\N	\N	\N	\N	Trng Tun Anh 	\nNguyn Th Luyn 	0384854098\n	\N	t	t	t	f	t	t	t	t	f	Thiu	\N	254	2025-03-24 14:13:11.375505+07	\N	+	3	5	1	\N
253	TC0010	Ng Tun  Khang	2007-12-15	Nam	Kinh	H Ni 	H Ni 	Phc Li - Long Bin - H Ni	Phc Li	Long Bin	H Ni 	001207052722	\N	\N	\N	\N	Ng Xun Minh 	\nNguyn Th Hng 	\N	\N	t	t	t	f	t	t	t	t	f	Thiu	\N	255	2025-03-24 14:13:11.384716+07	\N	+	3	5	1	\N
254	TC0011	inh L An  Khanh	2007-08-23	N 	Kinh	H Ni 	Ph Th 	Ngc Thy - Long Bin - H Ni	Ngc Thy	Long Bin	H Ni 	001307024968	\N	\N	\N	\N	inh Xun Thy	\nL Th Ngc Bch 	096394958\n0969085873	\N	t	t	f	t	t	t	t	t	f	Thiu	\N	256	2025-03-24 14:13:11.392573+07	\N	+	3	5	1	\N
255	TC0012	Nguyn Nam  Khnh	2007-10-06	Nam	Kinh	H Ni 	Nam nh 	Ngc Thy - Long Bin - H Ni	Ngc Thy	Long Bin	H Ni 	001207035607	\N	\N	\N	\N	Nguyn Vn Nam 	\nHong Giang Oanh 	0943951969/\n0335129798	\N	t	t	t	t	t	t	t	t	f	Thiu	\N	257	2025-03-24 14:13:11.400221+07	\N	+	3	5	1	\N
256	TC0013	Trn Quc  Khnh	2007-08-31	Nam	Kinh	H Ni 	Vnh Phc 	B  - Long Bin - H Ni	B 	Long Bin	H Ni 	001207094607	\N	\N	\N	\N	Trn Giang Nam	\nL Thu Huyn 	0332946955/\n0373390407	\N	t	t	t	t	t	t	t	t	f	Thiu	\N	258	2025-03-24 14:13:11.408536+07	\N	+	3	5	1	\N
257	TC0014	Nguyn Th  Linh	2007-09-01	N 	Kinh	Hi Dng 	Qung Ninh 	ng X - Gia Lm - H Ni	ng X	Gia Lm	H Ni 	030307007272	\N	\N	\N	\N	Nguyn Vn Thnh	Trn Th Ngc 	0368327740/\n0982079715	\N	t	t	t	f	t	t	t	t	f	Thiu	\N	259	2025-03-24 14:13:11.41614+07	\N	+	3	5	1	\N
258	TC0015	Nguyn c  Lc	2007-09-02	Nam	Kinh	H Ni 	Hng Yn 	c Giang - Long Bin - H Ni	c Giang	Long Bin	H Ni 	001207058056	\N	\N	\N	\N	Nguyn c Tun	 \nC Th Thanh Phng 	0396223318/\n0915254256	\N	t	t	f	f	f	f	f	t	f	Thiu	\N	260	2025-03-24 14:13:11.423833+07	\N	+	3	5	1	\N
259	TC0016	Phm L Uyn  Nhi	2007-09-03	N 	Kinh	Thanh Ha	Ph Th 	Qung Th -  TP Sm Sn - Thanh Ha	Qung Th	TP Sm Sn	Thanh Ha	025306007462	\N	\N	\N	\N	Phm Hng Thng	\nL Th Hanh 		\N	t	t	f	t	t	t	t	t	f	Thiu	\N	261	2025-03-24 14:13:11.431212+07	\N	+	3	5	1	\N
260	TC0018	V Thnh  Thng	2007-09-05	Nam	Kinh	H Ni 	Bc Ninh 	Thng Thanh - Long Bin - H Ni	Thng Thanh	Long Bin	H Ni 	001207053973	\N	\N	\N	\N	V Xun Khnh	\ninh Th Bch Nguyt	0934376981/\n0843661622	\N	t	t	t	t	t	t	t	t	f	Thiu	\N	262	2025-03-24 14:13:11.441139+07	\N	+	3	5	1	\N
261	TC0019	L Bo  Thi	2007-09-06	N 	Thi	Sn La	Sn La	Ching S - Sng M - Sn La	Ching S	Sng M	Sn La	014307005562	\N	\N	\N	\N	\N	L Th Trang	0987321785/\n0378524085	\N	t	t	f	t	t	t	t	t	f	Thiu	\N	263	2025-03-24 14:13:11.448864+07	\N	+	3	5	1	\N
262	TC0020	Nguyn Ngc  nh	2007-09-07	N 	Kinh	H Ni 	Thi Bnh 	Long Bin - H Ni	\N	Long Bin	H Ni 	\N	\N	\N	\N	\N	Nguyn Minh c	\nChu Th Thng 	0352528089/\n0868005207	\N	t	t	t	t	t	t	t	t	f	Thiu	\N	264	2025-03-24 14:13:11.456814+07	\N	+	3	5	1	\N
263	TC0021	Hong Th Vn  Anh	2007-09-08	N 	Kinh	\N	\N	C Khi - Long Bin - H Ni	C Khi	Long Bin	H Ni 	\N	\N	\N	\N	\N	Hong Huy ng	\N	\N	\N	f	f	f	f	f	f	f	f	f	Thiu	Q s 416/Q-CN&KTN ngy 03/07/2023	265	2025-03-24 14:13:11.464476+07	\N	+	3	5	1	\N
264	TC0023	Trnh Quang  Dng	2007-09-10	Nam	Kinh	\N	\N	 Quang Lng - Ph Xuyn - H Ni	Quang Lng	Ph Xuyn	H Ni 	\N	\N	\N	\N	\N	Trnh Vn T	\N	\N	\N	f	f	f	f	f	f	f	f	f	Thiu	Q s 416/Q-CN&KTN ngy 03/07/2023	266	2025-03-24 14:13:11.473726+07	\N	+	3	5	1	\N
265	TC0024	L Anh  Ho	2007-09-11	Nam	Kinh	\N	\N	Ph Lc - Cm Kh - Ph Th	Ph Lc	Cm Kh	Ph Th	\N	\N	\N	\N	\N	\N	L Kim Hnh	\N	\N	f	f	f	f	f	f	f	f	f	Thiu	Q s 378/Q-CN&KTN ngy 03/04/2024	267	2025-03-24 14:13:11.481284+07	\N	+	3	5	1	\N
266	TC0025	Lng Minh  Hiu	2007-09-12	Nam	Kinh	\N	\N	Vit Hng - Long Bin - H Ni	Vit Hng	Long Bin	H Ni 	\N	\N	\N	\N	\N	Lng Sn Hng	\N	\N	\N	f	f	f	f	f	f	f	f	f	Thiu	Q s 416/Q-CN&KTN ngy 03/07/2023	268	2025-03-24 14:13:11.489233+07	\N	+	3	5	1	\N
267	TC0026	Phm Trung  Hiu	2007-09-13	Nam	Kinh	\N	\N	Vit Hng - Long Bin - H Ni	Vit Hng	Long Bin	H Ni 	\N	\N	\N	\N	\N	Phm Vn 	\N	\N	\N	f	f	f	f	f	f	f	f	f	Thiu	Q s 416/Q-CN&KTN ngy 03/07/2023	269	2025-03-24 14:13:11.497137+07	\N	+	3	5	1	\N
268	TC0027	Nguyn Huy  Hiu	2007-09-14	Nam	Kinh	\N	\N	 Phc ng - Long Bin - H Ni	Phc ng	Long Bin	H Ni 	\N	\N	\N	\N	\N	Nguyn Vn Ch	\N	\N	\N	f	f	f	f	f	f	f	f	f	Thiu	Q s 416/Q-CN&KTN ngy 03/07/2023	270	2025-03-24 14:13:11.504487+07	\N	+	3	5	1	\N
269	TC0028	Lng Tun  Hng	2007-09-15	Nam	Kinh	\N	\N	Vit Hng - Long Bin - H Ni	Vit Hng	Long Bin	H Ni 	\N	\N	\N	\N	\N	Lng Vn 	\N	\N	\N	f	f	f	f	f	f	f	f	f	Thiu	Q s 416/Q-CN&KTN ngy 03/07/2023	271	2025-03-24 14:13:11.51195+07	\N	+	3	5	1	\N
270	TC0029	Nguyn Ngc  Khnh	2007-09-16	Nam	Kinh	\N	\N	Ngc Thy - Long Bin - H Ni	Ngc Thy	Long Bin	H Ni 	\N	\N	\N	\N	\N	Nguyn Vn L	\N	\N	\N	f	f	f	f	f	f	f	f	f	Thiu	Q s1018 /Q-CN&KTN ngy 04/12/2023	272	2025-03-24 14:13:11.519373+07	\N	+	3	5	1	\N
271	TC0030	c Trung  Kin	2007-09-17	Nam	Kinh	\N	\N	Phc Li - Long Bin - H Ni	Phc Li	Long Bin	H Ni 	\N	\N	\N	\N	\N	c Vn Nhun	\N	\N	\N	f	f	f	f	f	f	f	f	f	Thiu	Q s 1033 /Q-CN&KTN ngy 09/12/2023	273	2025-03-24 14:13:11.526714+07	\N	+	3	5	1	\N
272	TC0031	Nguyn Mnh Tun  Minh	2007-09-18	Nam	Kinh	\N	\N	Long Bin - H Ni	\N	Long Bin	H Ni 	\N	\N	\N	\N	\N	Nguyn Mnh Hng	\N	\N	\N	f	f	f	f	f	f	f	f	f	Thiu	Q s 1018 /Q-CN&KTN ngy 04/12/2023	274	2025-03-24 14:13:11.534135+07	\N	+	3	5	1	\N
273	TC0032	Nguyn Xun  Thng	2007-09-19	Nam	Kinh	\N	\N	Vit Hng - Long Bin - H Ni	Vit Hng	Long Bin	H Ni 	\N	\N	\N	\N	\N	Nguyn Xun Thnh	\N	\N	\N	f	f	f	f	f	f	f	f	f	Thiu	Q s 416/Q-CN&KTN ngy 03/07/2023	275	2025-03-24 14:13:11.541639+07	\N	+	3	5	1	\N
274	TC0033	Trn Trng  Th	2007-09-20	Nam	Kinh	\N	\N	Vit Hng - Long Bin - H Ni	Vit Hng	Long Bin	H Ni 	\N	\N	\N	\N	\N	Trn Vn Ch	\N	\N	\N	f	f	f	f	f	f	f	f	f	Thiu	Q s 416/Q-CN&KTN ngy 03/07/2023	276	2025-03-24 14:13:11.549463+07	\N	+	3	5	1	\N
275	TC0034	Lng Th Thanh  Xun	2007-09-21	N 	Kinh	\N	\N	Nam Thng - Nam Trc - Nam nh	Nam Thng	Nam Trc	Nam nh	\N	\N	\N	\N	\N	Lng Vn Ph	\N	\N	\N	f	f	f	f	f	f	f	f	f	Thiu	Q s 416/Q-CN&KTN ngy 03/07/2023	277	2025-03-24 14:13:11.557335+07	\N	+	3	5	1	\N
276	TC0035	Nguyn Th  Yn	2007-09-22	N 	Kinh	\N	\N	Nhn Thnh - L Nhn - H Nam	Nhn Thnh	L Nhn	H Nam	\N	\N	\N	\N	\N	Nguyn Trng Tam	\N	\N	\N	f	f	f	f	f	f	f	f	f	Thiu	Q s 416/Q-CN&KTN ngy 03/07/2023	278	2025-03-24 14:13:11.564029+07	\N	+	3	5	1	\N
277	TC0036	Nguyn Quang Anh	2007-09-23	Nam	Kinh	\N	\N	, Phc Th, H Ni	\N	Phc Th	H Ni	\N	\N	\N	\N	\N	\N	\N	0946239886	\N	f	f	f	f	f	f	f	f	f	Thiu	\N	279	2025-03-24 14:31:02.672747+07	\N	+	3	6	1	\N
278	TC0037	Nguyn Tin Cng	2007-09-24	Nam	Kinh	H Ni	H Ni	Li Thng, Thch Tht, H Ni	Li Thng	Thch Tht	H Ni	001207001883	\N	\N	\N	\N	\N	\N		\N	f	f	t	f	f	t	f	f	f	Thiu	\N	280	2025-03-24 14:31:02.684067+07	\N	+	3	6	1	\N
279	TC0038	Kiu Vn Cng	2007-09-25	Nam	Kinh	H Ni	H Ni	Trch M Lc, Phc Th, H Ni	Trch M Lc	Phc Th	H Ni	001207022498	\N	\N	\N	\N	\N	\N	0365183451	\N	f	f	t	f	f	f	f	f	f	Thiu	\N	281	2025-03-24 14:31:02.691794+07	\N	+	3	6	1	\N
281	TC0040	Nguyn Thnh t	2007-09-27	Nam	Kinh	H Ni	H Ni	C ng, Sn Ty, H Ni	C ng	Sn Ty	H Ni	001207037948	\N	\N	\N	\N	\N	\N	\N	\N	f	f	t	f	f	f	f	f	f	Thiu	\N	283	2025-03-24 14:31:02.709376+07	\N	+	3	6	1	\N
282	TC0041	Nguyn Tin t	2007-09-28	Nam	Kinh	H Ni	H Ni	Th trn Phc Th, Phc Th, H Ni	Th trn Phc Th	Phc Th	H Ni	001207037534	\N	\N	\N	\N	\N	\N	0362952090      	\N	f	f	t	f	f	f	f	f	f	Thiu	\N	284	2025-03-24 14:31:02.718556+07	\N	+	3	6	1	\N
283	TC0042	Cao Phng ng	2007-09-29	Nam	Kinh	H Ni	H Ni	Trch M Lc, Phc Th, H Ni	Trch M Lc	Phc Th	H Ni	001207016297	\N	\N	\N	\N	\N	\N	0374782915	\N	f	f	t	f	f	f	f	f	f	Thiu	\N	285	2025-03-24 14:31:02.72482+07	\N	+	3	6	1	\N
284	TC0043	Kiu Vn ng	2007-09-30	Nam 	Kinh	\N	\N	, Phc Th, H Ni	\N	Phc Th	H Ni	\N	\N	\N	\N	\N	\N	\N	0365730514	\N	f	f	t	f	f	f	f	f	f	Thiu	\N	286	2025-03-24 14:31:02.730663+07	\N	+	3	6	1	\N
285	TC0044	Nguyn Minh c	2007-10-01	Nam	Kinh	H Ni	H Ni	C ng, Sn Ty, H Ni	C ng	Sn Ty	H Ni	001207035772	\N	\N	\N	\N	\N	\N	0987896520	\N	f	f	t	f	f	f	f	f	f	Thiu	\N	287	2025-03-24 14:31:02.736314+07	\N	+	3	6	1	\N
286	TC0045	Bi Th Hng Giang	2007-10-02	N	Kinh	H Ni	H Ni	Th Lc, Phc Th, H Ni	Th Lc	Phc Th	H Ni	001307032199	\N	\N	\N	\N	\N	\N	0395611237	\N	f	f	t	f	f	f	f	f	f	Thiu	\N	288	2025-03-24 14:31:02.742422+07	\N	+	3	6	1	\N
287	TC0046	Dng Cng Huy	2007-10-03	Nam	Kinh	H Ni	H Ni	Phng Thng, Phc Th, H Ni	Phng Thng	Phc Th	H Ni	001207045694	\N	\N	\N	\N	\N	\N	0342469172	\N	f	f	t	f	f	f	f	f	f	Thiu	\N	289	2025-03-24 14:31:02.748242+07	\N	+	3	6	1	\N
288	TC0047	Khut Hu Khnh	2007-10-04	Nam	Kinh	H Ni	H Ni	Th Lc, Phc Th, H Ni	Th Lc	Phc Th	H Ni	001207014126	\N	\N	\N	\N	\N	\N	0355823240	\N	f	f	t	f	f	f	f	f	f	Thiu	\N	290	2025-03-24 14:31:02.754334+07	\N	+	3	6	1	\N
289	TC0048	Nguyn Hu Khnh	2007-10-05	Nam	Kinh	H Ni	H Ni	Tch Giang, Phc Th, H Ni	Tch Giang	Phc Th	H Ni	001207012406	\N	\N	\N	\N	\N	\N	0358216843	\N	f	f	t	f	f	f	f	f	f	Thiu	\N	291	2025-03-24 14:31:02.760102+07	\N	+	3	6	1	\N
290	TC0049	Nguyn Nam Khnh	2007-10-06	Nam	Kinh	H Ni	H Ni	Li Thng, Thch Tht, H Ni	Li Thng	Thch Tht	H Ni	001207008455	\N	\N	\N	\N	\N	\N	0375011501	\N	f	f	t	f	f	t	f	f	f	Thiu	\N	292	2025-03-24 14:31:02.767708+07	\N	+	3	6	1	\N
291	TC0050	Kiu Vnh Lc	2007-10-07	Nam	Kinh	\N	\N	, Phc Th, H Ni	\N	Phc Th	H Ni	\N	\N	\N	\N	\N	\N	\N	0368066856	\N	f	f	t	f	f	f	f	f	f	Thiu	\N	293	2025-03-24 14:31:02.775048+07	\N	+	3	6	1	\N
292	TC0051	Nguyn Duy Nht	2007-10-08	Nam	Kinh	H Ni	H Ni	Th Lc, Phc Th, H Ni	Th Lc	Phc Th	H Ni	001207003177	\N	\N	\N	\N	\N	\N	0329738931	\N	f	f	t	f	f	f	f	f	f	Thiu	\N	294	2025-03-24 14:31:02.782673+07	\N	+	3	6	1	\N
293	TC0052	Nghim Hng Qun	2007-10-09	Nam	Kinh	H Ni	H Ni	Th Lc, Phc Th, H Ni	Th Lc	Phc Th	H Ni	001207093663	\N	\N	\N	\N	\N	\N	0387045374	\N	f	f	t	f	f	f	f	f	f	Thiu	\N	295	2025-03-24 14:31:02.790268+07	\N	+	3	6	1	\N
294	TC0053	Nguyn Vit Qun	2007-10-10	Nam	Kinh	H Ni	H Ni	Tch Giang, Phc Th, H Ni	Tch Giang	Phc Th	H Ni	001207044942	\N	\N	\N	\N	\N	\N	0966086806\n0966828886	\N	f	f	t	f	f	f	f	f	f	Thiu	\N	296	2025-03-24 14:31:02.798035+07	\N	+	3	6	1	\N
295	TC0054	H Xun Thnh	2007-10-11	Nam	Kinh	H Ni	H Ni	Tch Giang, Phc Th, H Ni	Tch Giang	Phc Th	H Ni	001207052036	\N	\N	\N	\N	\N	\N	0979425728\n0983144496	\N	f	f	t	f	f	f	f	f	f	Thiu	\N	297	2025-03-24 14:31:02.805698+07	\N	+	3	6	1	\N
296	TC0055	Nguyn Tin Thnh	2007-10-12	Nam	Kinh	H Ni	H Ni	Trch M Lc, Phc Th, H Ni	Trch M Lc	Phc Th	H Ni	001207040014	\N	\N	\N	\N	\N	\N	0375449957\n0968963468	\N	f	f	f	f	f	f	f	f	f	Thiu	\N	298	2025-03-24 14:31:02.813083+07	\N	+	3	6	1	\N
297	TC0056	Nguyn Hu Thnh	2007-10-13	Nam	Kinh	H Ni	H Ni	Hip Thun, Phc Th, H Ni	Hip Thun	Phc Th	H Ni	001207060081	\N	\N	\N	\N	\N	\N	0865938571\n0972321094	\N	f	f	t	f	f	f	f	f	f	Thiu	\N	299	2025-03-24 14:31:02.820426+07	\N	+	3	6	1	\N
298	TC0057	V Th Hoi Thu	2007-10-14	N	Kinh	H Ni	H Ni	Th Lc, Phc Th, H Ni	Th Lc	Phc Th	H Ni	001307019246	\N	\N	\N	\N	\N	\N	0385648296\n0352198274	\N	f	f	t	f	f	f	f	f	f	Thiu	\N	300	2025-03-24 14:31:02.827419+07	\N	+	3	6	1	\N
299	TC0058	Khut Hng Tin	2007-10-15	Nam	Kinh	H Ni	H Ni	Th Lc, Phc Th, H Ni	Th Lc	Phc Th	H Ni	001207033018	\N	\N	\N	\N	\N	\N	0984231791\n0356407137	\N	f	f	t	f	f	f	f	f	f	Thiu	\N	301	2025-03-24 14:31:02.834054+07	\N	+	3	6	1	\N
300	TC0059	Nguyn nh Trin	2007-10-16	Nam	Kinh	H Ni	H Ni	Th Lc, Phc Th, H Ni	Th Lc	Phc Th	H Ni	001207022032	\N	\N	\N	\N	\N	\N	0385840818\n	\N	f	f	t	f	f	f	f	f	f	Thiu	\N	302	2025-03-24 14:31:02.841485+07	\N	+	3	6	1	\N
301	TC0060	Nguyn Vn Trng	2007-10-17	Nam	Kinh	H Ni	H Ni	Phc Ho, Phc Th, H Ni	Phc Ho	Phc Th	H Ni	001207093557	\N	\N	\N	\N	\N	\N	0975031184\n	\N	f	f	t	f	f	f	f	f	f	Thiu	\N	303	2025-03-24 14:31:02.848672+07	\N	+	3	6	1	\N
302	TC0061	Nguyn Thanh Tng	2007-10-18	Nam	Kinh	H Ni	H Ni	Phc Ho, Phc Th, H Ni	Phc Ho	Phc Th	H Ni	001207049693	\N	\N	\N	\N	\N	\N	0976746706\n	\N	f	f	t	f	f	f	f	f	f	Thiu	\N	304	2025-03-24 14:31:02.856114+07	\N	+	3	6	1	\N
303	TC0062	Nguyn Th Ti	2007-10-19	N	Kinh	Thanh Ha	Thanh Ha	Qung Hi, Qung Xng, Thanh Ho	Qung Hi	Qung Xng	Thanh Ho	038307004221	\N	\N	\N	\N	\N	\N	0962257826\n	\N	f	f	t	f	f	t	f	f	f	Thiu	\N	305	2025-03-24 14:31:02.863459+07	\N	+	3	6	1	\N
304	TC0063	V Xun Minh	2007-10-20	Nam	Kinh	\N	\N	, Phc Th, H Ni	\N	Phc Th	H Ni	\N	\N	\N	\N	\N	\N	\N	\N	\N	f	f	f	f	f	f	f	f	f	Thiu	Q s 277/Q-CN&KTN ngy 18/5/2023	306	2025-03-24 14:31:02.871202+07	\N	+	3	6	1	\N
305	TC0064	Nguyn Ngc Tin	2007-10-21	Nam	Kinh	H Ni	H Ni	C ng, Sn Ty, H Ni	C ng	Sn Ty	H Ni	001207017630	\N	\N	\N	\N	\N	\N	\N	\N	f	f	t	f	f	t	f	f	f	Thiu	Q s 632/Q-CN&KTN ngy 31/5/2024	307	2025-03-24 14:31:02.879071+07	\N	+	3	6	1	\N
243	TC0001	H Qunh Anh	2006-02-07	N	Kinh	H Ni	Ngh An	 ch Da - ng a - HN	\N	\N	\N	001306016281	\N	\N	\N	\N	H Khnh Ton	Nguyn Th Thanh Thu	0888224850	\N	f	f	f	f	f	f	f	f	f			308	2025-03-24 14:32:10.002672+07	\N	~	3	2	1	\N
306	TC0108	H Qunh  Anh	2007-12-04	N	Kinh	H Ni	Ngh An	 ch Da - ng a - HN	 Ch Da	ng a	H Ni	001306016281	\N	\N	\N	\N	H Khnh Ton\n	\nNguyn Th Thanh Thu	0888224850	\N	t	f	t	f	t	t	t	t	f	Thiu	\N	309	2025-03-24 15:21:54.19971+07	\N	+	3	2	1	\N
307	TC0109	Phm Th Minh Bin	2007-12-05	N	Kinh	Nam nh	Nam nh	Trc i, Trc Ninh, Nam nh	Trc i 	Trc Ninh	Nam nh	036307004151	\N	\N	\N	\N	Phm Vn ng\n	\nPhm Th Nhn	09887694863	\N	t	t	f	f	t	t	t	t	f	Thiu	\N	310	2025-03-24 15:21:54.210416+07	\N	+	3	2	1	\N
308	TC0110	Chu Thy Dng	2007-12-06	N	Kinh	H Ni	Hng Yn	Khng Trung, Thanh Xun, H Ni	Khng Trung	Thanh Xun	H Ni	001307057996	\N	\N	\N	\N	Chu Mnh Tng\n	\n Th Thy	0901725668/\n0868218079	\N	t	t	f	f	f	t	t	t	f	Thiu	\N	311	2025-03-24 15:21:54.221884+07	\N	+	3	2	1	\N
309	TC0111	 Phc  Hng	2007-12-07	Nam	Kinh	H Ni	Hi Phng	Quc T Gim, ng a, H Ni	Quc T Gim	ng a	H Ni	001207040209	\N	\N	\N	\N	 Thi Bo\n	\nV Th T Uyn	0914603626\n0966051954	\N	t	t	f	f	t	t	t	t	f	Thiu	\N	312	2025-03-24 15:21:54.233539+07	\N	+	3	2	1	\N
310	TC0112	Nguyn Tin Thnh	2007-12-08	Nam	Kinh	H Ni	H Ni	Chng Dng, Hon Kim, H Ni	Chng Dng	Hon Kim	H Ni	001207010924	\N	\N	\N	\N	Nguyn Vn Hong\n	\n Nguyn Th Kim Oanh	0964868174	\N	t	t	t	f	t	t	t	f	f	Thiu	\N	313	2025-03-24 15:21:54.243815+07	\N	+	3	2	1	\N
311	TC0113	Nguyn nh  Khnh	2007-12-09	Nam	Kinh	Hi Dng	Hi Dng	Thng Nht, Gia Lc, Hi Dng	Thng Nht	Gia Lc	Hi Dng	030201006696	\N	\N	\N	\N	Nguyn nh Tranh\n 	\n Phm Th Xuyn	0344496777	\N	t	f	t	f	t	t	t	t	f	Thiu	\N	314	2025-03-24 15:21:54.25242+07	\N	+	3	2	1	\N
312	TC0114	V Minh  Thnh	2007-12-10	Nam	Kinh	Hng Yn	Hng Yn	Yn Ph, Yn M, Hng Yn	Yn Ph	Yn M	Hng Yn	033099009491	\N	\N	\N	\N	V Trng Tn\n	\nNguyn Th Ha	0989871630	\N	t	f	f	f	t	t	t	t	f	Thiu	\N	315	2025-03-24 15:21:54.260185+07	\N	+	3	2	1	\N
313	TC0115	Hong Vn Anh	2007-12-11	\N	\N	\N	\N	Vnh Hng, Hong Mai, H Ni	Vnh Hng	Hong Mai	H Ni	\N	\N	\N	\N	\N	Hong Th Thnh\n	\nNguyn Minh Tin	0971835589	\N	f	f	f	f	f	f	f	f	f	Thiu	Ngh hc khng c Q \nCha thu k no	316	2025-03-24 15:21:54.266147+07	\N	+	3	2	1	\N
314	TC0116	Nguyn Hng  Anh	2007-12-12	\N	\N	\N	\N	Dch Vng Hu - Cu Giy - H Ni	Dch Vng Hu	Cu Giy	H Ni	\N	\N	\N	\N	\N	Nguyn Nam Ton\n	\nng Bch Hnh	0902252229	\N	f	f	f	f	f	f	f	f	f	Thiu	Ngh hc khng c Q \nCha thu k no	317	2025-03-24 15:21:54.272464+07	\N	+	3	2	1	\N
315	TC0117	Dng Tin Mnh	2007-12-13	\N	\N	\N	\N	Minh Ph, Sc Sn, H Ni	Minh Ph	Sc Sn	H Ni	\N	\N	\N	\N	\N	\nDng Vn Cng	H Th Hng\n	\N	\N	f	t	f	f	f	f	f	f	f	Thiu	Ngh hc khng c Q \n thu K1	318	2025-03-24 15:21:54.279102+07	\N	+	3	2	1	\N
316	TC0118	Phan Nguyn Trc Ly	2007-12-14	\N	\N	\N	\N	M Lc - Ph M - Bnh nh	M Lc	Ph M	Bnh nh	\N	\N	\N	\N	\N	\N	\N	\N	\N	f	f	f	f	f	f	f	f	f	Thiu	Ngh hc khng c Q \n thu K1,2	319	2025-03-24 15:21:54.285658+07	\N	+	3	2	1	\N
317	TC0119	Chu Quc Phong	2007-12-15	\N	\N	\N	\N	Bnh Lc - H Nam	\N	Bnh Lc	H Nam	\N	\N	\N	\N	\N	\N	\N	\N	\N	f	f	f	f	f	f	f	f	f	Thiu	Ngh hc khng c Q \nCha thu k no	320	2025-03-24 15:21:54.294739+07	\N	+	3	2	1	\N
318	TC0065	Khut Duy Hong Anh	2007-10-22	Nam	Kinh	H Ni	H Ni	Trch M Lc, Phc Th, H Ni	Trch M Lc	Phc Th	H Ni	001207016758	\N	\N	\N	\N	Khut Duy T           	Nguyn Th Xun	0979895633\n0971731105	\N	f	f	t	f	t	f	t	f	f	Thiu	\N	321	2025-03-24 15:25:07.624069+07	\N	+	3	7	1	\N
319	TC0066	Nguyn Th Hng Anh	2007-10-23	N	Kinh	H Ni	H Ni	Trch M Lc, Phc Th, H Ni	Trch M Lc	Phc Th	H Ni	001307008670	\N	\N	\N	\N	Nguyn Vn Dng  	NgKiu Th Thu Hng	0332093815	\N	f	f	t	f	t	f	t	f	f	Thiu	\N	322	2025-03-24 15:25:07.639626+07	\N	+	3	7	1	\N
320	TC0067	Nguyn Th Lan Anh	2007-10-24	N	Kinh	H Ni	H Ni	Tch Giang, Phc Th, H Ni	Tch Giang	Phc Th	H Ni	001307042510	\N	\N	\N	\N	Nguyn Hu Sng   	 Khut Th Hng	0985370140\n0393008202	\N	f	f	t	f	t	f	t	f	f	Thiu	\N	323	2025-03-24 15:25:07.649553+07	\N	+	3	7	1	\N
321	TC0068	Nguyn Th Phng Anh	2007-10-25	N	Kinh	H Ni	H Ni	Trch M Lc, Phc Th, H Ni	Trch M Lc	Phc Th	H Ni	001307022152	\N	\N	\N	\N	Nguyn nh Tun     	 Kiu Th Tuyn	0389256597 0397801466	\N	f	f	t	f	t	f	t	f	f	Thiu	\N	324	2025-03-24 15:25:07.662394+07	\N	+	3	7	1	\N
322	TC0069	V Vit Anh	2007-10-26	Nam	Kinh	H Ni	H Ni	Trch M Lc, Phc Th, H Ni	Trch M Lc	Phc Th	H Ni	001207030052	\N	\N	\N	\N	V Vn Chin         	Khut Th Su	0325805640\n0395935192	\N	f	f	t	f	t	f	t	f	f	Thiu	\N	325	2025-03-24 15:25:07.671178+07	\N	+	3	7	1	\N
323	TC0070	Hong Th Ngc nh	2007-10-27	N	Kinh	H Ni	H Ni	Phng Thng, Phc Th, H Ni	Phng Thng	Phc Th	H Ni	001307030736	\N	\N	\N	\N	Hong Vn Lc  	Phng Th Phng	0961713047\n0912736466	\N	f	f	t	f	t	f	t	f	f	Thiu	\N	326	2025-03-24 15:25:07.679543+07	\N	+	3	7	1	\N
324	TC0071	T Khnh Bng	2007-10-28	N	Kinh	H Ni	H Ni	Th trn Phc Th, Phc Th, H Ni	Th trn Phc Th	Phc Th	H Ni	001307033224	\N	\N	\N	\N	T Thanh V     	Khut Th Loan	0974270080\n	\N	f	f	t	f	t	f	f	f	f	Thiu	\N	327	2025-03-24 15:25:07.685624+07	\N	+	3	7	1	\N
325	TC0072	 Thu Dim	2007-10-29	N	Kinh	H Ni	H Ni	Ngc To, Phc Th, H Ni	Ngc To	Phc Th	H Ni	001307016828	\N	\N	\N	\N	 Vn Khnh  	 Th Hng	0961824966 0981330812	\N	f	f	t	f	t	f	t	f	f	Thiu	\N	328	2025-03-24 15:25:07.692308+07	\N	+	3	7	1	\N
326	TC0073	Khut Qunh Giang	2007-10-30	N	Kinh	H Ni	H Ni	Phc Ho, Phc Th, H Ni	Phc Ho	Phc Th	H Ni	001307023981	\N	\N	\N	\N	Khut Duy nh  	 Nguyn Th Hi Yn	0374803828	\N	f	f	t	f	t	f	t	f	f	Thiu	\N	329	2025-03-24 15:25:07.700064+07	\N	+	3	7	1	\N
327	TC0074	Nguyn Hng Giang	2007-10-31	N	Kinh	H Ni	H Ni	Phc Ho, Phc Th, H Ni	Phc Ho	Phc Th	H Ni	001307005720	\N	\N	\N	\N	Nguyn Vn Thng 	Nguyn Th Nga	0989596874	\N	f	f	t	f	t	f	t	f	f	Thiu	\N	330	2025-03-24 15:25:07.706482+07	\N	+	3	7	1	\N
328	TC0075	inh Th Minh Hng	2007-11-01	N	Kinh	H Ni	H Ni	Th trn Phc Th, Phc Th, H Ni	Th trn Phc Th	Phc Th	H Ni	001307011038	\N	\N	\N	\N	inh Cng Cng 	Nguyn Th Nng	0966606498	\N	f	f	t	f	t	f	t	f	f	Thiu	\N	331	2025-03-24 15:25:07.712502+07	\N	+	3	7	1	\N
329	TC0076	Trn Thanh Hin	2007-11-02	N	Kinh	H Ni	H Ni	Phng Thng, Phc Th, H Ni	Phng Thng	Phc Th	H Ni	001307033775	\N	\N	\N	\N	Trn Duy Trinh   	 Dng Th Mai	0355396935	\N	f	f	t	f	t	f	t	f	f	Thiu	\N	332	2025-03-24 15:25:07.720464+07	\N	+	3	7	1	\N
330	TC0077	Dng Cng Hiu	2007-11-03	Nam	Kinh	H Ni	H Ni	Phng Thng, Phc Th, H Ni	Phng Thng	Phc Th	H Ni	001207054819	\N	\N	\N	\N	Dng Vn Thc	Hong Th Hn	0979221833	\N	f	f	t	f	t	f	t	f	f	Thiu	\N	333	2025-03-24 15:25:07.727614+07	\N	+	3	7	1	\N
331	TC0078	Khut Vit Hong	2007-11-04	Nam	Kinh	H Ni	H Ni	Phc Ho, Phc Th, H Ni	Phc Ho	Phc Th	H Ni	001207013797	\N	\N	\N	\N	Khut Duy Mnh 	 Nguyn Th Hng	0348964516	\N	f	f	t	f	t	f	f	f	f	Thiu	\N	334	2025-03-24 15:25:07.733431+07	\N	+	3	7	1	\N
332	TC0079	Hong Vn Hun	2007-11-05	Nam	Kinh	H Ni	H Ni	Trch M Lc, Phc Th, H Ni	Trch M Lc	Phc Th	H Ni	001207009472	\N	\N	\N	\N	Hong Vn Ho  	 V Th Nhn	0342781946	\N	f	f	t	f	t	f	t	f	f	Thiu	\N	335	2025-03-24 15:25:07.739749+07	\N	+	3	7	1	\N
333	TC0080	Nguyn Vit Huy	2007-11-06	Nam	Kinh	H Ni	H Ni	Trch M Lc, Phc Th, H Ni	Trch M Lc	Phc Th	H Ni	001207008717	\N	\N	\N	\N	Nguyn Vn Dng 	Nguyn Th N	0368723270 0353450841	\N	f	f	t	f	t	f	t	f	f	Thiu	\N	336	2025-03-24 15:25:07.746392+07	\N	+	3	7	1	\N
334	TC0081	Khut nh Huyn	2007-11-07	N	Kinh	H Ni	H Ni	Th trn Phc Th, Phc Th, H Ni	Th trn Phc Th	Phc Th	H Ni	\N	\N	\N	\N	\N	Khut Khc Ton  	Khut Th Tho	0394529185	\N	f	f	f	f	t	f	t	f	f	Thiu	\N	337	2025-03-24 15:25:07.7526+07	\N	+	3	7	1	\N
335	TC0082	Hong Ngc Khnh	2007-11-08	Nam	Kinh	H Ni	H Ni	Phng Thng, Phc Th, H Ni	Phng Thng	Phc Th	H Ni	001207046740	\N	\N	\N	\N	Hong Quang Chin	\N	0342469460 0367560122	\N	f	f	f	f	t	f	f	f	f	Thiu	\N	338	2025-03-24 15:25:07.760242+07	\N	+	3	7	1	\N
336	TC0083	Dng ng Khoa	2007-11-09	Nam	Kinh	H Ni	H Ni	Ngc To, Phc Th, H Ni	Ngc To	Phc Th	H Ni	001207021494	\N	\N	\N	\N	Dng Vn Th 	Nguyn Th Sm	0979636176	\N	f	f	t	f	t	f	t	f	f	Thiu	\N	339	2025-03-24 15:25:07.7666+07	\N	+	3	7	1	\N
337	TC0084	Nguyn Ngc Linh	2007-11-10	N	Kinh	H Ni	H Ni	Th trn Phc Th, Phc Th, H Ni	Th trn Phc Th	Phc Th	H Ni	001307033270	\N	\N	\N	\N	Nguyn Vn c 	inh Th Anh	0975511729	\N	f	f	t	f	t	f	t	f	f	Thiu	\N	340	2025-03-24 15:25:07.775006+07	\N	+	3	7	1	\N
338	TC0085	H Vn Mnh	2007-11-11	Nam	Kinh	H Ni	H Ni	Th trn Phc Th, Phc Th, H Ni	Th trn Phc Th	Phc Th	H Ni	001202038313	\N	\N	\N	\N	H Quc Lun	T Th Thm                  	0965359302	\N	f	f	f	f	t	f	t	f	f	Thiu	\N	341	2025-03-24 15:25:07.783475+07	\N	+	3	7	1	\N
339	TC0086	Khut Th Tr My	2007-11-12	N	Kinh	H Ni	H Ni	Trch M Lc, Phc Th, H Ni	Trch M Lc	Phc Th	H Ni	001307029041	\N	\N	\N	\N	Khut Duy i  	             Nguyn Th Hiu	0865269330 0325755730	\N	f	f	t	f	t	f	t	f	f	Thiu	\N	342	2025-03-24 15:25:07.790422+07	\N	+	3	7	1	\N
340	TC0087	Nguyn Th Huyn My	2007-11-13	N	Kinh	H Ni	H Ni	Ngc To, Phc Th, H Ni	Ngc To	Phc Th	H Ni	001307036113	\N	\N	\N	\N	Nguyn Thnh Trang	Khut Th Thanh Huyn 	0978949036	\N	f	f	t	f	t	f	t	f	f	Thiu	\N	343	2025-03-24 15:25:07.797316+07	\N	+	3	7	1	\N
341	TC0088	Khut Th Nga	2007-11-14	N	Kinh	H Ni	H Ni	Phc Ho, Phc Th, H Ni	Phc Ho	Phc Th	H Ni	001307039768	\N	\N	\N	\N	Khut Ph Lng 	Nguyn Th H	0395286433	\N	f	f	t	f	t	f	t	f	f	Thiu	\N	344	2025-03-24 15:25:07.805992+07	\N	+	3	7	1	\N
342	TC0089	Trn Th Hi Ngha	2007-11-15	N	Kinh	H Ni	H Ni	An Ph, M c, H Ni	An Ph	M c	H Ni	001307006305	\N	\N	\N	\N	Trn Vn Uy            	Bch Th S	0376598809	\N	f	f	t	f	t	f	t	f	f	Thiu	\N	345	2025-03-24 15:25:07.812149+07	\N	+	3	7	1	\N
343	TC0090	Nguyn Th Minh Nguyt	2007-11-16	N	Kinh	H Ni	H Ni	Th Lc, Phc Th, H Ni	Th Lc	Phc Th	H Ni	001307041607	\N	\N	\N	\N	Nguyn nh T   	Nguyn Th H	0815229583	\N	f	f	f	f	t	f	t	f	f	Thiu	\N	346	2025-03-24 15:25:07.818978+07	\N	+	3	7	1	\N
344	TC0091	Nguyn Th Tuyt Nhi	2007-11-17	N	Kinh	H Ni	H Ni	Trch M Lc, Phc Th, H Ni	Trch M Lc	Phc Th	H Ni	001307051594	\N	\N	\N	\N	Nguyn Xun Ting 	Nguyn Th Vn	0335646595	\N	f	f	t	f	t	f	t	f	f	Thiu	\N	347	2025-03-24 15:25:07.8251+07	\N	+	3	7	1	\N
345	TC0092	V c Pht	2007-11-18	Nam	Kinh	H Ni	H Ni	Th Lc, Phc Th, H Ni	Th Lc	Phc Th	H Ni	001207032814	\N	\N	\N	\N	V c Qun          	Kiu Th Ngn	0377221318	\N	f	f	t	f	t	f	t	f	f	Thiu	\N	348	2025-03-24 15:25:07.831514+07	\N	+	3	7	1	\N
346	TC0093	 Minh Quang	2007-11-19	Nam	Kinh	H Ni	H Ni	Ngc To, Phc Th, H Ni	Ngc To	Phc Th	H Ni	001207011458	\N	\N	\N	\N	 Xun Trng     	Nguyn Th Chc	0978782908	\N	f	f	t	f	t	f	t	f	f	Thiu	\N	349	2025-03-24 15:25:07.839853+07	\N	+	3	7	1	\N
347	TC0094	m Th Qunh	2007-11-20	N	Kinh	H Ni	H Ni	Phc Ho, Phc Th, H Ni	Phc Ho	Phc Th	H Ni	001307017864	\N	\N	\N	\N	m Vn ng       	Nguyn Th Sinh	036621805 0396159328	\N	f	f	t	f	t	f	t	f	f	Thiu	\N	350	2025-03-24 15:25:07.849144+07	\N	+	3	7	1	\N
348	TC0095	Nguyn Anh Ti	2007-11-21	Nam	Kinh	H Ni	H Ni	Phng Thng, Phc Th, H Ni	Phng Thng	Phc Th	H Ni	001207006837	\N	\N	\N	\N	Nguyn Khnh Tng	 Th Mai	0387687528	\N	f	f	t	f	t	f	t	f	f	Thiu	\N	351	2025-03-24 15:25:07.857126+07	\N	+	3	7	1	\N
349	TC0096	Nguyn Minh Tm	2007-11-22	Nam	Kinh	H Ni	H Ni	Trch M Lc, Phc Th, H Ni	Trch M Lc	Phc Th	H Ni	001206027259	\N	\N	\N	\N	Nguyn nh Tut       	V Th Thy	0984734399	\N	f	f	t	f	t	f	t	f	f	Thiu	\N	352	2025-03-24 15:25:07.867398+07	\N	+	3	7	1	\N
350	TC0097	Nguyn Th Thy	2007-11-23	N	Kinh	H Ni	H Ni	Th trn Phc Th, Phc Th, H Ni	Th trn Phc Th	Phc Th	H Ni	001307009225	\N	\N	\N	\N	Nguyn Vn Minh 	Khut Th Hoa	0358876528	\N	f	f	t	f	t	f	t	f	f	Thiu	\N	353	2025-03-24 15:25:07.874352+07	\N	+	3	7	1	\N
351	TC0098	Hong Xun Trng	2007-11-24	Nam	Kinh	H Ni	Tuyn Quang	Trch M Lc, Phc Th, H Ni	Trch M Lc	Phc Th	H Ni	0082707003677	\N	\N	\N	\N	Hong Trung Dng	V Th Ha          	0981700306 0373982007	\N	f	f	t	f	t	f	t	f	f	Thiu	\N	354	2025-03-24 15:25:07.881659+07	\N	+	3	7	1	\N
352	TC0099	Nguyn B T	2007-11-25	Nam	Kinh	H Ni	H Ni	Th Lc, Phc Th, H Ni	Th Lc	Phc Th	H Ni	001207053034	\N	\N	\N	\N	Nguyn B Tun	Nguyn Th Thu	0356571402	\N	f	f	t	f	t	f	t	f	f	Thiu	\N	355	2025-03-24 15:25:07.888862+07	\N	+	3	7	1	\N
353	TC0100	Nguyn Vn T	2007-11-26	Nam	Kinh	H Ni	H Ni	C ng, th x Sn Ty, H Ni	C ng	th x Sn Ty	H Ni	001207040982	\N	\N	\N	\N	Nguyn Vn Anh	Nguyn Th Thanh	0373206943 0353872336	\N	f	f	t	f	t	f	t	f	f	Thiu	\N	356	2025-03-24 15:25:07.896272+07	\N	+	3	7	1	\N
354	TC0101	Khut nh Vit	2007-11-27	Nam	Kinh	H Ni	\N	Tch Giang, Phc Th, H Ni	Tch Giang	Phc Th	H Ni	\N	\N	\N	\N	\N	Nguyn Th Thu	Nguyn Th Thu	0383531405	\N	f	f	f	f	t	f	f	f	f	Thiu	\N	357	2025-03-24 15:25:07.904038+07	\N	+	3	7	1	\N
355	TC0102	Nguyn Th Vinh	2007-11-28	Nam	Kinh	H Ni	H Ni	Phng Thng, Phc Th, H Ni	Phng Thng	Phc Th	H Ni	001207028619	\N	\N	\N	\N	Nguyn Xun Cnh 	Dng Th Hng	0961232946 0375529763	\N	f	f	t	f	t	f	t	f	f	Thiu	\N	358	2025-03-24 15:25:07.912944+07	\N	+	3	7	1	\N
356	TC0103	V Cng t	2007-11-29	\N	Kinh	\N	\N	Trch M Lc, Phc Th, 	Trch M Lc	Phc Th	H Ni	\N	\N	\N	\N	\N	\N	\N	\N	\N	f	f	f	f	f	f	f	f	f	Thiu	\N	359	2025-03-24 15:25:07.920125+07	\N	+	3	7	1	\N
357	TC0104	Khut Huy Hong	2007-11-30	Nam	Kinh	\N	\N	Trch M Lc, Phc Th, 	Trch M Lc	Phc Th	H Ni	001205031477	\N	\N	\N	\N	\N	\N	986249094	\N	f	f	t	f	t	f	t	f	f	Thiu	\N	360	2025-03-24 15:25:07.927308+07	\N	+	3	7	1	\N
358	TC0105	V Tun Phong	2007-12-01	Nam	Kinh	\N	\N	Trch M Lc, Phc Th, H Ni	Trch M Lc	Phc Th	H Ni	\N	\N	\N	\N	\N	\N	\N	\N	\N	f	f	f	f	f	f	f	f	f	Thiu	\N	361	2025-03-24 15:25:07.935291+07	\N	+	3	7	1	\N
359	TC0106	Hong Ph Quang	2007-12-02	\N	Kinh	\N	\N	Trch M Lc, Phc Th, H Ni	Trch M Lc	Phc Th	H Ni	\N	\N	\N	\N	\N	\N	\N	\N	\N	f	f	f	f	f	f	f	f	f	Thiu	\N	362	2025-03-24 15:25:07.94517+07	\N	+	3	7	1	\N
360	TC0107	Khut Duy Qu	2007-12-03	\N	Kinh	\N	\N	Trch M Lc, Phc Th, H Ni	Trch M Lc	Phc Th	H Ni	\N	\N	\N	\N	\N	\N	\N	\N	\N	f	f	f	f	f	f	f	f	f	Thiu	\N	363	2025-03-24 15:25:07.952704+07	\N	+	3	7	1	\N
\.


--
-- Data for Name: sms_historicalkhoahoc; Type: TABLE DATA; Schema: public; Owner: postgres
--

COPY public.sms_historicalkhoahoc (id, ma, ten, history_id, history_date, history_change_reason, history_type, history_user_id) FROM stdin;
\.


--
-- Data for Name: sms_historicallichhoc; Type: TABLE DATA; Schema: public; Owner: postgres
--

COPY public.sms_historicallichhoc (id, trungtam, diadiem, thoigian, sotiet, status, ghichu, history_id, history_date, history_change_reason, history_type, giaovien_id, history_user_id, lmh_id) FROM stdin;
1	\N	41 ng Trn Cn	2022-11-16 13:30:00+07	5	 hon thnh		1	2025-03-22 11:00:18.830798+07	\N	+	1	3	6
2	\N	41 ng Trn Cn	2022-11-17 13:30:00+07	5	 hon thnh		2	2025-03-22 11:01:25.213275+07	\N	+	1	3	6
3	\N	\N	2022-11-18 13:30:00+07	5	 hon thnh		3	2025-03-22 11:02:14.201241+07	\N	+	1	3	6
3	\N	41 ng Trn Cn	2022-11-18 13:30:00+07	5	 hon thnh		4	2025-03-22 11:02:35.322948+07	\N	~	1	3	6
4	\N	41 ng Trn Cn	2022-11-23 13:30:00+07	5	 hon thnh		5	2025-03-22 11:03:22.455513+07	\N	+	1	3	6
5	\N	41 ng Trn Cn	2022-11-24 13:30:00+07	5	 hon thnh		6	2025-03-22 11:03:51.921297+07	\N	+	1	3	6
6	\N	41 ng Trn Cn	2022-11-25 13:30:00+07	5	 hon thnh		7	2025-03-22 11:04:16.119105+07	\N	+	1	3	6
7	\N	41 ng Trn Cn	2022-11-30 13:30:00+07	5	 hon thnh		8	2025-03-22 11:04:33.695126+07	\N	+	1	3	6
8	\N	41 ng Trn Cn	2022-12-01 13:30:00+07	5	 hon thnh		9	2025-03-22 11:04:57.807103+07	\N	+	1	3	6
9	\N	41 ng Trn Cn	2022-12-02 13:30:00+07	5	 hon thnh		10	2025-03-22 11:05:33.302086+07	\N	+	1	3	6
10	\N	41 ng Trn Cn	2022-12-07 13:30:00+07	5	 hon thnh		11	2025-03-22 11:05:55.577588+07	\N	+	1	3	6
11	\N	41 ng Trn Cn	2022-12-08 13:30:00+07	5	 hon thnh		12	2025-03-22 11:06:53.793246+07	\N	+	1	3	6
12	\N	41 ng Trn Cn	2022-12-09 13:30:00+07	5	 hon thnh		13	2025-03-22 11:07:12.338793+07	\N	+	1	3	6
\.


--
-- Data for Name: sms_historicalloaidiem; Type: TABLE DATA; Schema: public; Owner: postgres
--

COPY public.sms_historicalloaidiem (id, ma, trunglap, heso, ten, history_id, history_date, history_change_reason, history_type, history_user_id) FROM stdin;
1	1	1	1	im kim tra thng xuyn	1	2025-03-20 11:16:42.410678+07	\N	+	3
2	2	1	2	im kim tra nh k	2	2025-03-20 11:16:42.424118+07	\N	+	3
3	3	1	4	im thi kt thc mn hc	3	2025-03-20 11:16:42.42858+07	\N	+	3
\.


--
-- Data for Name: sms_historicallop; Type: TABLE DATA; Schema: public; Owner: postgres
--

COPY public.sms_historicallop (id, ma, ten, history_id, history_date, history_change_reason, history_type, ctdt_id, history_user_id, trungtam_id) FROM stdin;
1	123	Du Lch	1	2025-03-20 11:34:14.038103+07	\N	+	1	3	1
2	TU	TU21TC	2	2025-03-22 09:55:38.823684+07	\N	+	2	3	1
3	trinh test	trinh test	3	2025-03-22 17:08:09.55866+07	\N	+	1	3	2
4	DL	DL21LTBN	4	2025-03-24 09:41:52.843797+07	\N	+	1	3	5
5	T	TU21LB	5	2025-03-24 10:23:44.755226+07	\N	+	2	3	2
4	PTHN	TU21PTHN	6	2025-03-24 14:26:35.59667+07	\N	~	2	3	3
6	LBHN	TU21LBHN	7	2025-03-24 14:27:28.328433+07	\N	+	2	3	2
6	LBHN	TU21PT	8	2025-03-24 15:21:08.927481+07	\N	~	2	3	3
7	LT	LT21PTHN	9	2025-03-24 15:24:46.775326+07	\N	+	4	3	3
4	PTHN	Trng	10	2025-03-24 15:29:55.586058+07	\N	~	2	3	3
\.


--
-- Data for Name: sms_historicallophk; Type: TABLE DATA; Schema: public; Owner: postgres
--

COPY public.sms_historicallophk (id, start_hk, end_hk, history_id, history_date, history_change_reason, history_type, history_user_id, hk_id, lop_id) FROM stdin;
1	\N	\N	1	2025-03-20 11:34:14.096038+07	\N	+	3	1	1
1	\N	\N	2	2025-03-20 11:34:14.111321+07	\N	~	3	1	1
2	\N	\N	3	2025-03-20 11:34:14.115806+07	\N	+	3	2	1
2	\N	\N	4	2025-03-20 11:34:14.119086+07	\N	~	3	2	1
3	\N	\N	5	2025-03-20 11:34:14.122094+07	\N	+	3	3	1
3	\N	\N	6	2025-03-20 11:34:14.125031+07	\N	~	3	3	1
4	\N	\N	7	2025-03-20 11:34:14.128089+07	\N	+	3	4	1
4	\N	\N	8	2025-03-20 11:34:14.130972+07	\N	~	3	4	1
5	\N	\N	9	2025-03-22 09:55:38.840699+07	\N	+	3	1	2
5	\N	\N	10	2025-03-22 09:55:38.850254+07	\N	~	3	1	2
6	\N	\N	11	2025-03-22 09:55:38.960299+07	\N	+	3	2	2
6	\N	\N	12	2025-03-22 09:55:38.963891+07	\N	~	3	2	2
7	\N	\N	13	2025-03-22 09:55:38.967862+07	\N	+	3	3	2
7	\N	\N	14	2025-03-22 09:55:38.97142+07	\N	~	3	3	2
8	\N	\N	15	2025-03-22 09:55:38.975108+07	\N	+	3	4	2
8	\N	\N	16	2025-03-22 09:55:38.979459+07	\N	~	3	4	2
9	\N	\N	17	2025-03-22 17:08:09.574334+07	\N	+	3	1	3
9	\N	\N	18	2025-03-22 17:08:09.58635+07	\N	~	3	1	3
10	\N	\N	19	2025-03-22 17:08:09.590875+07	\N	+	3	2	3
10	\N	\N	20	2025-03-22 17:08:09.595083+07	\N	~	3	2	3
11	\N	\N	21	2025-03-22 17:08:09.599358+07	\N	+	3	3	3
11	\N	\N	22	2025-03-22 17:08:09.60343+07	\N	~	3	3	3
12	\N	\N	23	2025-03-22 17:08:09.607627+07	\N	+	3	4	3
12	\N	\N	24	2025-03-22 17:08:09.612428+07	\N	~	3	4	3
13	\N	\N	25	2025-03-24 09:41:52.861431+07	\N	+	3	1	4
13	\N	\N	26	2025-03-24 09:41:52.87328+07	\N	~	3	1	4
14	\N	\N	27	2025-03-24 09:41:52.880234+07	\N	+	3	2	4
14	\N	\N	28	2025-03-24 09:41:52.886539+07	\N	~	3	2	4
15	\N	\N	29	2025-03-24 09:41:52.892391+07	\N	+	3	3	4
15	\N	\N	30	2025-03-24 09:41:52.897408+07	\N	~	3	3	4
16	\N	\N	31	2025-03-24 09:41:52.902444+07	\N	+	3	4	4
16	\N	\N	32	2025-03-24 09:41:52.90745+07	\N	~	3	4	4
17	\N	\N	33	2025-03-24 10:23:44.769362+07	\N	+	3	1	5
17	\N	\N	34	2025-03-24 10:23:44.77923+07	\N	~	3	1	5
18	\N	\N	35	2025-03-24 10:23:44.78402+07	\N	+	3	2	5
18	\N	\N	36	2025-03-24 10:23:44.788809+07	\N	~	3	2	5
19	\N	\N	37	2025-03-24 10:23:44.793454+07	\N	+	3	3	5
19	\N	\N	38	2025-03-24 10:23:44.798208+07	\N	~	3	3	5
20	\N	\N	39	2025-03-24 10:23:44.802933+07	\N	+	3	4	5
20	\N	\N	40	2025-03-24 10:23:44.807322+07	\N	~	3	4	5
21	\N	\N	41	2025-03-24 14:27:28.345637+07	\N	+	3	1	6
21	\N	\N	42	2025-03-24 14:27:28.355993+07	\N	~	3	1	6
22	\N	\N	43	2025-03-24 14:27:28.361407+07	\N	+	3	2	6
22	\N	\N	44	2025-03-24 14:27:28.367533+07	\N	~	3	2	6
23	\N	\N	45	2025-03-24 14:27:28.37463+07	\N	+	3	3	6
23	\N	\N	46	2025-03-24 14:27:28.380828+07	\N	~	3	3	6
24	\N	\N	47	2025-03-24 14:27:28.385804+07	\N	+	3	4	6
24	\N	\N	48	2025-03-24 14:27:28.391432+07	\N	~	3	4	6
25	\N	\N	49	2025-03-24 15:24:46.790956+07	\N	+	3	1	7
25	\N	\N	50	2025-03-24 15:24:46.800759+07	\N	~	3	1	7
26	\N	\N	51	2025-03-24 15:24:46.805324+07	\N	+	3	2	7
26	\N	\N	52	2025-03-24 15:24:46.809477+07	\N	~	3	2	7
27	\N	\N	53	2025-03-24 15:24:46.814752+07	\N	+	3	3	7
27	\N	\N	54	2025-03-24 15:24:46.822171+07	\N	~	3	3	7
28	\N	\N	55	2025-03-24 15:24:46.828497+07	\N	+	3	4	7
28	\N	\N	56	2025-03-24 15:24:46.836665+07	\N	~	3	4	7
\.


--
-- Data for Name: sms_historicallopmonhoc; Type: TABLE DATA; Schema: public; Owner: postgres
--

COPY public.sms_historicallopmonhoc (id, ngaystart, ngayend, status, hsdt, hsdt1, hsdt2, hsdt3, hsdt4, hsdt5, hsdt6, hsdt7, history_id, history_date, history_change_reason, history_type, history_user_id, hk_id, lop_id, monhoc_id) FROM stdin;
1	2023-04-04	2023-04-20	 hon thnh		t	t	t	t	t	t	t	1	2025-03-22 10:00:56.560441+07	\N	+	3	1	2	2
2	2023-03-02	2023-03-09	 hon thnh		t	t	t	t	t	t	t	2	2025-03-22 10:02:07.107451+07	\N	+	3	1	2	3
3	2024-09-30	2024-10-03	 hon thnh		t	t	t	t	t	t	t	3	2025-03-22 10:03:23.911524+07	\N	+	3	1	2	4
4	2024-09-09	2024-09-13	 hon thnh		t	t	t	t	t	t	t	4	2025-03-22 10:04:06.636297+07	\N	+	3	1	2	5
5	2023-02-06	2023-02-22	 hon thnh		t	t	t	t	t	t	t	5	2025-03-22 10:04:41.098757+07	\N	+	3	1	2	6
6	2022-11-16	2022-12-19	 hon thnh		t	t	t	t	t	t	t	6	2025-03-22 10:05:25.882194+07	\N	+	3	1	2	7
\.


--
-- Data for Name: sms_historicalmonhoc; Type: TABLE DATA; Schema: public; Owner: postgres
--

COPY public.sms_historicalmonhoc (id, ma, ten, chuongtrinh, sotinchi, sogio_lt, sogio_th, sogio_kt, history_id, history_date, history_change_reason, history_type, history_user_id) FROM stdin;
1	I	Cc mn hc chung	Tin hoc ng dng	17	255	94	148	1	2025-03-20 11:01:55.404252+07	\N	+	3
2	MH01	Gio dc chnh tr	Tin hoc ng dng	2	30	15	13	2	2025-03-20 11:01:55.424587+07	\N	+	3
3	MH02	Php lut	Tin hoc ng dng	1	15	9	5	3	2025-03-20 11:01:55.432115+07	\N	+	3
4	MH03	Gio dc th cht	Tin hoc ng dng	2	30	4	24	4	2025-03-20 11:01:55.437772+07	\N	+	3
5	MH04	Gio dc quc phng v an ninh	Tin hoc ng dng	3	45	21	21	5	2025-03-20 11:01:55.443268+07	\N	+	3
6	MH05	Tin hc	Tin hoc ng dng	3	45	15	29	6	2025-03-20 11:01:55.450156+07	\N	+	3
7	MH06	Ting Anh	Tin hoc ng dng	6	90	30	56	7	2025-03-20 11:01:55.458695+07	\N	+	3
8	II	Cc mn hc, m un chuyn mn	Tin hoc ng dng	47	1290	302	946	8	2025-03-20 11:01:55.466723+07	\N	+	3
9	II.1	Mn hc, m un c s	Tin hoc ng dng	15	315	109	199	9	2025-03-20 11:01:55.476225+07	\N	+	3
10	MH07	K nng mm	Tin hoc ng dng	2	30	20	10	10	2025-03-20 11:01:55.485027+07	\N	+	3
11	M08	K nng son tho vn bn	Tin hoc ng dng	4	60	18	40	11	2025-03-20 11:01:55.494094+07	\N	+	3
12	M09	Cu trc my tnh	Tin hoc ng dng	3	45	15	29	12	2025-03-20 11:01:55.50314+07	\N	+	3
13	M10	Lp trnh c bn	Tin hoc ng dng	2	60	19	40	13	2025-03-20 11:01:55.512408+07	\N	+	3
14	M11	C s d liu	Tin hoc ng dng	2	60	18	40	14	2025-03-20 11:01:55.521058+07	\N	+	3
15	M12	Mng my tnh	Tin hoc ng dng	2	60	19	40	15	2025-03-20 11:01:55.530468+07	\N	+	3
16	II.2	Mn hc, m un chuyn mn	Tin hoc ng dng	32	975	193	747	16	2025-03-20 11:01:55.537336+07	\N	+	3
17	MH13	Ting anh chuyn ngnh	Tin hoc ng dng	3	45	15	29	17	2025-03-20 11:01:55.543791+07	\N	+	3
18	M14	Tin hc ng dng (bng tnh Excel)	Tin hoc ng dng	2	60	18	40	18	2025-03-20 11:01:55.550182+07	\N	+	3
19	M15	Qun tr c s d liu vi SQL Server	Tin hoc ng dng	3	90	20	65	19	2025-03-20 11:01:55.556727+07	\N	+	3
20	M16	Thit k v qun tr website	Tin hoc ng dng	3	90	20	65	20	2025-03-20 11:01:55.563322+07	\N	+	3
21	M17	Lp rp ci t v bo tr my tnh	Tin hoc ng dng	3	90	20	66	21	2025-03-20 11:01:55.569551+07	\N	+	3
22	M18	 ha ng dng	Tin hoc ng dng	2	60	15	42	22	2025-03-20 11:01:55.576682+07	\N	+	3
23	M19	Thit k a phng tin	Tin hoc ng dng	3	90	15	70	23	2025-03-20 11:01:55.584041+07	\N	+	3
24	M20	Qun tr h thng mng my tnh	Tin hoc ng dng	3	90	20	65	24	2025-03-20 11:01:55.591528+07	\N	+	3
25	M21	ng dng m ngun m	Tin hoc ng dng	2	60	20	37	25	2025-03-20 11:01:55.599373+07	\N	+	3
26	MH22	K nng mm cng ngh thng tin	Tin hoc ng dng	2	30	20	8	26	2025-03-20 11:01:55.606385+07	\N	+	3
27	M23	Thc tp tt nghip	Tin hoc ng dng	6	270	10	260	27	2025-03-20 11:01:55.614502+07	\N	+	3
28	I	Cc mn hc chung	Nghip v l tn	12	255	94	148	28	2025-03-20 11:01:55.623347+07	\N	+	3
29	MH01	Gio dc chnh tr	Nghip v l tn	2	30	15	13	29	2025-03-20 11:16:42.263192+07	\N	+	3
30	MH02	Php lut	Nghip v l tn	1	15	9	5	30	2025-03-20 11:16:42.269464+07	\N	+	3
31	MH03	Gio dc th cht	Nghip v l tn	1	30	4	24	31	2025-03-20 11:16:42.273506+07	\N	+	3
32	MH04	Gio dc quc phng v an ninh	Nghip v l tn	2	45	21	21	32	2025-03-20 11:16:42.278652+07	\N	+	3
33	MH05	Tin hc	Nghip v l tn	2	45	15	29	33	2025-03-20 11:16:42.283054+07	\N	+	3
34	MH06	Ting anh	Nghip v l tn	4	90	30	56	34	2025-03-20 11:16:42.287142+07	\N	+	3
35	MH07	K nng mm	Nghip v l tn	2	25	10	12	35	2025-03-20 11:16:42.291468+07	\N	+	3
36	MH08	Tng quan c s kinh doanh lu tr	Nghip v l tn	2	30	22	7	36	2025-03-20 11:16:42.295685+07	\N	+	3
37	MH09	Giao tip trong kinh doanh	Nghip v l tn	2	30	12	17	37	2025-03-20 11:16:42.30043+07	\N	+	3
38	MH10	Tin hc ng dng trong kinh doanh khch sn	Nghip v l tn	2	45	10	33	38	2025-03-20 11:16:42.306315+07	\N	+	3
39	MH11	Ting Anh chuyn ngnh khch sn	Nghip v l tn	5	105	42	60	39	2025-03-20 11:16:42.312599+07	\N	+	3
40	MH12	Quan h v chm sc khch hng	Nghip v l tn	2	45	18	25	40	2025-03-20 11:16:42.318222+07	\N	+	3
41	M13	Nghip v thanh ton	Nghip v l tn	1	30	13	15	41	2025-03-20 11:16:42.323591+07	\N	+	3
42	M14	T chc s kin	Nghip v l tn	2	45	26	17	42	2025-03-20 11:16:42.329838+07	\N	+	3
43	MH15	An ninh - an ton trong khch sn	Nghip v l tn	1	30	10	18	43	2025-03-20 11:16:42.33592+07	\N	+	3
44	M16	Nghip v l tn	Nghip v l tn	8	225	43	168	44	2025-03-20 11:16:42.342143+07	\N	+	3
45	M17	Ting Anh l tn	Nghip v l tn	4	90	40	47	45	2025-03-20 11:16:42.349138+07	\N	+	3
46	M18	Nghip v phc v bung khch sn	Nghip v l tn	3	75	15	56	46	2025-03-20 11:16:42.35526+07	\N	+	3
47	M19	Nghip v nh hng 	Nghip v l tn	3	75	15	56	47	2025-03-20 11:16:42.361002+07	\N	+	3
48	MH20	Qun tr L tn	Nghip v l tn	2	45	26	17	48	2025-03-20 11:16:42.366614+07	\N	+	3
\.


--
-- Data for Name: sms_historicalnganh; Type: TABLE DATA; Schema: public; Owner: postgres
--

COPY public.sms_historicalnganh (id, ma, ten, history_id, history_date, history_change_reason, history_type, history_user_id) FROM stdin;
\.


--
-- Data for Name: sms_historicalnslop; Type: TABLE DATA; Schema: public; Owner: postgres
--

COPY public.sms_historicalnslop (id, status, history_id, history_date, history_change_reason, history_type, history_user_id, lop_id, ns_id) FROM stdin;
\.


--
-- Data for Name: sms_historicalnsphong; Type: TABLE DATA; Schema: public; Owner: postgres
--

COPY public.sms_historicalnsphong (id, status, history_id, history_date, history_change_reason, history_type, history_user_id, ns_id, phong_id) FROM stdin;
\.


--
-- Data for Name: sms_historicalphong; Type: TABLE DATA; Schema: public; Owner: postgres
--

COPY public.sms_historicalphong (id, ma, ten, history_id, history_date, history_change_reason, history_type, history_user_id) FROM stdin;
1	1	Cng tc sinh vin	1	2025-03-20 11:16:42.531869+07	\N	+	3
2	2	K ton	2	2025-03-20 11:16:42.545573+07	\N	+	3
3	3	o to	3	2025-03-20 11:16:42.550118+07	\N	+	3
\.


--
-- Data for Name: sms_historicalsvstatus; Type: TABLE DATA; Schema: public; Owner: postgres
--

COPY public.sms_historicalsvstatus (id, ma, ten, history_id, history_date, history_change_reason, history_type, history_user_id) FROM stdin;
1	1	Bnh thng	1	2025-03-20 11:16:42.467286+07	\N	+	3
2	2	Bo lu	2	2025-03-20 11:16:42.48086+07	\N	+	3
3	3	Chuyn lp	3	2025-03-20 11:16:42.485908+07	\N	+	3
4	4	Ngh hc	4	2025-03-20 11:16:42.491433+07	\N	+	3
\.


--
-- Data for Name: sms_historicaltrungtam; Type: TABLE DATA; Schema: public; Owner: postgres
--

COPY public.sms_historicaltrungtam (id, ma, ten, history_id, history_date, history_change_reason, history_type, history_user_id) FROM stdin;
1	1	ng Trn Cn - H Ni	1	2025-03-20 11:16:42.500514+07	\N	+	3
2	2	Long Bin - H Ni	2	2025-03-20 11:16:42.515131+07	\N	+	3
3	3	Phc Th - H Ni	3	2025-03-20 11:16:42.521519+07	\N	+	3
4	18	Yn M - Hng Yn	4	2025-03-24 08:49:08.293016+07	\N	+	3
5	10	Lng Ti - Bc Ninh	5	2025-03-24 08:51:50.440342+07	\N	+	3
6	8	Thun Thnh - Bc Ninh	6	2025-03-24 08:54:54.60445+07	\N	+	3
7	9	Gia Bnh - Bc Ninh	7	2025-03-24 08:57:20.741443+07	\N	+	3
8	12	Sn H - Lai Chu	8	2025-03-24 08:57:55.435137+07	\N	+	3
9	13	Tn Uyn - Lai Chu	9	2025-03-24 08:58:32.654549+07	\N	+	3
10	14	TT Tnh Lai Chu	10	2025-03-24 08:58:48.762523+07	\N	+	3
11	15	Than Uyn - Lai Chu	11	2025-03-24 09:02:21.945423+07	\N	+	3
12	16	Th Xun - Thanh Ha	12	2025-03-24 09:03:17.871672+07	\N	+	3
13	17	H Nam	13	2025-03-24 09:03:29.49976+07	\N	+	3
14	19	Ph Xuyn - H Ni	14	2025-03-24 09:03:43.546936+07	\N	+	3
15	4	M Linh - H Ni	15	2025-03-24 09:04:04.520055+07	\N	+	3
16	11	Phong Th - Lai Chu	16	2025-03-24 09:08:21.791614+07	\N	+	3
17	5	ng Anh - H Ni	17	2025-03-24 09:09:15.259455+07	\N	+	3
18	6	ng Ha - H Ni	18	2025-03-24 09:09:28.885626+07	\N	+	3
19	7	Thch Tht - H Ni	19	2025-03-24 09:09:44.453234+07	\N	+	3
\.


--
-- Data for Name: sms_historicalttgv; Type: TABLE DATA; Schema: public; Owner: postgres
--

COPY public.sms_historicalttgv (id, sotien1, sotien2, ghichu, history_id, history_date, history_change_reason, history_type, gv_id, history_user_id, lopmh_id) FROM stdin;
\.


--
-- Data for Name: sms_historicaluploadedfile; Type: TABLE DATA; Schema: public; Owner: postgres
--

COPY public.sms_historicaluploadedfile (id, file, uploaded_at, mota, history_id, history_date, history_change_reason, history_type, history_user_id) FROM stdin;
1	uploads/tpl_hs81_c3pzcYl.xlsx	2025-03-20 10:19:32.962343+07	Mu thng tin import tnh trng hs 81	1	2025-03-20 10:19:32.981461+07	\N	+	3
2	uploads/tpl_hsgv_yTmRuqt.xlsx	2025-03-20 10:19:57.649206+07	Mu thng tin ging vin	2	2025-03-20 10:19:57.666107+07	\N	+	3
3	uploads/tpl_monhoc_l4SkDuz.xlsx	2025-03-20 10:20:14.814779+07	Mu mn hc, danh mc	3	2025-03-20 10:20:14.822342+07	\N	+	3
4	uploads/uploads_tpl_diemtp_br325Tl.xlsx	2025-03-20 10:20:51.376888+07	Mu thng tin nhp im	4	2025-03-20 10:20:51.389174+07	\N	+	3
5	uploads/uploads_tpl_hp81_mxmJND5.xlsx	2025-03-20 10:21:19.665354+07	Mu thng tin import tnh trng hoc ph 81	5	2025-03-20 10:21:19.678874+07	\N	+	3
6	uploads/uploads_tpl_hssv_5RmNat1.xlsx	2025-03-20 10:21:38.795127+07	Mu thng tin hc vin	6	2025-03-20 10:21:38.80775+07	\N	+	3
7	uploads/uploads_tpl_nhansu_pSpFG5O.xlsx	2025-03-20 10:21:56.389687+07	Mu thng tin nhn s	7	2025-03-20 10:21:56.404717+07	\N	+	3
8	uploads/uploads_tpl_hssv_5RmNat1_MmetWVe.xlsx	2025-03-20 10:47:55.109642+07	File hc sinh th	8	2025-03-20 10:47:55.12305+07	\N	+	3
9	uploads/Upload_PM_PCTSV.xlsx	2025-03-24 08:29:07.45011+07	Tng hp d liu K21 khu vc H ni	9	2025-03-24 08:29:07.459684+07	\N	+	3
10	uploads/Upload_PM_PCTSV_EJxbzcz.xlsx	2025-03-24 08:29:10.957427+07	Tng hp d liu K21 khu vc H ni	10	2025-03-24 08:29:10.965519+07	\N	+	3
11	uploads/Upload_PM_PCTSV_gTGP4bS.xlsx	2025-03-24 16:20:20.798707+07	Tng hp d liu K21 H Ni  sa	11	2025-03-24 16:20:20.808539+07	\N	+	3
\.


--
-- Data for Name: sms_hocky; Type: TABLE DATA; Schema: public; Owner: postgres
--

COPY public.sms_hocky (id, ma, ten) FROM stdin;
1	1	Hc k 1
2	2	Hc k 2
3	3	Hc k 3
4	4	Hc k 4
\.


--
-- Data for Name: sms_hocphi; Type: TABLE DATA; Schema: public; Owner: postgres
--

COPY public.sms_hocphi (id, hk, thoigian, sotien, hpstatus, ghichu, status, lop_id, sv_id) FROM stdin;
\.


--
-- Data for Name: sms_hocphistatus; Type: TABLE DATA; Schema: public; Owner: postgres
--

COPY public.sms_hocphistatus (id, ma, ten) FROM stdin;
1	1	Hc vin cha nhn tin h tr
2	2	Hc vin  nhn tin h tr
3	3	Hc vin  np tin cho nh trng
\.


--
-- Data for Name: sms_hp81; Type: TABLE DATA; Schema: public; Owner: postgres
--

COPY public.sms_hp81 (id, thoigian, sotien1, sotien2, ghichu, hk_id, status_id, sv_id) FROM stdin;
\.


--
-- Data for Name: sms_hs81; Type: TABLE DATA; Schema: public; Owner: postgres
--

COPY public.sms_hs81 (id, status, thoigian, ddn, cntn, btn, xnct, cccd, cccdbo, cccdme, gks, ghichu, hk_id, sv_id) FROM stdin;
\.


--
-- Data for Name: sms_hsgv; Type: TABLE DATA; Schema: public; Owner: postgres
--

COPY public.sms_hsgv (id, ma, hoten, namsinh, cccd, ngaycap, noicap, diachi, sdt, email, mst, bhxh, dongbhxh, stk, nh, cn, trinhdo, truongtn, nganhtn, shdtg, ngayky, ngayhh, hs_btn, hs_bd, hs_cc, hs_syll, hs_ccta, hs_ccth, hs_status, ghichu, user_id) FROM stdin;
1	TG0003	L Th Phng	1991-11-29	027191007664	2021-08-09	Cc CS QLHC v TTXH	Hu i, Tn Lng, Lng Ti, Bc Ninh	0984638172	phuongk45b3dhtm@gmail.com	8298830888	\N	\N	\N	\N	\N	\N	\N	\N	\N	\N	\N	f	f	f	f	f	f	Thiu	\N	\N
2	TG0004	Lu Th Hoa	1985-09-14	027185003205	2021-04-25	Cc CS QLHC v TTXH	c Nhn, Trm L, Thun Thnh, Bc Ninh	0943388168	luuthihoa@cnktdn.edu.vn	8431195319	\N	\N	\N	\N	\N	\N	\N	\N	\N	\N	\N	f	f	f	f	f	f	Thiu	\N	\N
3	TG0006	Ng Th Hng Vn	1987-09-29	024187002013	2021-03-03	Cc CS QLHC v TTXH	Sui Hoa, Bc Ninh, Bc Ninh	0976989736\n0978063663	ngothihongvan@cnktdn.edu.vn	8074067437	\N	\N	\N	\N	\N	\N	\N	\N	\N	\N	\N	f	f	f	f	f	f	Thiu	\N	\N
4	TG0007	 Th Li 	1993-10-03	027193001880	2021-04-10	Cc CS QLHC v TTXH	Thanh Sn, V Linh, Bc Ninh	0354074590	dothiloi@cnktdn.edu.vn	8116243020	\N	\N	\N	\N	\N	\N	\N	\N	\N	\N	\N	f	f	f	f	f	f	Thiu	\N	\N
5	TG0008	Nguyn Th Bch	1986-09-13	027186000924 - 125243051	2021-04-25	Cc CS QLHC v TTXH	P402, CC mini (Nh b Thnh Th) xm 2 thn thng - M Tr, T Lim, H Ni	0905146886 - 0977325768	bichnguyen86@gmail.com	8175631321	\N	``	\N	\N	\N	\N	\N	\N	\N	\N	\N	f	f	f	f	f	f	Thiu	\N	\N
6	TG0009	L Th Thanh Huyn	1979-11-25	001179004113	2021-07-25	Cc CS QLHC v TTXH	T dn ph 4, Th trn Phc Th, Phc Th, H Ni	0374920908\n0974831148	lehuyenpg@yahoo.com.vn	8015076599	\N	\N	\N	\N	\N	\N	\N	\N	\N	\N	\N	f	f	f	f	f	f	Thiu	\N	\N
7	TG0013	Trnh Anh Ti	1986-11-24	001086037674	2021-04-16	Cc CS QLHC v TTXH	S 3, ng 117, ph Nguyn Lng Bng, Phng Nam ng, qun ng a, thnh ph H Ni	0987388044	trinhanhtai@cnktdn.edu.vn	8083105047	\N	\N	\N	\N	\N	\N	\N	\N	\N	\N	\N	f	f	f	f	f	f	Thiu	\N	\N
8	TG0014	Nguyn c Tuyn	1989-09-21	015089000276	2021-03-25	Cc CS QLHC v TTXH	S nh 17, ng V A Dnh, t dn ph Ha Bnh, th trn Phong Th, huyn Phong Th, tnh Lai Chu	0979014578	anhtuyenyb89@gmail.com	Cha c	\N	\N	\N	\N	\N	\N	\N	\N	\N	\N	\N	f	f	f	f	f	f	Thiu	\N	\N
9	TG0015	Trnh nh Hng 	1987-06-10	038087031823	2022-05-12	Cc CS QLHC v TTXH	TDP Ha Bnh, th trn Phong Th, huyn Phong Th, Lai Chu	0972321804	trinhhungvhphongtho@gmail.com	8440593235	\N	\N	\N	\N	\N	\N	\N	\N	\N	\N	\N	f	f	f	f	f	f	Thiu	\N	\N
10	TG0016	on c Chun	1987-07-30	034087013531	2021-04-22	Cc CS QLHC v TTXH	S nh 009 ph Phan Bi Chu, t 9 phng Tn Phong, thnh ph Lai Chu, tnh Lai Chu	0367558448	doanducchuan@gmail.com	8528963638	\N	\N	\N	\N	\N	\N	\N	\N	\N	\N	\N	f	f	f	f	f	f	Thiu	\N	\N
11	TG0017	Trn Hoi Nam 	1982-06-30	001082026200	2022-01-03	Cc CS QLHC v TTXH	1004B, chung c s 6, i nhn, Vnh Phc, Ba nh, H Ni	0982820218	tranhoainam@cnktdn.edu.vn	8083104558	\N	\N	\N	\N	\N	\N	\N	\N	\N	\N	\N	f	f	f	f	f	f	Thiu	\N	\N
12	TG0023	Nguyn Th Tho	1979-12-26	036179009631	2021-03-25	Cc CS QLHC v TTXH	Khu 1, Th trn Sn H, H.Sn H, Tnh Lai Chu	0987847570	nguyenthithao1@cnktdn.edu.vn	8029006601	\N	\N	\N	\N	\N	\N	\N	\N	\N	\N	\N	f	f	f	f	f	f	Thiu	\N	\N
13	TG0027	Phan Th Vit H	1990-01-20	070851191	2008-01-30	C.A Tuyn Quang	S 37, ng 20, H Tng Mu, qun Cu Giy, TP.H Ni	0972175286	vietha.phan7676@gmail.com	8326555650	\N	\N	\N	\N	\N	\N	\N	\N	\N	\N	\N	f	f	f	f	f	f	Thiu	\N	\N
14	TG0032	H Th Thu Huyn	1996-12-27	164579982	2011-04-29	C.A Ninh Bnh	Xm 2, Gia Hng, Gia Vin, Ninh Bnh	0384612621	huyen962712@gmail.com	8560735435	\N	\N	\N	\N	\N	\N	\N	\N	\N	\N	\N	f	f	f	f	f	f	Thiu	\N	\N
15	TG0034	Nguyn Th Hng Nhung	1988-10-02	125279907	2016-11-16	C.A Bc Ninh	252 Nguyn Vn C, p.V Cng, TP.Bc Ninh	\N	nhung832014@gmail.com	8074067349	\N	\N	\N	\N	\N	\N	\N	\N	\N	\N	\N	f	f	f	f	f	f	Thiu	\N	\N
16	TG0037	Nguyn Th Vn Anh	1976-10-17	001176003456	2018-01-19	Cc Trng cc cnh st KQL c tr v DLQG v DC	S 109 Cu T, Sn Lc, Sn Ty, H Ni	0982521976	nguyenthivananh1@cnktdn.edu.vn	Cha c	\N	\N	\N	\N	\N	\N	\N	\N	\N	\N	\N	f	f	f	f	f	f	Thiu	\N	\N
17	TG0039	Nguyn Vn Li	1978-11-14	001078014203	2021-04-25	Cc CS QLHC v TTXH	Lai X, Kim Chung, Hoi c, H Ni	0947618356	nguyenvanlai@cnktdn.edu.vn	8819908737	\N	\N	\N	\N	\N	\N	\N	\N	\N	\N	\N	f	f	f	f	f	f	Thiu	\N	\N
18	TG0042	Nguyn Th Thu Thy	1982-03-21	001182010609	2015-09-01	Cc CS KQLCT & DLQG v dn c	S nh 29 Ng 12, ph Thanh V, Sn Lc, Sn Ty, H Ni	0984083308	Nttthuy2103@gmail.com 	8051327199	\N	\N	\N	\N	\N	\N	\N	\N	\N	\N	\N	f	f	f	f	f	f	Thiu	\N	\N
\.


--
-- Data for Name: sms_hsns; Type: TABLE DATA; Schema: public; Owner: postgres
--

COPY public.sms_hsns (id, ma, email, hoten, gioitinh, namsinh, dantoc, tongiao, quoctich, quequan, diachi1, diachi2, sdt, cccd, ngaycap, noicap, mst, tddt, noidt, kdt, cndt, namtn, xldt, cdcv, vtcv, shd, ngayky, ngayhh, trangthaihd, tcld, loaihd, ngaylv, tgcd, tgbhxh, ssbhxh, tongluong, luongcb, stk, nh, chinhanh, hs_btn, hs_bd, hs_cc, hs_syll, hs_ccta, hs_ccth, hs_khac, hs_status, ghichu, user_id) FROM stdin;
2	ngothiminhthu	thuntm@cnktdn.edu.vn	Ng Th Minh Thu	N	\N	\N	\N	\N	\N	\N	\N	\N	\N	\N	\N	\N	\N	\N	\N	\N	\N	\N	\N	\N	\N	\N	\N	\N	\N	\N	\N	\N	\N	\N	\N	\N	\N	\N	\N	f	f	f	f	f	f	\N	Thiu	\N	\N
3	buithithuhien	buithithuhien@gmail.com	Bi Th Thu Hin	Nam	\N	\N	\N	\N	\N	\N	\N	\N	\N	\N	\N	\N	\N	\N	\N	\N	\N	\N	\N	\N	\N	\N	\N	\N	\N	\N	\N	\N	\N	\N	\N	\N	\N	\N	\N	f	f	f	f	f	f	\N	Thiu	\N	\N
4	nguyenthithanhthuy	thuyntt2@cnktdn.edu.vn	Nguyn Th Thanh Thu	N	\N	\N	\N	\N	\N	\N	\N	\N	\N	\N	\N	\N	\N	\N	\N	\N	\N	\N	\N	\N	\N	\N	\N	\N	\N	\N	\N	\N	\N	\N	\N	\N	\N	\N	\N	f	f	f	f	f	f	\N	Thiu	\N	\N
6	phanhatrang2	trangph2@cnktdn.edu.vn	Phan H Trang	N	\N	\N	\N	\N	\N	\N	\N	\N	\N	\N	\N	\N	\N	\N	\N	\N	\N	\N	\N	\N	\N	\N	\N	\N	\N	\N	\N	\N	\N	\N	\N	\N	\N	\N	\N	f	f	f	f	f	f	\N	Thiu	\N	\N
7	trruongthicamvan3	vanttc@cnktdn.edu.vn	Trng Th Cm Vn	N	\N	\N	\N	\N	\N	\N	\N	\N	\N	\N	\N	\N	\N	\N	\N	\N	\N	\N	\N	\N	\N	\N	\N	\N	\N	\N	\N	\N	\N	\N	\N	\N	\N	\N	\N	f	f	f	f	f	f	\N	Thiu	\N	\N
8	truongthicamvan2	truongthicamvan.he2@edusoft.vn	Trng Th Cm Vn	Nam	\N	\N	\N	\N	\N	\N	\N	\N	\N	\N	\N	\N	\N	\N	\N	\N	\N	\N	\N	\N	\N	\N	\N	\N	\N	\N	\N	\N	\N	\N	\N	\N	\N	\N	\N	f	f	f	f	f	f	\N	Thiu	\N	\N
5	lengocthuy	thuyln@cnktdn.edu.vn	L Ngc Thu	N	\N	\N	\N	\N	\N	\N	\N	\N	\N	\N	\N	\N	\N	\N	\N	\N	\N	\N	\N	\N	\N	\N	\N	\N	\N	\N	\N	\N	\N	\N	\N	\N	\N	\N	\N	f	f	t	f	t	f	\N	Thiu		\N
1	vantn	kienpc@ant-edu.vn	Trn Ngc Vn	N	\N	\N	\N	\N	\N	\N	\N	\N	\N	\N	\N	\N	\N	\N	\N	\N	\N	\N	\N	\N	\N	\N	\N	\N	\N	\N	\N	\N	\N	\N	\N	\N	\N	\N	\N	t	f	t	f	f	t	\N	Thiu		4
9	HEU0137	ngavtt@heuschool.edu.vn	V Th Thu Nga	N	1994-07-12	Kinh	\N	\N	\N	T 5, Phng C Khi, Qun Long Bin, TP H Ni	\N	0973399246	\N	\N	\N	8444473669	\N	\N	\N	\N	\N	\N	\N	\N	\N	\N	\N	\N	\N	\N	\N	\N	\N	\N	\N	\N	\N	\N	\N	f	f	f	f	f	f	\N	Thiu	\N	\N
10	HEU0140	huongnt@heuschool.edu.vn	Nguyn Th Hng	N	\N	Kinh	\N	\N	\N	\N	\N	\N	\N	\N	\N	\N	\N	\N	\N	\N	\N	\N	\N	\N	\N	\N	\N	\N	\N	\N	\N	\N	\N	\N	\N	\N	\N	\N	\N	f	f	f	f	f	f	\N	Thiu	\N	\N
11	HEU0138	thuongnt@heuschool.edu.vn	Nguyn Th Thng	N	2000-09-02	Kinh	\N	\N	\N	\N	\N	\N	\N	\N	\N	\N	\N	\N	\N	\N	\N	\N	\N	\N	\N	\N	\N	\N	\N	\N	\N	\N	\N	\N	\N	\N	\N	\N	\N	f	f	f	f	f	f	\N	Thiu	\N	\N
12	HEU0139	lambb@heuschool.edu.vn	Bch Bo Lm	Nam 	1999-05-25	Kinh	\N	\N	\N	\N	\N	\N	\N	\N	\N	\N	\N	\N	\N	\N	\N	\N	\N	\N	\N	\N	\N	\N	\N	\N	\N	\N	\N	\N	\N	\N	\N	\N	\N	f	f	f	f	f	f	\N	Thiu	\N	\N
\.


--
-- Data for Name: sms_hssv; Type: TABLE DATA; Schema: public; Owner: postgres
--

COPY public.sms_hssv (id, msv, hoten, namsinh, gioitinh, dantoc, noisinh, quequan, diachi, xa, huyen, tinh, cccd, ngaycap, noicap, stk, nh, hotenbo, hotenme, sdths, sdtph, hs_syll, hs_pxt, hs_btn, hs_gcntttt, hs_hbthcs, hs_cccd, hs_gks, hs_shk, hs_a34, hs_status, ghichu, lop_id, status_id, user_id) FROM stdin;
1	TC230801	Phm Th Chu 	2009-12-23	N 	Kinh 	Thanh Ha 	Thanh Ha 	Nam Giang, Th Xun,Thanh Ho	Nam Giang	Th Xun	Thanh Ha	038309030043	\N	\N	\N	\N	Phm Duy Su	Phm Th Thanh 	0335863650	0398996150 M 	t	t	t	t	t	t	t	t	t		\N	\N	1	\N
2	TC230802	L Tun 	2009-02-08	Nam 	Kinh 	Thanh Ha 	Thanh Ha 	Xun Sinh, Th Xun, Thanh Ho	Xun Sinh	Th Xun	 Thanh Ha	038209019709	\N	\N	\N	\N	L Vn Qu 	L Th Thy 	0386268375	\N	f	f	f	f	f	f	f	f	f	Thiu	\N	\N	1	\N
3	TC230803	Hong Thu 	2009-06-14	N 	Kinh 	Thanh Ha 	Thanh Ha 	Xun Hng, Th Xun, Thanh Ho	Xun Hng	Th Xun	 Thanh Ha	038309023930	\N	\N	\N	\N	Hong Thanh Vinh 	Nguyn Th Hun 	0347811618	\N	f	f	f	f	f	f	f	f	f	Thiu	\N	\N	1	\N
4	TC230804	Trnh nh 	2009-11-12	Nam 	Kinh 	Thanh Ha 	Thanh Ha 	Xun Ho,Th Xun,Thanh Ho	Xun Ho	Th Xun	Thanh Ha	038209004824	\N	\N	\N	\N	Trnh nh ng 	 Th Ngc 	0838101456	\N	f	f	f	f	f	f	f	f	f	Thiu	\N	\N	1	\N
5	TC230805	L Quc 	2009-07-27	Nam 	Kinh 	Thanh Ha 	Thanh Ha 	Xun Ho,Th Xun,Thanh Ho	Xun Ho	Th Xun	Thanh Ha	038209001116	\N	\N	\N	\N	\N	L Th Mnh 	0869269894	\N	f	f	f	f	f	f	f	f	f	Thiu	\N	\N	1	\N
6	TC230806	L Th Hng 	2009-03-28	N 	Kinh 	Thanh Ha 	Thanh Ha 	Xun Hng, Th Xun, Thanh Ho	Xun Hng	Th Xun	 Thanh Ha	038309016899	\N	\N	\N	\N	L Vn Thi 	L Th Hnh 	\N	0984619655 B 	f	f	f	f	f	f	f	f	f	Thiu	\N	\N	1	\N
7	TC230807	Hong Th 	2009-01-16	N 	Kinh 	Thanh Ha 	Thanh Ha 	Xun Phong, Th Xun,Thanh Ho	Xun Phong	Th Xun	Thanh Ha	038309028712	\N	\N	\N	\N	Hong Trng Tn 	 Th Xun 	0347156643	\N	f	f	f	f	f	f	f	f	f	Thiu	\N	\N	1	\N
8	TC230808	Hong Minh 	2009-11-12	N 	Kinh 	Thanh Ha 	Thanh Ha 	Ty H, Th Xun, Thanh Ho	Ty H	Th Xun	 Thanh Ha	038309027890	\N	\N	\N	\N	Hong c Dng 	L Th Li 	0326004507	\N	f	f	f	f	f	f	f	f	f	Thiu	\N	\N	1	\N
9	TC230809	Hong Th 	2009-02-08	N 	Kinh 	Thanh Ha 	Thanh Ha 	Xun Phong, Th Xun,Thanh Ho	Xun Phong	Th Xun	Thanh Ha	038309013090	\N	\N	\N	\N	Hong Huy Tht 	Nguyn Th Phng 	0989920494	\N	f	f	f	f	f	f	f	f	f	Thiu	\N	\N	1	\N
10	TC230810	Bi Vn 	2009-02-23	Nam 	Kinh 	Thanh Ha 	Thanh Ha 	Xun Ho,Th Xun,Thanh Ho	Xun Ho	Th Xun	Thanh Ha	038209002860	\N	\N	\N	\N	Bi Vn c	Trnh Th minh 	0396599172	\N	f	f	f	f	f	f	f	f	f	Thiu	\N	\N	1	\N
11	TC230811	H Th Thu 	2009-12-16	N 	Kinh 	Thanh Ha 	Thanh Ha 	Xun Hng, Th Xun,Thanh Ho	Xun Hng	Th Xun	Thanh Ha	038309002432	\N	\N	\N	\N	H Vn Huy 	 Th Hnh	0357508567 	0812538400 M 	f	f	f	f	f	f	f	f	f	Thiu	\N	\N	1	\N
12	TC230812	H Th Thu 	2009-05-15	N 	Kinh 	Thanh Ha 	Thanh Ha 	Xun Hng, Th Xun,Thanh Ho	Xun Hng	Th Xun	Thanh Ha	038309029366	\N	\N	\N	\N	H Vn Qun 	Phm Th Lin 	0983975428 	0842029359 C 	f	f	f	f	f	f	f	f	f	Thiu	\N	\N	1	\N
13	TC230813	Trnh Th Thu 	2009-11-02	N 	Kinh 	Thanh Ha 	Thanh Ha 	Nam Giang, Th Xun,Thanh Ho	Nam Giang	Th Xun	Thanh Ha	038309003833	\N	\N	\N	\N	Trnh Xun S 	L Th Thm 	0899524515	\N	f	f	f	f	f	f	f	f	f	Thiu	\N	\N	1	\N
14	TC230814	Nguyn Th Mai 	2009-05-25	N 	Kinh 	Thanh Ha 	Thanh Ha 	Xun Hng, Th Xun,Thanh Ho	Xun Hng	Th Xun	Thanh Ha	038309029357	\N	\N	\N	\N	Nguyn Vn T 	 Th Thip 	\N	0867734185 M 	f	f	f	f	f	f	f	f	f	Thiu	\N	\N	1	\N
15	TC230815	 Thu 	2009-07-15	N 	Kinh 	Thanh Ha 	Thanh Ha 	Xun Phong, Th Xun,Thanh Ho	Xun Phong	Th Xun	Thanh Ha	038309009332	\N	\N	\N	\N	 Vn Hiu 	Bi Th Hng 	0962587818	\N	f	f	f	f	f	f	f	f	f	Thiu	\N	\N	1	\N
16	TC230816	L Th 	2009-06-17	N 	Kinh 	Thanh Ha 	Thanh Ha 	Nam Giang, Th Xun,Thanh Ho	Nam Giang	Th Xun	Thanh Ha	038309006880	\N	\N	\N	\N	L Quang Quang	Nguyn Th Hnh 	0931379480	0981431841 M 	f	f	f	f	f	f	f	f	f	Thiu	\N	\N	1	\N
17	TC230817	Hong Khnh 	2009-06-09	N 	Kinh 	Thanh Ha 	Thanh Ha 	Xun Hng, Th Xun, Thanh Ho	Xun Hng	Th Xun	 Thanh Ha	038309018182	\N	\N	\N	\N	Hong Vn Tin 	Nguyn Th Lanh 	0386394665 	0976863957 M 	f	f	f	f	f	f	f	f	f	Thiu	\N	\N	1	\N
18	TC230818	L Th 	2009-07-03	N 	Kinh 	Thanh Ha 	Thanh Ha 	Nam Giang, Th Xun,Thanh Ho	Nam Giang	Th Xun	Thanh Ha	038309016358	\N	\N	\N	\N	L Cng Thng 	Trng Th Hnh 	0705490048 	\N	f	f	f	f	f	f	f	f	f	Thiu	\N	\N	1	\N
19	TC230819	Hunh Th  	2009-10-22	N 	Kinh 	Thanh Ha 	Thanh Ha 	Xun Phong, Th Xun,Thanh Ho	Xun Phong	Th Xun	Thanh Ha	038309012472	\N	\N	\N	\N	Hunh Lu Bnh 	L Th Thy 	0389985981	\N	f	f	f	f	f	f	f	f	f	Thiu	\N	\N	1	\N
20	TC230820	Trn Th 	2009-07-23	N 	Kinh 	Thanh Ha 	Thanh Ha 	Nam Giang, Th Xun,Thanh Ho	Nam Giang	Th Xun	Thanh Ha	035309004886	\N	\N	\N	\N	Trn Tin K	L Th Gi 	\N	0334486378 M 	f	f	f	f	f	f	f	f	f	Thiu	\N	\N	1	\N
21	TC230821	Phm Qunh 	2009-09-23	N 	Kinh 	Thanh Ha 	Thanh Ha 	Xun Hng, Th Xun,Thanh Ho	Xun Hng	Th Xun	Thanh Ha	038309017595	\N	\N	\N	\N	Phm nh Tun 	Trng Th Thu 	0358220936	\N	f	f	f	f	f	f	f	f	f	Thiu	\N	\N	1	\N
22	TC230822	 Anh 	2009-07-22	Nam 	Kinh 	Thanh Ha 	Thanh Ha 	Xun Ho,Th Xun,Thanh Ho	Xun Ho	Th Xun	Thanh Ha	038209013424	\N	\N	\N	\N	 Ngc Hi 	Lu Th Ng	\N	0347139536 ON	f	f	f	f	f	f	f	f	f	Thiu	\N	\N	1	\N
23	TC230823	L Th Dim 	2009-06-23	Nam 	Kinh 	Thanh Ha 	Thanh Ha 	Xun Phong, Th Xun,Thanh Ho	Xun Phong	Th Xun	Thanh Ha	038309000449	\N	\N	\N	\N	L Khc Trung 	L Th Hng Tr 	0369371622	\N	f	f	f	f	f	f	f	f	f	Thiu	\N	\N	1	\N
24	TC230824	L Th Cm 	2009-08-20	N 	Kinh 	Thanh Ha 	Thanh Ha 	Xun Phong, Th Xun,Thanh Ho	Xun Phong	Th Xun	Thanh Ha	038309012125	\N	\N	\N	\N	L Khc Hi 	L Th Chung	0366794038	0374312772 B 	f	f	f	f	f	f	f	f	f	Thiu	\N	\N	1	\N
25	TC230825	 Tun 	2009-08-28	Nam 	Kinh 	Thanh Ha 	Thanh Ha 	Xun Ho,Th Xun,Thanh Ho	Xun Ho	Th Xun	Thanh Ha	038209004784	\N	\N	\N	\N	 Ngc Ton 	L Th Ngoan 	0969715827	\N	f	f	f	f	f	f	f	f	f	Thiu	\N	\N	1	\N
26	TC230826	L Vn 	2009-05-22	Nam 	Kinh 	Thanh Ha 	Thanh Ha 	Xun Ho,Th Xun,Thanh Ho	Xun Ho	Th Xun	Thanh Ha	038209026856	\N	\N	\N	\N	L Thanh Tun 	L Th Hnh 	0865180735	\N	f	f	f	f	f	f	f	f	f	Thiu	\N	\N	1	\N
27	TC230827	V Th Thu 	2009-10-30	N 	Kinh 	Thanh Ha 	Thanh Ha 	Xun Hng, Th Xun, Thanh Ho	Xun Hng	Th Xun	 Thanh Ha	038309020009	\N	\N	\N	\N	V Ngc ng 	L Th Phng 	0585913748	 	f	f	f	f	f	f	f	f	f	Thiu	\N	\N	1	\N
28	TC230828	H Th Hng 	2009-10-21	N 	Kinh 	Thanh Ha 	Thanh Ha 	Xun Hng, Th Xun, Thanh Ho	Xun Hng	Th Xun	 Thanh Ha	038309014808	\N	\N	\N	\N	H nh Chung 	L Th Hng	0974975806	\N	f	f	f	f	f	f	f	f	f	Thiu	\N	\N	1	\N
29	TC230829	Nguyn Th 	2009-04-15	N 	Kinh 	Thanh Ha 	Thanh Ha 	Xun Hng, Th Xun,Thanh Ho	Xun Hng	Th Xun	Thanh Ha	038309017047	\N	\N	\N	\N	Nguyn Vn Thanh 	Bi Th Thu 	0382651536	\N	f	f	f	f	f	f	f	f	f	Thiu	\N	\N	1	\N
183	TC58	Nguyn Vn Trng	2007-10-17	Nam	Kinh	H Ni	H Ni	Phc Ho, Phc Th, H Ni	Phc Ho	Phc Th	H Ni	001207093557	\N	\N	\N	\N	\N	\N	0975031184\n	\N	f	f	t	f	f	f	f	f	f	Thiu	\N	\N	1	\N
30	TC230830	Phm Th Anh 	2009-04-15	N 	Kinh 	Thanh Ha 	Thanh Ha 	Nam Giang, Th Xun,Thanh Ho	Nam Giang	Th Xun	Thanh Ha	038309026675	\N	\N	\N	\N	Phm Hu Cng 	Phm Th Lan 	\N	0899635587 M 	f	f	f	f	f	f	f	f	f	Thiu	\N	\N	1	\N
31	TC230831	 Hi 	2009-10-01	N 	Kinh 	Thanh Ha 	Thanh Ha 	Xun Hng, Th Xun, Thanh Ho	Xun Hng	Th Xun	 Thanh Ha	038309011261	\N	\N	\N	\N	 Vn Chung 	L Th Loan	\N	0339991455 M	f	f	f	f	f	f	f	f	f	Thiu	\N	\N	1	\N
32	=COUNTA($A$2:A35)	Nguyn Quang Anh	2006-08-05	Nam	Kinh	\N	\N	, Phc Th, H Ni	\N	Phc Th	H Ni	\N	\N	\N	\N	\N	\N	\N	0946239886	\N	f	f	f	f	f	f	f	f	f	Thiu	\N	\N	1	\N
33	=COUNTA($A$2:A36)	Nguyn Tin Cng	2007-01-13	Nam	Kinh	H Ni	H Ni	Li Thng, Thch Tht, H Ni	Li Thng	Thch Tht	H Ni	001207001883	\N	\N	\N	\N	\N	\N		\N	f	f	t	f	f	t	f	f	f	Thiu	\N	\N	1	\N
34	=COUNTA($A$2:A37)	Kiu Vn Cng	2007-04-28	Nam	Kinh	H Ni	H Ni	Trch M Lc, Phc Th, H Ni	Trch M Lc	Phc Th	H Ni	001207022498	\N	\N	\N	\N	\N	\N	0365183451	\N	f	f	t	f	f	f	f	f	f	Thiu	\N	\N	1	\N
35	=COUNTA($A$2:A38)	Nguyn Mnh Cng	2007-05-04	Nam	Kinh	H Ni	H Ni	C ng, Sn Ty, H Ni	C ng	Sn Ty	H Ni	001207046427	\N	\N	\N	\N	\N	\N	\N	\N	f	f	t	f	f	f	f	f	f	Thiu	\N	\N	1	\N
36	=COUNTA($A$2:A39)	Nguyn Thnh t	2007-09-15	Nam	Kinh	H Ni	H Ni	C ng, Sn Ty, H Ni	C ng	Sn Ty	H Ni	001207037948	\N	\N	\N	\N	\N	\N	\N	\N	f	f	t	f	f	f	f	f	f	Thiu	\N	\N	1	\N
37	=COUNTA($A$2:A40)	Nguyn Tin t	2007-12-17	Nam	Kinh	H Ni	H Ni	Th trn Phc Th, Phc Th, H Ni	Th trn Phc Th	Phc Th	H Ni	001207037534	\N	\N	\N	\N	\N	\N	0362952090      	\N	f	f	t	f	f	f	f	f	f	Thiu	\N	\N	1	\N
38	=COUNTA($A$2:A41)	Cao Phng ng	2007-09-28	Nam	Kinh	H Ni	H Ni	Trch M Lc, Phc Th, H Ni	Trch M Lc	Phc Th	H Ni	001207016297	\N	\N	\N	\N	\N	\N	0374782915	\N	f	f	t	f	f	f	f	f	f	Thiu	\N	\N	1	\N
39	=COUNTA($A$2:A42)	Kiu Vn ng	2006-12-25	Nam 	Kinh	\N	\N	, Phc Th, H Ni	\N	Phc Th	H Ni	\N	\N	\N	\N	\N	\N	\N	0365730514	\N	f	f	t	f	f	f	f	f	f	Thiu	\N	\N	1	\N
40	=COUNTA($A$2:A43)	Nguyn Minh c	2007-10-31	Nam	Kinh	H Ni	H Ni	C ng, Sn Ty, H Ni	C ng	Sn Ty	H Ni	001207035772	\N	\N	\N	\N	\N	\N	0987896520	\N	f	f	t	f	f	f	f	f	f	Thiu	\N	\N	1	\N
41	=COUNTA($A$2:A44)	Bi Th Hng Giang	2007-01-14	N	Kinh	H Ni	H Ni	Th Lc, Phc Th, H Ni	Th Lc	Phc Th	H Ni	001307032199	\N	\N	\N	\N	\N	\N	0395611237	\N	f	f	t	f	f	f	f	f	f	Thiu	\N	\N	1	\N
42	=COUNTA($A$2:A45)	Dng Cng Huy	2007-10-13	Nam	Kinh	H Ni	H Ni	Phng Thng, Phc Th, H Ni	Phng Thng	Phc Th	H Ni	001207045694	\N	\N	\N	\N	\N	\N	0342469172	\N	f	f	t	f	f	f	f	f	f	Thiu	\N	\N	1	\N
43	=COUNTA($A$2:A46)	Khut Hu Khnh	2007-08-04	Nam	Kinh	H Ni	H Ni	Th Lc, Phc Th, H Ni	Th Lc	Phc Th	H Ni	001207014126	\N	\N	\N	\N	\N	\N	0355823240	\N	f	f	t	f	f	f	f	f	f	Thiu	\N	\N	1	\N
44	=COUNTA($A$2:A47)	Nguyn Hu Khnh	2007-12-11	Nam	Kinh	H Ni	H Ni	Tch Giang, Phc Th, H Ni	Tch Giang	Phc Th	H Ni	001207012406	\N	\N	\N	\N	\N	\N	0358216843	\N	f	f	t	f	f	f	f	f	f	Thiu	\N	\N	1	\N
45	=COUNTA($A$2:A48)	Nguyn Nam Khnh	2007-03-11	Nam	Kinh	H Ni	H Ni	Li Thng, Thch Tht, H Ni	Li Thng	Thch Tht	H Ni	001207008455	\N	\N	\N	\N	\N	\N	0375011501	\N	f	f	t	f	f	t	f	f	f	Thiu	\N	\N	1	\N
46	=COUNTA($A$2:A49)	Kiu Vnh Lc	2007-09-14	Nam	Kinh	\N	\N	, Phc Th, H Ni	\N	Phc Th	H Ni	\N	\N	\N	\N	\N	\N	\N	0368066856	\N	f	f	t	f	f	f	f	f	f	Thiu	\N	\N	1	\N
47	=COUNTA($A$2:A50)	Nguyn Duy Nht	2007-01-01	Nam	Kinh	H Ni	H Ni	Th Lc, Phc Th, H Ni	Th Lc	Phc Th	H Ni	001207003177	\N	\N	\N	\N	\N	\N	0329738931	\N	f	f	t	f	f	f	f	f	f	Thiu	\N	\N	1	\N
48	=COUNTA($A$2:A51)	Nghim Hng Qun	2007-10-13	Nam	Kinh	H Ni	H Ni	Th Lc, Phc Th, H Ni	Th Lc	Phc Th	H Ni	001207093663	\N	\N	\N	\N	\N	\N	0387045374	\N	f	f	t	f	f	f	f	f	f	Thiu	\N	\N	1	\N
49	=COUNTA($A$2:A52)	Nguyn Vit Qun	2007-12-22	Nam	Kinh	H Ni	H Ni	Tch Giang, Phc Th, H Ni	Tch Giang	Phc Th	H Ni	001207044942	\N	\N	\N	\N	\N	\N	0966086806\n0966828886	\N	f	f	t	f	f	f	f	f	f	Thiu	\N	\N	1	\N
50	=COUNTA($A$2:A53)	H Xun Thnh	2007-04-07	Nam	Kinh	H Ni	H Ni	Tch Giang, Phc Th, H Ni	Tch Giang	Phc Th	H Ni	001207052036	\N	\N	\N	\N	\N	\N	0979425728\n0983144496	\N	f	f	t	f	f	f	f	f	f	Thiu	\N	\N	1	\N
51	=COUNTA($A$2:A54)	Nguyn Tin Thnh	2007-11-09	Nam	Kinh	H Ni	H Ni	Trch M Lc, Phc Th, H Ni	Trch M Lc	Phc Th	H Ni	001207040014	\N	\N	\N	\N	\N	\N	0375449957\n0968963468	\N	f	f	f	f	f	f	f	f	f	Thiu	\N	\N	1	\N
52	=COUNTA($A$2:A55)	Nguyn Hu Thnh	2007-11-14	Nam	Kinh	H Ni	H Ni	Hip Thun, Phc Th, H Ni	Hip Thun	Phc Th	H Ni	001207060081	\N	\N	\N	\N	\N	\N	0865938571\n0972321094	\N	f	f	t	f	f	f	f	f	f	Thiu	\N	\N	1	\N
53	=COUNTA($A$2:A56)	V Th Hoi Thu	2007-09-21	N	Kinh	H Ni	H Ni	Th Lc, Phc Th, H Ni	Th Lc	Phc Th	H Ni	001307019246	\N	\N	\N	\N	\N	\N	0385648296\n0352198274	\N	f	f	t	f	f	f	f	f	f	Thiu	\N	\N	1	\N
54	=COUNTA($A$2:A57)	Khut Hng Tin	2007-04-01	Nam	Kinh	H Ni	H Ni	Th Lc, Phc Th, H Ni	Th Lc	Phc Th	H Ni	001207033018	\N	\N	\N	\N	\N	\N	0984231791\n0356407137	\N	f	f	t	f	f	f	f	f	f	Thiu	\N	\N	1	\N
55	=COUNTA($A$2:A58)	Nguyn nh Trin	2007-10-24	Nam	Kinh	H Ni	H Ni	Th Lc, Phc Th, H Ni	Th Lc	Phc Th	H Ni	001207022032	\N	\N	\N	\N	\N	\N	0385840818\n	\N	f	f	t	f	f	f	f	f	f	Thiu	\N	\N	1	\N
56	=COUNTA($A$2:A59)	Nguyn Vn Trng	2007-12-12	Nam	Kinh	H Ni	H Ni	Phc Ho, Phc Th, H Ni	Phc Ho	Phc Th	H Ni	001207093557	\N	\N	\N	\N	\N	\N	0975031184\n	\N	f	f	t	f	f	f	f	f	f	Thiu	\N	\N	1	\N
57	=COUNTA($A$2:A60)	Nguyn Thanh Tng	2007-07-10	Nam	Kinh	H Ni	H Ni	Phc Ho, Phc Th, H Ni	Phc Ho	Phc Th	H Ni	001207049693	\N	\N	\N	\N	\N	\N	0976746706\n	\N	f	f	t	f	f	f	f	f	f	Thiu	\N	\N	1	\N
58	=COUNTA($A$2:A61)	Nguyn Th Ti	2007-11-05	N	Kinh	Thanh Ha	Thanh Ha	Qung Hi, Qung Xng, Thanh Ho	Qung Hi	Qung Xng	Thanh Ho	038307004221	\N	\N	\N	\N	\N	\N	0962257826\n	\N	f	f	t	f	f	t	f	f	f	Thiu	\N	\N	1	\N
59	=COUNTA($A$2:A62)	V Xun Minh	2007-01-13	Nam	Kinh	\N	\N	, Phc Th, H Ni	\N	Phc Th	H Ni	\N	\N	\N	\N	\N	\N	\N	\N	\N	f	f	f	f	f	f	f	f	f	Thiu	Q s 277/Q-CN&KTN ngy 18/5/2023	\N	1	\N
60	=COUNTA($A$2:A63)	Nguyn Ngc Tin	2007-05-10	Nam	Kinh	H Ni	H Ni	C ng, Sn Ty, H Ni	C ng	Sn Ty	H Ni	001207017630	\N	\N	\N	\N	\N	\N	\N	\N	f	f	t	f	f	t	f	f	f	Thiu	Q s 632/Q-CN&KTN ngy 31/5/2024	\N	1	\N
61	=COUNTA($A$2:A64)	Khut Duy Hong Anh	2007-10-16	Nam	Kinh	H Ni	H Ni	Trch M Lc, Phc Th, H Ni	Trch M Lc	Phc Th	H Ni	001207016758	\N	\N	\N	\N	Khut Duy T           	Nguyn Th Xun	0979895633\n0971731105	\N	f	f	t	f	t	f	t	f	f	Thiu	\N	\N	1	\N
62	=COUNTA($A$2:A65)	Nguyn Th Hng Anh	2007-05-09	N	Kinh	H Ni	H Ni	Trch M Lc, Phc Th, H Ni	Trch M Lc	Phc Th	H Ni	001307008670	\N	\N	\N	\N	Nguyn Vn Dng  	NgKiu Th Thu Hng	0332093815	\N	f	f	t	f	t	f	t	f	f	Thiu	\N	\N	1	\N
63	=COUNTA($A$2:A66)	Nguyn Th Lan Anh	2007-12-06	N	Kinh	H Ni	H Ni	Tch Giang, Phc Th, H Ni	Tch Giang	Phc Th	H Ni	001307042510	\N	\N	\N	\N	Nguyn Hu Sng   	 Khut Th Hng	0985370140\n0393008202	\N	f	f	t	f	t	f	t	f	f	Thiu	\N	\N	1	\N
64	=COUNTA($A$2:A67)	Nguyn Th Phng Anh	2007-07-12	N	Kinh	H Ni	H Ni	Trch M Lc, Phc Th, H Ni	Trch M Lc	Phc Th	H Ni	001307022152	\N	\N	\N	\N	Nguyn nh Tun     	 Kiu Th Tuyn	0389256597 0397801466	\N	f	f	t	f	t	f	t	f	f	Thiu	\N	\N	1	\N
65	=COUNTA($A$2:A68)	V Vit Anh	2007-04-05	Nam	Kinh	H Ni	H Ni	Trch M Lc, Phc Th, H Ni	Trch M Lc	Phc Th	H Ni	001207030052	\N	\N	\N	\N	V Vn Chin         	Khut Th Su	0325805640\n0395935192	\N	f	f	t	f	t	f	t	f	f	Thiu	\N	\N	1	\N
66	=COUNTA($A$2:A69)	Hong Th Ngc nh	2007-09-06	N	Kinh	H Ni	H Ni	Phng Thng, Phc Th, H Ni	Phng Thng	Phc Th	H Ni	001307030736	\N	\N	\N	\N	Hong Vn Lc  	Phng Th Phng	0961713047\n0912736466	\N	f	f	t	f	t	f	t	f	f	Thiu	\N	\N	1	\N
67	=COUNTA($A$2:A70)	T Khnh Bng	2007-12-23	N	Kinh	H Ni	H Ni	Th trn Phc Th, Phc Th, H Ni	Th trn Phc Th	Phc Th	H Ni	001307033224	\N	\N	\N	\N	T Thanh V     	Khut Th Loan	0974270080\n	\N	f	f	t	f	t	f	f	f	f	Thiu	\N	\N	1	\N
68	=COUNTA($A$2:A71)	 Thu Dim	2007-11-15	N	Kinh	H Ni	H Ni	Ngc To, Phc Th, H Ni	Ngc To	Phc Th	H Ni	001307016828	\N	\N	\N	\N	 Vn Khnh  	 Th Hng	0961824966 0981330812	\N	f	f	t	f	t	f	t	f	f	Thiu	\N	\N	1	\N
69	=COUNTA($A$2:A72)	Khut Qunh Giang	2007-04-19	N	Kinh	H Ni	H Ni	Phc Ho, Phc Th, H Ni	Phc Ho	Phc Th	H Ni	001307023981	\N	\N	\N	\N	Khut Duy nh  	 Nguyn Th Hi Yn	0374803828	\N	f	f	t	f	t	f	t	f	f	Thiu	\N	\N	1	\N
70	=COUNTA($A$2:A73)	Nguyn Hng Giang	2007-07-11	N	Kinh	H Ni	H Ni	Phc Ho, Phc Th, H Ni	Phc Ho	Phc Th	H Ni	001307005720	\N	\N	\N	\N	Nguyn Vn Thng 	Nguyn Th Nga	0989596874	\N	f	f	t	f	t	f	t	f	f	Thiu	\N	\N	1	\N
71	=COUNTA($A$2:A74)	inh Th Minh Hng	2007-08-30	N	Kinh	H Ni	H Ni	Th trn Phc Th, Phc Th, H Ni	Th trn Phc Th	Phc Th	H Ni	001307011038	\N	\N	\N	\N	inh Cng Cng 	Nguyn Th Nng	0966606498	\N	f	f	t	f	t	f	t	f	f	Thiu	\N	\N	1	\N
72	=COUNTA($A$2:A75)	Trn Thanh Hin	2007-06-24	N	Kinh	H Ni	H Ni	Phng Thng, Phc Th, H Ni	Phng Thng	Phc Th	H Ni	001307033775	\N	\N	\N	\N	Trn Duy Trinh   	 Dng Th Mai	0355396935	\N	f	f	t	f	t	f	t	f	f	Thiu	\N	\N	1	\N
73	=COUNTA($A$2:A76)	Dng Cng Hiu	2007-12-28	Nam	Kinh	H Ni	H Ni	Phng Thng, Phc Th, H Ni	Phng Thng	Phc Th	H Ni	001207054819	\N	\N	\N	\N	Dng Vn Thc	Hong Th Hn	0979221833	\N	f	f	t	f	t	f	t	f	f	Thiu	\N	\N	1	\N
74	=COUNTA($A$2:A77)	Khut Vit Hong	2007-10-28	Nam	Kinh	H Ni	H Ni	Phc Ho, Phc Th, H Ni	Phc Ho	Phc Th	H Ni	001207013797	\N	\N	\N	\N	Khut Duy Mnh 	 Nguyn Th Hng	0348964516	\N	f	f	t	f	t	f	f	f	f	Thiu	\N	\N	1	\N
75	=COUNTA($A$2:A78)	Hong Vn Hun	2007-12-07	Nam	Kinh	H Ni	H Ni	Trch M Lc, Phc Th, H Ni	Trch M Lc	Phc Th	H Ni	001207009472	\N	\N	\N	\N	Hong Vn Ho  	 V Th Nhn	0342781946	\N	f	f	t	f	t	f	t	f	f	Thiu	\N	\N	1	\N
76	=COUNTA($A$2:A79)	Nguyn Vit Huy	2007-04-19	Nam	Kinh	H Ni	H Ni	Trch M Lc, Phc Th, H Ni	Trch M Lc	Phc Th	H Ni	001207008717	\N	\N	\N	\N	Nguyn Vn Dng 	Nguyn Th N	0368723270 0353450841	\N	f	f	t	f	t	f	t	f	f	Thiu	\N	\N	1	\N
77	=COUNTA($A$2:A80)	Khut nh Huyn	2007-01-19	N	Kinh	H Ni	H Ni	Th trn Phc Th, Phc Th, H Ni	Th trn Phc Th	Phc Th	H Ni	\N	\N	\N	\N	\N	Khut Khc Ton  	Khut Th Tho	0394529185	\N	f	f	f	f	t	f	t	f	f	Thiu	\N	\N	1	\N
78	=COUNTA($A$2:A81)	Hong Ngc Khnh	2007-03-06	Nam	Kinh	H Ni	H Ni	Phng Thng, Phc Th, H Ni	Phng Thng	Phc Th	H Ni	001207046740	\N	\N	\N	\N	Hong Quang Chin	\N	0342469460 0367560122	\N	f	f	f	f	t	f	f	f	f	Thiu	\N	\N	1	\N
79	=COUNTA($A$2:A82)	Dng ng Khoa	2007-10-20	Nam	Kinh	H Ni	H Ni	Ngc To, Phc Th, H Ni	Ngc To	Phc Th	H Ni	001207021494	\N	\N	\N	\N	Dng Vn Th 	Nguyn Th Sm	0979636176	\N	f	f	t	f	t	f	t	f	f	Thiu	\N	\N	1	\N
80	=COUNTA($A$2:A83)	Nguyn Ngc Linh	2007-11-06	N	Kinh	H Ni	H Ni	Th trn Phc Th, Phc Th, H Ni	Th trn Phc Th	Phc Th	H Ni	001307033270	\N	\N	\N	\N	Nguyn Vn c 	inh Th Anh	0975511729	\N	f	f	t	f	t	f	t	f	f	Thiu	\N	\N	1	\N
81	=COUNTA($A$2:A84)	H Vn Mnh	2002-01-13	Nam	Kinh	H Ni	H Ni	Th trn Phc Th, Phc Th, H Ni	Th trn Phc Th	Phc Th	H Ni	001202038313	\N	\N	\N	\N	H Quc Lun	T Th Thm                  	0965359302	\N	f	f	f	f	t	f	t	f	f	Thiu	\N	\N	1	\N
82	=COUNTA($A$2:A85)	Khut Th Tr My	2007-04-13	N	Kinh	H Ni	H Ni	Trch M Lc, Phc Th, H Ni	Trch M Lc	Phc Th	H Ni	001307029041	\N	\N	\N	\N	Khut Duy i  	             Nguyn Th Hiu	0865269330 0325755730	\N	f	f	t	f	t	f	t	f	f	Thiu	\N	\N	1	\N
83	=COUNTA($A$2:A86)	Nguyn Th Huyn My	2007-12-05	N	Kinh	H Ni	H Ni	Ngc To, Phc Th, H Ni	Ngc To	Phc Th	H Ni	001307036113	\N	\N	\N	\N	Nguyn Thnh Trang	Khut Th Thanh Huyn 	0978949036	\N	f	f	t	f	t	f	t	f	f	Thiu	\N	\N	1	\N
84	=COUNTA($A$2:A87)	Khut Th Nga	2007-08-30	N	Kinh	H Ni	H Ni	Phc Ho, Phc Th, H Ni	Phc Ho	Phc Th	H Ni	001307039768	\N	\N	\N	\N	Khut Ph Lng 	Nguyn Th H	0395286433	\N	f	f	t	f	t	f	t	f	f	Thiu	\N	\N	1	\N
85	=COUNTA($A$2:A88)	Trn Th Hi Ngha	2007-09-25	N	Kinh	H Ni	H Ni	An Ph, M c, H Ni	An Ph	M c	H Ni	001307006305	\N	\N	\N	\N	Trn Vn Uy            	Bch Th S	0376598809	\N	f	f	t	f	t	f	t	f	f	Thiu	\N	\N	1	\N
86	=COUNTA($A$2:A89)	Nguyn Th Minh Nguyt	2007-07-11	N	Kinh	H Ni	H Ni	Th Lc, Phc Th, H Ni	Th Lc	Phc Th	H Ni	001307041607	\N	\N	\N	\N	Nguyn nh T   	Nguyn Th H	0815229583	\N	f	f	f	f	t	f	t	f	f	Thiu	\N	\N	1	\N
87	=COUNTA($A$2:A90)	Nguyn Th Tuyt Nhi	2007-10-19	N	Kinh	H Ni	H Ni	Trch M Lc, Phc Th, H Ni	Trch M Lc	Phc Th	H Ni	001307051594	\N	\N	\N	\N	Nguyn Xun Ting 	Nguyn Th Vn	0335646595	\N	f	f	t	f	t	f	t	f	f	Thiu	\N	\N	1	\N
88	=COUNTA($A$2:A91)	V c Pht	2007-08-08	Nam	Kinh	H Ni	H Ni	Th Lc, Phc Th, H Ni	Th Lc	Phc Th	H Ni	001207032814	\N	\N	\N	\N	V c Qun          	Kiu Th Ngn	0377221318	\N	f	f	t	f	t	f	t	f	f	Thiu	\N	\N	1	\N
89	=COUNTA($A$2:A92)	 Minh Quang	2007-11-22	Nam	Kinh	H Ni	H Ni	Ngc To, Phc Th, H Ni	Ngc To	Phc Th	H Ni	001207011458	\N	\N	\N	\N	 Xun Trng     	Nguyn Th Chc	0978782908	\N	f	f	t	f	t	f	t	f	f	Thiu	\N	\N	1	\N
90	=COUNTA($A$2:A93)	m Th Qunh	2007-10-03	N	Kinh	H Ni	H Ni	Phc Ho, Phc Th, H Ni	Phc Ho	Phc Th	H Ni	001307017864	\N	\N	\N	\N	m Vn ng       	Nguyn Th Sinh	036621805 0396159328	\N	f	f	t	f	t	f	t	f	f	Thiu	\N	\N	1	\N
91	=COUNTA($A$2:A94)	Nguyn Anh Ti	2007-03-09	Nam	Kinh	H Ni	H Ni	Phng Thng, Phc Th, H Ni	Phng Thng	Phc Th	H Ni	001207006837	\N	\N	\N	\N	Nguyn Khnh Tng	 Th Mai	0387687528	\N	f	f	t	f	t	f	t	f	f	Thiu	\N	\N	1	\N
92	=COUNTA($A$2:A95)	Nguyn Minh Tm	2006-04-09	Nam	Kinh	H Ni	H Ni	Trch M Lc, Phc Th, H Ni	Trch M Lc	Phc Th	H Ni	001206027259	\N	\N	\N	\N	Nguyn nh Tut       	V Th Thy	0984734399	\N	f	f	t	f	t	f	t	f	f	Thiu	\N	\N	1	\N
93	=COUNTA($A$2:A96)	Nguyn Th Thy	2007-05-07	N	Kinh	H Ni	H Ni	Th trn Phc Th, Phc Th, H Ni	Th trn Phc Th	Phc Th	H Ni	001307009225	\N	\N	\N	\N	Nguyn Vn Minh 	Khut Th Hoa	0358876528	\N	f	f	t	f	t	f	t	f	f	Thiu	\N	\N	1	\N
94	=COUNTA($A$2:A97)	Hong Xun Trng	2007-10-17	Nam	Kinh	H Ni	Tuyn Quang	Trch M Lc, Phc Th, H Ni	Trch M Lc	Phc Th	H Ni	0082707003677	\N	\N	\N	\N	Hong Trung Dng	V Th Ha          	0981700306 0373982007	\N	f	f	t	f	t	f	t	f	f	Thiu	\N	\N	1	\N
95	=COUNTA($A$2:A98)	Nguyn B T	2007-11-15	Nam	Kinh	H Ni	H Ni	Th Lc, Phc Th, H Ni	Th Lc	Phc Th	H Ni	001207053034	\N	\N	\N	\N	Nguyn B Tun	Nguyn Th Thu	0356571402	\N	f	f	t	f	t	f	t	f	f	Thiu	\N	\N	1	\N
96	=COUNTA($A$2:A99)	Nguyn Vn T	2007-05-25	Nam	Kinh	H Ni	H Ni	C ng, th x Sn Ty, H Ni	C ng	th x Sn Ty	H Ni	001207040982	\N	\N	\N	\N	Nguyn Vn Anh	Nguyn Th Thanh	0373206943 0353872336	\N	f	f	t	f	t	f	t	f	f	Thiu	\N	\N	1	\N
97	=COUNTA($A$2:A100)	Khut nh Vit	2007-02-10	Nam	Kinh	H Ni	\N	Tch Giang, Phc Th, H Ni	Tch Giang	Phc Th	H Ni	\N	\N	\N	\N	\N	Nguyn Th Thu	Nguyn Th Thu	0383531405	\N	f	f	f	f	t	f	f	f	f	Thiu	\N	\N	1	\N
98	=COUNTA($A$2:A101)	Nguyn Th Vinh	2007-06-14	Nam	Kinh	H Ni	H Ni	Phng Thng, Phc Th, H Ni	Phng Thng	Phc Th	H Ni	001207028619	\N	\N	\N	\N	Nguyn Xun Cnh 	Dng Th Hng	0961232946 0375529763	\N	f	f	t	f	t	f	t	f	f	Thiu	\N	\N	1	\N
99	=COUNTA($A$2:A102)	V Cng t	2007-06-25	\N	Kinh	\N	\N	Trch M Lc, Phc Th, 	Trch M Lc	Phc Th	H Ni	\N	\N	\N	\N	\N	\N	\N	\N	\N	f	f	f	f	f	f	f	f	f	Thiu	\N	\N	1	\N
100	=COUNTA($A$2:A103)	Khut Huy Hong	2005-09-05	Nam	Kinh	\N	\N	Trch M Lc, Phc Th, 	Trch M Lc	Phc Th	H Ni	001205031477	\N	\N	\N	\N	\N	\N	986249094	\N	f	f	t	f	t	f	t	f	f	Thiu	\N	\N	1	\N
102	=COUNTA($A$2:A105)	Hong Ph Quang	2006-10-09	\N	Kinh	\N	\N	Trch M Lc, Phc Th, H Ni	Trch M Lc	Phc Th	H Ni	\N	\N	\N	\N	\N	\N	\N	\N	\N	f	f	f	f	f	f	f	f	f	Thiu	\N	\N	1	\N
103	=COUNTA($A$2:A106)	Khut Duy Qu	2007-12-29	\N	Kinh	\N	\N	Trch M Lc, Phc Th, H Ni	Trch M Lc	Phc Th	H Ni	\N	\N	\N	\N	\N	\N	\N	\N	\N	f	f	f	f	f	f	f	f	f	Thiu	\N	\N	1	\N
116	=COUNTA($A$2:A108)	Phm Th Minh Bin	2007-01-02	N	Kinh	Nam nh	Nam nh	Trc i, Trc Ninh, Nam nh	Trc i 	Trc Ninh	Nam nh	036307004151	\N	\N	\N	\N	Phm Vn ng\n	\nPhm Th Nhn	09887694863	\N	t	t	f	f	t	t	t	t	f	Thiu	\N	\N	1	\N
101	=COUNTA($A$2:A104)	V Tun Phong	2007-11-16	Nam	Kinh	\N	\N	Trch M Lc, Phc Th, H Ni	Trch M Lc	Phc Th	H Ni	\N	\N	\N	\N	\N	\N	\N	\N	\N	f	f	f	f	f	f	f	f	f	Thiu		\N	1	\N
104	=COUNTA($A$2:A2)	L c  Anh	2007-09-27	Nam	Kinh	H Ni 	H Ni 	Phc ng - Long Bin - H Ni 	Phc ng	Long Bin	H Ni 	001207024032	\N	\N	\N	\N	L Xun M\n	\nNguyn Hng Nguyt	0912868142/\n0327302911	\N	t	t	f	t	t	t	t	t	f	Thiu	\N	\N	1	\N
105	=COUNTA($A$2:A3)	Nguyn nh  Giang	2007-10-04	Nam	Kinh	H Ni 	H Ni 	Phc ng - Long Bin - H Ni	Phc ng	Long Bin	H Ni 	001207005655	\N	\N	\N	\N	Nguyn nh Ha	\no Th Thu 	0369014305/\n0325539050	\N	t	t	f	t	t	t	t	t	f	Thiu	\N	\N	1	\N
106	=COUNTA($A$2:A4)	L Thu  H	2007-12-17	N 	Kinh	H Ni 	H Ni 	Vit Hng - Long Bin - H Ni	Vit Hng	Long Bin	H Ni 	001307013071	\N	\N	\N	\N	L Vn Huyn	\nNguyn Th Chi 	03891347367/\n0335417709	\N	t	t	f	t	t	t	t	t	f	Thiu	\N	\N	1	\N
107	=COUNTA($A$2:A5)	Phm Hng  H	2007-08-02	N 	Kinh	H Ni 	H Ni 	Ngc Lm - Long Bin - H Ni	Ngc Lm	Long Bin	H Ni 	001307047270	\N	\N	\N	\N	Phm Huy Cng\n 	 \nNguyn Kim Oanh 	0973746388/\n0359058965	\N	t	t	f	t	f	t	t	t	f	Thiu	\N	\N	1	\N
108	=COUNTA($A$2:A6)	Nguyn Ngc  Hi	2007-12-13	Nam	Kinh	H Ni 	H Ni 	c Giang - Long Bin - H Ni	c Giang	Long Bin	H Ni 	001207054296	\N	\N	\N	\N	Nguyn Vn Chinh 	\nL Th Vn 	0912288792/\n0339072795	\N	t	t	t	t	t	t	t	t	f	Thiu	\N	\N	1	\N
109	=COUNTA($A$2:A7)	Hong Ngc  Hin	2007-06-03	Nam	Kinh	Thi Bnh 	Thi Bnh 	Nam Bnh - Kin Xng- Thi Bnh	Nam Bnh	Kin Xng	Thi Bnh	034207006104	\N	\N	\N	\N	Hong Tin Dng	\nNguyn Th Thn	0374662571	\N	t	t	f	t	t	t	t	t	f	Thiu	\N	\N	1	\N
110	=COUNTA($A$2:A8)	Trng Tun  Huy	2001-05-05	Nam	Kinh	H Ni 	Hi Dng 	Liu Giai - Ba nh - H Ni	Liu Giai	Ba nh	H Ni 	001201011205	\N	\N	\N	\N	Trng Tun Anh 	\nNguyn Th Luyn 	0384854098\n	\N	t	t	t	f	t	t	t	t	f	Thiu	\N	\N	1	\N
111	=COUNTA($A$2:A9)	Ng Tun  Khang	2007-12-15	Nam	Kinh	H Ni 	H Ni 	Phc Li - Long Bin - H Ni	Phc Li	Long Bin	H Ni 	001207052722	\N	\N	\N	\N	Ng Xun Minh 	\nNguyn Th Hng 	\N	\N	t	t	t	f	t	t	t	t	f	Thiu	\N	\N	1	\N
112	=COUNTA($A$2:A10)	inh L An  Khanh	2007-08-23	N 	Kinh	H Ni 	Ph Th 	Ngc Thy - Long Bin - H Ni	Ngc Thy	Long Bin	H Ni 	001307024968	\N	\N	\N	\N	inh Xun Thy	\nL Th Ngc Bch 	096394958\n0969085873	\N	t	t	f	t	t	t	t	t	f	Thiu	\N	\N	1	\N
113	=COUNTA($A$2:A11)	Nguyn Nam  Khnh	2007-10-06	Nam	Kinh	H Ni 	Nam nh 	Ngc Thy - Long Bin - H Ni	Ngc Thy	Long Bin	H Ni 	001207035607	\N	\N	\N	\N	Nguyn Vn Nam 	\nHong Giang Oanh 	0943951969/\n0335129798	\N	t	t	t	t	t	t	t	t	f	Thiu	\N	\N	1	\N
114	=COUNTA($A$2:A12)	Trn Quc  Khnh	2007-08-31	Nam	Kinh	H Ni 	Vnh Phc 	B  - Long Bin - H Ni	B 	Long Bin	H Ni 	001207094607	\N	\N	\N	\N	Trn Giang Nam	\nL Thu Huyn 	0332946955/\n0373390407	\N	t	t	t	t	t	t	t	t	f	Thiu	\N	\N	1	\N
115	=COUNTA($A$2:A107)	H Qunh  Anh	2006-07-21	N	Kinh	H Ni	Ngh An	 ch Da - ng a - HN	 Ch Da	ng a	H Ni	001306016281	\N	\N	\N	\N	H Khnh Ton\n	\nNguyn Th Thanh Thu	0888224850	\N	t	f	t	f	t	t	t	t	f	Thiu	\N	\N	1	\N
117	=COUNTA($A$2:A109)	Chu Thy Dng	2007-12-03	N	Kinh	H Ni	Hng Yn	Khng Trung, Thanh Xun, H Ni	Khng Trung	Thanh Xun	H Ni	001307057996	\N	\N	\N	\N	Chu Mnh Tng\n	\n Th Thy	0901725668/\n0868218079	\N	t	t	f	f	f	t	t	t	f	Thiu	\N	\N	1	\N
118	=COUNTA($A$2:A110)	 Phc  Hng	2007-02-09	Nam	Kinh	H Ni	Hi Phng	Quc T Gim, ng a, H Ni	Quc T Gim	ng a	H Ni	001207040209	\N	\N	\N	\N	 Thi Bo\n	\nV Th T Uyn	0914603626\n0966051954	\N	t	t	f	f	t	t	t	t	f	Thiu	\N	\N	1	\N
119	=COUNTA($A$2:A111)	Nguyn Tin Thnh	2007-07-16	Nam	Kinh	H Ni	H Ni	Chng Dng, Hon Kim, H Ni	Chng Dng	Hon Kim	H Ni	001207010924	\N	\N	\N	\N	Nguyn Vn Hong\n	\n Nguyn Th Kim Oanh	0964868174	\N	t	t	t	f	t	t	t	f	f	Thiu	\N	\N	1	\N
120	=COUNTA($A$2:A112)	Nguyn nh  Khnh	2001-12-14	Nam	Kinh	Hi Dng	Hi Dng	Thng Nht, Gia Lc, Hi Dng	Thng Nht	Gia Lc	Hi Dng	030201006696	\N	\N	\N	\N	Nguyn nh Tranh\n 	\n Phm Th Xuyn	0344496777	\N	t	f	t	f	t	t	t	t	f	Thiu	\N	\N	1	\N
121	=COUNTA($A$2:A114)	Hong Vn Anh	2005-02-01	\N	\N	\N	\N	Vnh Hng, Hong Mai, H Ni	Vnh Hng	Hong Mai	H Ni	\N	\N	\N	\N	\N	Hong Th Thnh\n	\nNguyn Minh Tin	0971835589	\N	f	f	f	f	f	f	f	f	f	Thiu	Ngh hc khng c Q \nCha thu k no	\N	1	\N
122	=COUNTA($A$2:A115)	Nguyn Hng  Anh	2007-04-16	\N	\N	\N	\N	Dch Vng Hu - Cu Giy - H Ni	Dch Vng Hu	Cu Giy	H Ni	\N	\N	\N	\N	\N	Nguyn Nam Ton\n	\nng Bch Hnh	0902252229	\N	f	f	f	f	f	f	f	f	f	Thiu	Ngh hc khng c Q \nCha thu k no	\N	1	\N
123	=COUNTA($A$2:A116)	Dng Tin Mnh	1999-05-06	\N	\N	\N	\N	Minh Ph, Sc Sn, H Ni	Minh Ph	Sc Sn	H Ni	\N	\N	\N	\N	\N	\nDng Vn Cng	H Th Hng\n	\N	\N	f	t	f	f	f	f	f	f	f	Thiu	Ngh hc khng c Q \n thu K1	\N	1	\N
124	=COUNTA($A$2:A117)	Phan Nguyn Trc Ly	2003-10-10	\N	\N	\N	\N	M Lc - Ph M - Bnh nh	M Lc	Ph M	Bnh nh	\N	\N	\N	\N	\N	\N	\N	\N	\N	f	f	f	f	f	f	f	f	f	Thiu	Ngh hc khng c Q \n thu K1,2	\N	1	\N
125	=COUNTA($A$2:A118)	Chu Quc Phong	2006-11-07	\N	\N	\N	\N	Bnh Lc - H Nam	\N	Bnh Lc	H Nam	\N	\N	\N	\N	\N	\N	\N	\N	\N	f	f	f	f	f	f	f	f	f	Thiu	Ngh hc khng c Q \nCha thu k no	\N	1	\N
126	TC1	L c  Anh	2007-09-27	Nam	Kinh	H Ni 	H Ni 	Phc ng - Long Bin - H Ni 	Phc ng	Long Bin	H Ni 	001207024032	\N	\N	\N	\N	L Xun M\n	\nNguyn Hng Nguyt	0912868142/\n0327302911	\N	t	t	f	t	t	t	t	t	f	Thiu	\N	\N	1	\N
127	TC2	Nguyn nh  Giang	2007-10-04	Nam	Kinh	H Ni 	H Ni 	Phc ng - Long Bin - H Ni	Phc ng	Long Bin	H Ni 	001207005655	\N	\N	\N	\N	Nguyn nh Ha	\no Th Thu 	0369014305/\n0325539050	\N	t	t	f	t	t	t	t	t	f	Thiu	\N	\N	1	\N
128	TC3	L Thu  H	2007-12-17	N 	Kinh	H Ni 	H Ni 	Vit Hng - Long Bin - H Ni	Vit Hng	Long Bin	H Ni 	001307013071	\N	\N	\N	\N	L Vn Huyn	\nNguyn Th Chi 	03891347367/\n0335417709	\N	t	t	f	t	t	t	t	t	f	Thiu	\N	\N	1	\N
129	TC4	Phm Hng  H	2007-08-02	N 	Kinh	H Ni 	H Ni 	Ngc Lm - Long Bin - H Ni	Ngc Lm	Long Bin	H Ni 	001307047270	\N	\N	\N	\N	Phm Huy Cng\n 	 \nNguyn Kim Oanh 	0973746388/\n0359058965	\N	t	t	f	t	f	t	t	t	f	Thiu	\N	\N	1	\N
130	TC5	Nguyn Ngc  Hi	2007-12-13	Nam	Kinh	H Ni 	H Ni 	c Giang - Long Bin - H Ni	c Giang	Long Bin	H Ni 	001207054296	\N	\N	\N	\N	Nguyn Vn Chinh 	\nL Th Vn 	0912288792/\n0339072795	\N	t	t	t	t	t	t	t	t	f	Thiu	\N	\N	1	\N
131	TC6	Hong Ngc  Hin	2007-06-03	Nam	Kinh	Thi Bnh 	Thi Bnh 	Nam Bnh - Kin Xng- Thi Bnh	Nam Bnh	Kin Xng	Thi Bnh	034207006104	\N	\N	\N	\N	Hong Tin Dng	\nNguyn Th Thn	0374662571	\N	t	t	f	t	t	t	t	t	f	Thiu	\N	\N	1	\N
132	TC7	Trng Tun  Huy	2001-05-05	Nam	Kinh	H Ni 	Hi Dng 	Liu Giai - Ba nh - H Ni	Liu Giai	Ba nh	H Ni 	001201011205	\N	\N	\N	\N	Trng Tun Anh 	\nNguyn Th Luyn 	0384854098\n	\N	t	t	t	f	t	t	t	t	f	Thiu	\N	\N	1	\N
133	TC8	Ng Tun  Khang	2007-12-15	Nam	Kinh	H Ni 	H Ni 	Phc Li - Long Bin - H Ni	Phc Li	Long Bin	H Ni 	001207052722	\N	\N	\N	\N	Ng Xun Minh 	\nNguyn Th Hng 	\N	\N	t	t	t	f	t	t	t	t	f	Thiu	\N	\N	1	\N
134	TC9	inh L An  Khanh	2007-08-23	N 	Kinh	H Ni 	Ph Th 	Ngc Thy - Long Bin - H Ni	Ngc Thy	Long Bin	H Ni 	001307024968	\N	\N	\N	\N	inh Xun Thy	\nL Th Ngc Bch 	096394958\n0969085873	\N	t	t	f	t	t	t	t	t	f	Thiu	\N	\N	1	\N
135	TC10	Nguyn Nam  Khnh	2007-10-06	Nam	Kinh	H Ni 	Nam nh 	Ngc Thy - Long Bin - H Ni	Ngc Thy	Long Bin	H Ni 	001207035607	\N	\N	\N	\N	Nguyn Vn Nam 	\nHong Giang Oanh 	0943951969/\n0335129798	\N	t	t	t	t	t	t	t	t	f	Thiu	\N	\N	1	\N
136	TC11	Trn Quc  Khnh	2007-08-31	Nam	Kinh	H Ni 	Vnh Phc 	B  - Long Bin - H Ni	B 	Long Bin	H Ni 	001207094607	\N	\N	\N	\N	Trn Giang Nam	\nL Thu Huyn 	0332946955/\n0373390407	\N	t	t	t	t	t	t	t	t	f	Thiu	\N	\N	1	\N
137	TC12	Nguyn Th  Linh	2007-09-01	N 	Kinh	Hi Dng 	Qung Ninh 	ng X - Gia Lm - H Ni	ng X	Gia Lm	H Ni 	030307007272	\N	\N	\N	\N	Nguyn Vn Thnh	Trn Th Ngc 	0368327740/\n0982079715	\N	t	t	t	f	t	t	t	t	f	Thiu	\N	\N	1	\N
138	TC13	Nguyn c  Lc	2007-09-02	Nam	Kinh	H Ni 	Hng Yn 	c Giang - Long Bin - H Ni	c Giang	Long Bin	H Ni 	001207058056	\N	\N	\N	\N	Nguyn c Tun	 \nC Th Thanh Phng 	0396223318/\n0915254256	\N	t	t	f	f	f	f	f	t	f	Thiu	\N	\N	1	\N
139	TC14	Phm L Uyn  Nhi	2007-09-03	N 	Kinh	Thanh Ha	Ph Th 	Qung Th -  TP Sm Sn - Thanh Ha	Qung Th	TP Sm Sn	Thanh Ha	025306007462	\N	\N	\N	\N	Phm Hng Thng	\nL Th Hanh 		\N	t	t	f	t	t	t	t	t	f	Thiu	\N	\N	1	\N
140	TC15	Nguyn Th L   Quyn	2007-09-04	N 	Kinh	Hi Dng 	Hi Dng 	c Giang - Long Bin - H Ni	c Giang	Long Bin	H Ni 	030307000185	\N	\N	\N	\N	Nguyn Xun Thy	\nNguyn Th Xuyn 	0349240446	\N	t	t	f	t	t	t	f	t	f	Thiu	\N	\N	1	\N
141	TC16	V Thnh  Thng	2007-09-05	Nam	Kinh	H Ni 	Bc Ninh 	Thng Thanh - Long Bin - H Ni	Thng Thanh	Long Bin	H Ni 	001207053973	\N	\N	\N	\N	V Xun Khnh	\ninh Th Bch Nguyt	0934376981/\n0843661622	\N	t	t	t	t	t	t	t	t	f	Thiu	\N	\N	1	\N
142	TC17	L Bo  Thi	2007-09-06	N 	Thi	Sn La	Sn La	Ching S - Sng M - Sn La	Ching S	Sng M	Sn La	014307005562	\N	\N	\N	\N	\N	L Th Trang	0987321785/\n0378524085	\N	t	t	f	t	t	t	t	t	f	Thiu	\N	\N	1	\N
143	TC18	Nguyn Ngc  nh	2007-09-07	N 	Kinh	H Ni 	Thi Bnh 	Long Bin - H Ni	\N	Long Bin	H Ni 	\N	\N	\N	\N	\N	Nguyn Minh c	\nChu Th Thng 	0352528089/\n0868005207	\N	t	t	t	t	t	t	t	t	f	Thiu	\N	\N	1	\N
144	TC19	Hong Th Vn  Anh	2007-09-08	N 	Kinh	\N	\N	C Khi - Long Bin - H Ni	C Khi	Long Bin	H Ni 	\N	\N	\N	\N	\N	Hong Huy ng	\N	\N	\N	f	f	f	f	f	f	f	f	f	Thiu	Q s 416/Q-CN&KTN ngy 03/07/2023	\N	1	\N
145	TC20	Phm Th Anh	2007-09-09	Nam	Kinh	\N	\N	Thng Long - Kinh Mn - Hi Dng	Thng Long	Kinh Mn	Hi Dng	\N	\N	\N	\N	\N	Phm Hu Lng	\N	\N	\N	f	f	f	f	f	f	f	f	f	Thiu	Q s 1018 /Q-CN&KTN ngy 04/12/2023	\N	1	\N
146	TC21	Trnh Quang  Dng	2007-09-10	Nam	Kinh	\N	\N	 Quang Lng - Ph Xuyn - H Ni	Quang Lng	Ph Xuyn	H Ni 	\N	\N	\N	\N	\N	Trnh Vn T	\N	\N	\N	f	f	f	f	f	f	f	f	f	Thiu	Q s 416/Q-CN&KTN ngy 03/07/2023	\N	1	\N
147	TC22	L Anh  Ho	2007-09-11	Nam	Kinh	\N	\N	Ph Lc - Cm Kh - Ph Th	Ph Lc	Cm Kh	Ph Th	\N	\N	\N	\N	\N	\N	L Kim Hnh	\N	\N	f	f	f	f	f	f	f	f	f	Thiu	Q s 378/Q-CN&KTN ngy 03/04/2024	\N	1	\N
184	TC59	Nguyn Thanh Tng	2007-10-18	Nam	Kinh	H Ni	H Ni	Phc Ho, Phc Th, H Ni	Phc Ho	Phc Th	H Ni	001207049693	\N	\N	\N	\N	\N	\N	0976746706\n	\N	f	f	t	f	f	f	f	f	f	Thiu	\N	\N	1	\N
148	TC23	Lng Minh  Hiu	2007-09-12	Nam	Kinh	\N	\N	Vit Hng - Long Bin - H Ni	Vit Hng	Long Bin	H Ni 	\N	\N	\N	\N	\N	Lng Sn Hng	\N	\N	\N	f	f	f	f	f	f	f	f	f	Thiu	Q s 416/Q-CN&KTN ngy 03/07/2023	\N	1	\N
149	TC24	Phm Trung  Hiu	2007-09-13	Nam	Kinh	\N	\N	Vit Hng - Long Bin - H Ni	Vit Hng	Long Bin	H Ni 	\N	\N	\N	\N	\N	Phm Vn 	\N	\N	\N	f	f	f	f	f	f	f	f	f	Thiu	Q s 416/Q-CN&KTN ngy 03/07/2023	\N	1	\N
150	TC25	Nguyn Huy  Hiu	2007-09-14	Nam	Kinh	\N	\N	 Phc ng - Long Bin - H Ni	Phc ng	Long Bin	H Ni 	\N	\N	\N	\N	\N	Nguyn Vn Ch	\N	\N	\N	f	f	f	f	f	f	f	f	f	Thiu	Q s 416/Q-CN&KTN ngy 03/07/2023	\N	1	\N
151	TC26	Lng Tun  Hng	2007-09-15	Nam	Kinh	\N	\N	Vit Hng - Long Bin - H Ni	Vit Hng	Long Bin	H Ni 	\N	\N	\N	\N	\N	Lng Vn 	\N	\N	\N	f	f	f	f	f	f	f	f	f	Thiu	Q s 416/Q-CN&KTN ngy 03/07/2023	\N	1	\N
152	TC27	Nguyn Ngc  Khnh	2007-09-16	Nam	Kinh	\N	\N	Ngc Thy - Long Bin - H Ni	Ngc Thy	Long Bin	H Ni 	\N	\N	\N	\N	\N	Nguyn Vn L	\N	\N	\N	f	f	f	f	f	f	f	f	f	Thiu	Q s1018 /Q-CN&KTN ngy 04/12/2023	\N	1	\N
153	TC28	c Trung  Kin	2007-09-17	Nam	Kinh	\N	\N	Phc Li - Long Bin - H Ni	Phc Li	Long Bin	H Ni 	\N	\N	\N	\N	\N	c Vn Nhun	\N	\N	\N	f	f	f	f	f	f	f	f	f	Thiu	Q s 1033 /Q-CN&KTN ngy 09/12/2023	\N	1	\N
154	TC29	Nguyn Mnh Tun  Minh	2007-09-18	Nam	Kinh	\N	\N	Long Bin - H Ni	\N	Long Bin	H Ni 	\N	\N	\N	\N	\N	Nguyn Mnh Hng	\N	\N	\N	f	f	f	f	f	f	f	f	f	Thiu	Q s 1018 /Q-CN&KTN ngy 04/12/2023	\N	1	\N
155	TC30	Nguyn Xun  Thng	2007-09-19	Nam	Kinh	\N	\N	Vit Hng - Long Bin - H Ni	Vit Hng	Long Bin	H Ni 	\N	\N	\N	\N	\N	Nguyn Xun Thnh	\N	\N	\N	f	f	f	f	f	f	f	f	f	Thiu	Q s 416/Q-CN&KTN ngy 03/07/2023	\N	1	\N
156	TC31	Trn Trng  Th	2007-09-20	Nam	Kinh	\N	\N	Vit Hng - Long Bin - H Ni	Vit Hng	Long Bin	H Ni 	\N	\N	\N	\N	\N	Trn Vn Ch	\N	\N	\N	f	f	f	f	f	f	f	f	f	Thiu	Q s 416/Q-CN&KTN ngy 03/07/2023	\N	1	\N
157	TC32	Lng Th Thanh  Xun	2007-09-21	N 	Kinh	\N	\N	Nam Thng - Nam Trc - Nam nh	Nam Thng	Nam Trc	Nam nh	\N	\N	\N	\N	\N	Lng Vn Ph	\N	\N	\N	f	f	f	f	f	f	f	f	f	Thiu	Q s 416/Q-CN&KTN ngy 03/07/2023	\N	1	\N
158	TC33	Nguyn Th  Yn	2007-09-22	N 	Kinh	\N	\N	Nhn Thnh - L Nhn - H Nam	Nhn Thnh	L Nhn	H Nam	\N	\N	\N	\N	\N	Nguyn Trng Tam	\N	\N	\N	f	f	f	f	f	f	f	f	f	Thiu	Q s 416/Q-CN&KTN ngy 03/07/2023	\N	1	\N
159	TC34	Nguyn Quang Anh	2007-09-23	Nam	Kinh	\N	\N	, Phc Th, H Ni	\N	Phc Th	H Ni	\N	\N	\N	\N	\N	\N	\N	0946239886	\N	f	f	f	f	f	f	f	f	f	Thiu	\N	\N	1	\N
160	TC35	Nguyn Tin Cng	2007-09-24	Nam	Kinh	H Ni	H Ni	Li Thng, Thch Tht, H Ni	Li Thng	Thch Tht	H Ni	001207001883	\N	\N	\N	\N	\N	\N		\N	f	f	t	f	f	t	f	f	f	Thiu	\N	\N	1	\N
161	TC36	Kiu Vn Cng	2007-09-25	Nam	Kinh	H Ni	H Ni	Trch M Lc, Phc Th, H Ni	Trch M Lc	Phc Th	H Ni	001207022498	\N	\N	\N	\N	\N	\N	0365183451	\N	f	f	t	f	f	f	f	f	f	Thiu	\N	\N	1	\N
162	TC37	Nguyn Mnh Cng	2007-09-26	Nam	Kinh	H Ni	H Ni	C ng, Sn Ty, H Ni	C ng	Sn Ty	H Ni	001207046427	\N	\N	\N	\N	\N	\N	\N	\N	f	f	t	f	f	f	f	f	f	Thiu	\N	\N	1	\N
163	TC38	Nguyn Thnh t	2007-09-27	Nam	Kinh	H Ni	H Ni	C ng, Sn Ty, H Ni	C ng	Sn Ty	H Ni	001207037948	\N	\N	\N	\N	\N	\N	\N	\N	f	f	t	f	f	f	f	f	f	Thiu	\N	\N	1	\N
164	TC39	Nguyn Tin t	2007-09-28	Nam	Kinh	H Ni	H Ni	Th trn Phc Th, Phc Th, H Ni	Th trn Phc Th	Phc Th	H Ni	001207037534	\N	\N	\N	\N	\N	\N	0362952090      	\N	f	f	t	f	f	f	f	f	f	Thiu	\N	\N	1	\N
165	TC40	Cao Phng ng	2007-09-29	Nam	Kinh	H Ni	H Ni	Trch M Lc, Phc Th, H Ni	Trch M Lc	Phc Th	H Ni	001207016297	\N	\N	\N	\N	\N	\N	0374782915	\N	f	f	t	f	f	f	f	f	f	Thiu	\N	\N	1	\N
166	TC41	Kiu Vn ng	2007-09-30	Nam 	Kinh	\N	\N	, Phc Th, H Ni	\N	Phc Th	H Ni	\N	\N	\N	\N	\N	\N	\N	0365730514	\N	f	f	t	f	f	f	f	f	f	Thiu	\N	\N	1	\N
167	TC42	Nguyn Minh c	2007-10-01	Nam	Kinh	H Ni	H Ni	C ng, Sn Ty, H Ni	C ng	Sn Ty	H Ni	001207035772	\N	\N	\N	\N	\N	\N	0987896520	\N	f	f	t	f	f	f	f	f	f	Thiu	\N	\N	1	\N
168	TC43	Bi Th Hng Giang	2007-10-02	N	Kinh	H Ni	H Ni	Th Lc, Phc Th, H Ni	Th Lc	Phc Th	H Ni	001307032199	\N	\N	\N	\N	\N	\N	0395611237	\N	f	f	t	f	f	f	f	f	f	Thiu	\N	\N	1	\N
169	TC44	Dng Cng Huy	2007-10-03	Nam	Kinh	H Ni	H Ni	Phng Thng, Phc Th, H Ni	Phng Thng	Phc Th	H Ni	001207045694	\N	\N	\N	\N	\N	\N	0342469172	\N	f	f	t	f	f	f	f	f	f	Thiu	\N	\N	1	\N
170	TC45	Khut Hu Khnh	2007-10-04	Nam	Kinh	H Ni	H Ni	Th Lc, Phc Th, H Ni	Th Lc	Phc Th	H Ni	001207014126	\N	\N	\N	\N	\N	\N	0355823240	\N	f	f	t	f	f	f	f	f	f	Thiu	\N	\N	1	\N
171	TC46	Nguyn Hu Khnh	2007-10-05	Nam	Kinh	H Ni	H Ni	Tch Giang, Phc Th, H Ni	Tch Giang	Phc Th	H Ni	001207012406	\N	\N	\N	\N	\N	\N	0358216843	\N	f	f	t	f	f	f	f	f	f	Thiu	\N	\N	1	\N
172	TC47	Nguyn Nam Khnh	2007-10-06	Nam	Kinh	H Ni	H Ni	Li Thng, Thch Tht, H Ni	Li Thng	Thch Tht	H Ni	001207008455	\N	\N	\N	\N	\N	\N	0375011501	\N	f	f	t	f	f	t	f	f	f	Thiu	\N	\N	1	\N
173	TC48	Kiu Vnh Lc	2007-10-07	Nam	Kinh	\N	\N	, Phc Th, H Ni	\N	Phc Th	H Ni	\N	\N	\N	\N	\N	\N	\N	0368066856	\N	f	f	t	f	f	f	f	f	f	Thiu	\N	\N	1	\N
174	TC49	Nguyn Duy Nht	2007-10-08	Nam	Kinh	H Ni	H Ni	Th Lc, Phc Th, H Ni	Th Lc	Phc Th	H Ni	001207003177	\N	\N	\N	\N	\N	\N	0329738931	\N	f	f	t	f	f	f	f	f	f	Thiu	\N	\N	1	\N
175	TC50	Nghim Hng Qun	2007-10-09	Nam	Kinh	H Ni	H Ni	Th Lc, Phc Th, H Ni	Th Lc	Phc Th	H Ni	001207093663	\N	\N	\N	\N	\N	\N	0387045374	\N	f	f	t	f	f	f	f	f	f	Thiu	\N	\N	1	\N
176	TC51	Nguyn Vit Qun	2007-10-10	Nam	Kinh	H Ni	H Ni	Tch Giang, Phc Th, H Ni	Tch Giang	Phc Th	H Ni	001207044942	\N	\N	\N	\N	\N	\N	0966086806\n0966828886	\N	f	f	t	f	f	f	f	f	f	Thiu	\N	\N	1	\N
177	TC52	H Xun Thnh	2007-10-11	Nam	Kinh	H Ni	H Ni	Tch Giang, Phc Th, H Ni	Tch Giang	Phc Th	H Ni	001207052036	\N	\N	\N	\N	\N	\N	0979425728\n0983144496	\N	f	f	t	f	f	f	f	f	f	Thiu	\N	\N	1	\N
178	TC53	Nguyn Tin Thnh	2007-10-12	Nam	Kinh	H Ni	H Ni	Trch M Lc, Phc Th, H Ni	Trch M Lc	Phc Th	H Ni	001207040014	\N	\N	\N	\N	\N	\N	0375449957\n0968963468	\N	f	f	f	f	f	f	f	f	f	Thiu	\N	\N	1	\N
179	TC54	Nguyn Hu Thnh	2007-10-13	Nam	Kinh	H Ni	H Ni	Hip Thun, Phc Th, H Ni	Hip Thun	Phc Th	H Ni	001207060081	\N	\N	\N	\N	\N	\N	0865938571\n0972321094	\N	f	f	t	f	f	f	f	f	f	Thiu	\N	\N	1	\N
180	TC55	V Th Hoi Thu	2007-10-14	N	Kinh	H Ni	H Ni	Th Lc, Phc Th, H Ni	Th Lc	Phc Th	H Ni	001307019246	\N	\N	\N	\N	\N	\N	0385648296\n0352198274	\N	f	f	t	f	f	f	f	f	f	Thiu	\N	\N	1	\N
181	TC56	Khut Hng Tin	2007-10-15	Nam	Kinh	H Ni	H Ni	Th Lc, Phc Th, H Ni	Th Lc	Phc Th	H Ni	001207033018	\N	\N	\N	\N	\N	\N	0984231791\n0356407137	\N	f	f	t	f	f	f	f	f	f	Thiu	\N	\N	1	\N
182	TC57	Nguyn nh Trin	2007-10-16	Nam	Kinh	H Ni	H Ni	Th Lc, Phc Th, H Ni	Th Lc	Phc Th	H Ni	001207022032	\N	\N	\N	\N	\N	\N	0385840818\n	\N	f	f	t	f	f	f	f	f	f	Thiu	\N	\N	1	\N
185	TC60	Nguyn Th Ti	2007-10-19	N	Kinh	Thanh Ha	Thanh Ha	Qung Hi, Qung Xng, Thanh Ho	Qung Hi	Qung Xng	Thanh Ho	038307004221	\N	\N	\N	\N	\N	\N	0962257826\n	\N	f	f	t	f	f	t	f	f	f	Thiu	\N	\N	1	\N
186	TC61	V Xun Minh	2007-10-20	Nam	Kinh	\N	\N	, Phc Th, H Ni	\N	Phc Th	H Ni	\N	\N	\N	\N	\N	\N	\N	\N	\N	f	f	f	f	f	f	f	f	f	Thiu	Q s 277/Q-CN&KTN ngy 18/5/2023	\N	1	\N
187	TC62	Nguyn Ngc Tin	2007-10-21	Nam	Kinh	H Ni	H Ni	C ng, Sn Ty, H Ni	C ng	Sn Ty	H Ni	001207017630	\N	\N	\N	\N	\N	\N	\N	\N	f	f	t	f	f	t	f	f	f	Thiu	Q s 632/Q-CN&KTN ngy 31/5/2024	\N	1	\N
188	TC63	Khut Duy Hong Anh	2007-10-22	Nam	Kinh	H Ni	H Ni	Trch M Lc, Phc Th, H Ni	Trch M Lc	Phc Th	H Ni	001207016758	\N	\N	\N	\N	Khut Duy T           	Nguyn Th Xun	0979895633\n0971731105	\N	f	f	t	f	t	f	t	f	f	Thiu	\N	\N	1	\N
189	TC64	Nguyn Th Hng Anh	2007-10-23	N	Kinh	H Ni	H Ni	Trch M Lc, Phc Th, H Ni	Trch M Lc	Phc Th	H Ni	001307008670	\N	\N	\N	\N	Nguyn Vn Dng  	NgKiu Th Thu Hng	0332093815	\N	f	f	t	f	t	f	t	f	f	Thiu	\N	\N	1	\N
190	TC65	Nguyn Th Lan Anh	2007-10-24	N	Kinh	H Ni	H Ni	Tch Giang, Phc Th, H Ni	Tch Giang	Phc Th	H Ni	001307042510	\N	\N	\N	\N	Nguyn Hu Sng   	 Khut Th Hng	0985370140\n0393008202	\N	f	f	t	f	t	f	t	f	f	Thiu	\N	\N	1	\N
191	TC66	Nguyn Th Phng Anh	2007-10-25	N	Kinh	H Ni	H Ni	Trch M Lc, Phc Th, H Ni	Trch M Lc	Phc Th	H Ni	001307022152	\N	\N	\N	\N	Nguyn nh Tun     	 Kiu Th Tuyn	0389256597 0397801466	\N	f	f	t	f	t	f	t	f	f	Thiu	\N	\N	1	\N
192	TC67	V Vit Anh	2007-10-26	Nam	Kinh	H Ni	H Ni	Trch M Lc, Phc Th, H Ni	Trch M Lc	Phc Th	H Ni	001207030052	\N	\N	\N	\N	V Vn Chin         	Khut Th Su	0325805640\n0395935192	\N	f	f	t	f	t	f	t	f	f	Thiu	\N	\N	1	\N
193	TC68	Hong Th Ngc nh	2007-10-27	N	Kinh	H Ni	H Ni	Phng Thng, Phc Th, H Ni	Phng Thng	Phc Th	H Ni	001307030736	\N	\N	\N	\N	Hong Vn Lc  	Phng Th Phng	0961713047\n0912736466	\N	f	f	t	f	t	f	t	f	f	Thiu	\N	\N	1	\N
194	TC69	T Khnh Bng	2007-10-28	N	Kinh	H Ni	H Ni	Th trn Phc Th, Phc Th, H Ni	Th trn Phc Th	Phc Th	H Ni	001307033224	\N	\N	\N	\N	T Thanh V     	Khut Th Loan	0974270080\n	\N	f	f	t	f	t	f	f	f	f	Thiu	\N	\N	1	\N
195	TC70	 Thu Dim	2007-10-29	N	Kinh	H Ni	H Ni	Ngc To, Phc Th, H Ni	Ngc To	Phc Th	H Ni	001307016828	\N	\N	\N	\N	 Vn Khnh  	 Th Hng	0961824966 0981330812	\N	f	f	t	f	t	f	t	f	f	Thiu	\N	\N	1	\N
196	TC71	Khut Qunh Giang	2007-10-30	N	Kinh	H Ni	H Ni	Phc Ho, Phc Th, H Ni	Phc Ho	Phc Th	H Ni	001307023981	\N	\N	\N	\N	Khut Duy nh  	 Nguyn Th Hi Yn	0374803828	\N	f	f	t	f	t	f	t	f	f	Thiu	\N	\N	1	\N
197	TC72	Nguyn Hng Giang	2007-10-31	N	Kinh	H Ni	H Ni	Phc Ho, Phc Th, H Ni	Phc Ho	Phc Th	H Ni	001307005720	\N	\N	\N	\N	Nguyn Vn Thng 	Nguyn Th Nga	0989596874	\N	f	f	t	f	t	f	t	f	f	Thiu	\N	\N	1	\N
198	TC73	inh Th Minh Hng	2007-11-01	N	Kinh	H Ni	H Ni	Th trn Phc Th, Phc Th, H Ni	Th trn Phc Th	Phc Th	H Ni	001307011038	\N	\N	\N	\N	inh Cng Cng 	Nguyn Th Nng	0966606498	\N	f	f	t	f	t	f	t	f	f	Thiu	\N	\N	1	\N
199	TC74	Trn Thanh Hin	2007-11-02	N	Kinh	H Ni	H Ni	Phng Thng, Phc Th, H Ni	Phng Thng	Phc Th	H Ni	001307033775	\N	\N	\N	\N	Trn Duy Trinh   	 Dng Th Mai	0355396935	\N	f	f	t	f	t	f	t	f	f	Thiu	\N	\N	1	\N
200	TC75	Dng Cng Hiu	2007-11-03	Nam	Kinh	H Ni	H Ni	Phng Thng, Phc Th, H Ni	Phng Thng	Phc Th	H Ni	001207054819	\N	\N	\N	\N	Dng Vn Thc	Hong Th Hn	0979221833	\N	f	f	t	f	t	f	t	f	f	Thiu	\N	\N	1	\N
201	TC76	Khut Vit Hong	2007-11-04	Nam	Kinh	H Ni	H Ni	Phc Ho, Phc Th, H Ni	Phc Ho	Phc Th	H Ni	001207013797	\N	\N	\N	\N	Khut Duy Mnh 	 Nguyn Th Hng	0348964516	\N	f	f	t	f	t	f	f	f	f	Thiu	\N	\N	1	\N
202	TC77	Hong Vn Hun	2007-11-05	Nam	Kinh	H Ni	H Ni	Trch M Lc, Phc Th, H Ni	Trch M Lc	Phc Th	H Ni	001207009472	\N	\N	\N	\N	Hong Vn Ho  	 V Th Nhn	0342781946	\N	f	f	t	f	t	f	t	f	f	Thiu	\N	\N	1	\N
203	TC78	Nguyn Vit Huy	2007-11-06	Nam	Kinh	H Ni	H Ni	Trch M Lc, Phc Th, H Ni	Trch M Lc	Phc Th	H Ni	001207008717	\N	\N	\N	\N	Nguyn Vn Dng 	Nguyn Th N	0368723270 0353450841	\N	f	f	t	f	t	f	t	f	f	Thiu	\N	\N	1	\N
204	TC79	Khut nh Huyn	2007-11-07	N	Kinh	H Ni	H Ni	Th trn Phc Th, Phc Th, H Ni	Th trn Phc Th	Phc Th	H Ni	\N	\N	\N	\N	\N	Khut Khc Ton  	Khut Th Tho	0394529185	\N	f	f	f	f	t	f	t	f	f	Thiu	\N	\N	1	\N
205	TC80	Hong Ngc Khnh	2007-11-08	Nam	Kinh	H Ni	H Ni	Phng Thng, Phc Th, H Ni	Phng Thng	Phc Th	H Ni	001207046740	\N	\N	\N	\N	Hong Quang Chin	\N	0342469460 0367560122	\N	f	f	f	f	t	f	f	f	f	Thiu	\N	\N	1	\N
206	TC81	Dng ng Khoa	2007-11-09	Nam	Kinh	H Ni	H Ni	Ngc To, Phc Th, H Ni	Ngc To	Phc Th	H Ni	001207021494	\N	\N	\N	\N	Dng Vn Th 	Nguyn Th Sm	0979636176	\N	f	f	t	f	t	f	t	f	f	Thiu	\N	\N	1	\N
207	TC82	Nguyn Ngc Linh	2007-11-10	N	Kinh	H Ni	H Ni	Th trn Phc Th, Phc Th, H Ni	Th trn Phc Th	Phc Th	H Ni	001307033270	\N	\N	\N	\N	Nguyn Vn c 	inh Th Anh	0975511729	\N	f	f	t	f	t	f	t	f	f	Thiu	\N	\N	1	\N
208	TC83	H Vn Mnh	2007-11-11	Nam	Kinh	H Ni	H Ni	Th trn Phc Th, Phc Th, H Ni	Th trn Phc Th	Phc Th	H Ni	001202038313	\N	\N	\N	\N	H Quc Lun	T Th Thm                  	0965359302	\N	f	f	f	f	t	f	t	f	f	Thiu	\N	\N	1	\N
209	TC84	Khut Th Tr My	2007-11-12	N	Kinh	H Ni	H Ni	Trch M Lc, Phc Th, H Ni	Trch M Lc	Phc Th	H Ni	001307029041	\N	\N	\N	\N	Khut Duy i  	             Nguyn Th Hiu	0865269330 0325755730	\N	f	f	t	f	t	f	t	f	f	Thiu	\N	\N	1	\N
210	TC85	Nguyn Th Huyn My	2007-11-13	N	Kinh	H Ni	H Ni	Ngc To, Phc Th, H Ni	Ngc To	Phc Th	H Ni	001307036113	\N	\N	\N	\N	Nguyn Thnh Trang	Khut Th Thanh Huyn 	0978949036	\N	f	f	t	f	t	f	t	f	f	Thiu	\N	\N	1	\N
211	TC86	Khut Th Nga	2007-11-14	N	Kinh	H Ni	H Ni	Phc Ho, Phc Th, H Ni	Phc Ho	Phc Th	H Ni	001307039768	\N	\N	\N	\N	Khut Ph Lng 	Nguyn Th H	0395286433	\N	f	f	t	f	t	f	t	f	f	Thiu	\N	\N	1	\N
212	TC87	Trn Th Hi Ngha	2007-11-15	N	Kinh	H Ni	H Ni	An Ph, M c, H Ni	An Ph	M c	H Ni	001307006305	\N	\N	\N	\N	Trn Vn Uy            	Bch Th S	0376598809	\N	f	f	t	f	t	f	t	f	f	Thiu	\N	\N	1	\N
213	TC88	Nguyn Th Minh Nguyt	2007-11-16	N	Kinh	H Ni	H Ni	Th Lc, Phc Th, H Ni	Th Lc	Phc Th	H Ni	001307041607	\N	\N	\N	\N	Nguyn nh T   	Nguyn Th H	0815229583	\N	f	f	f	f	t	f	t	f	f	Thiu	\N	\N	1	\N
214	TC89	Nguyn Th Tuyt Nhi	2007-11-17	N	Kinh	H Ni	H Ni	Trch M Lc, Phc Th, H Ni	Trch M Lc	Phc Th	H Ni	001307051594	\N	\N	\N	\N	Nguyn Xun Ting 	Nguyn Th Vn	0335646595	\N	f	f	t	f	t	f	t	f	f	Thiu	\N	\N	1	\N
215	TC90	V c Pht	2007-11-18	Nam	Kinh	H Ni	H Ni	Th Lc, Phc Th, H Ni	Th Lc	Phc Th	H Ni	001207032814	\N	\N	\N	\N	V c Qun          	Kiu Th Ngn	0377221318	\N	f	f	t	f	t	f	t	f	f	Thiu	\N	\N	1	\N
216	TC91	 Minh Quang	2007-11-19	Nam	Kinh	H Ni	H Ni	Ngc To, Phc Th, H Ni	Ngc To	Phc Th	H Ni	001207011458	\N	\N	\N	\N	 Xun Trng     	Nguyn Th Chc	0978782908	\N	f	f	t	f	t	f	t	f	f	Thiu	\N	\N	1	\N
217	TC92	m Th Qunh	2007-11-20	N	Kinh	H Ni	H Ni	Phc Ho, Phc Th, H Ni	Phc Ho	Phc Th	H Ni	001307017864	\N	\N	\N	\N	m Vn ng       	Nguyn Th Sinh	036621805 0396159328	\N	f	f	t	f	t	f	t	f	f	Thiu	\N	\N	1	\N
218	TC93	Nguyn Anh Ti	2007-11-21	Nam	Kinh	H Ni	H Ni	Phng Thng, Phc Th, H Ni	Phng Thng	Phc Th	H Ni	001207006837	\N	\N	\N	\N	Nguyn Khnh Tng	 Th Mai	0387687528	\N	f	f	t	f	t	f	t	f	f	Thiu	\N	\N	1	\N
219	TC94	Nguyn Minh Tm	2007-11-22	Nam	Kinh	H Ni	H Ni	Trch M Lc, Phc Th, H Ni	Trch M Lc	Phc Th	H Ni	001206027259	\N	\N	\N	\N	Nguyn nh Tut       	V Th Thy	0984734399	\N	f	f	t	f	t	f	t	f	f	Thiu	\N	\N	1	\N
220	TC95	Nguyn Th Thy	2007-11-23	N	Kinh	H Ni	H Ni	Th trn Phc Th, Phc Th, H Ni	Th trn Phc Th	Phc Th	H Ni	001307009225	\N	\N	\N	\N	Nguyn Vn Minh 	Khut Th Hoa	0358876528	\N	f	f	t	f	t	f	t	f	f	Thiu	\N	\N	1	\N
221	TC96	Hong Xun Trng	2007-11-24	Nam	Kinh	H Ni	Tuyn Quang	Trch M Lc, Phc Th, H Ni	Trch M Lc	Phc Th	H Ni	0082707003677	\N	\N	\N	\N	Hong Trung Dng	V Th Ha          	0981700306 0373982007	\N	f	f	t	f	t	f	t	f	f	Thiu	\N	\N	1	\N
222	TC97	Nguyn B T	2007-11-25	Nam	Kinh	H Ni	H Ni	Th Lc, Phc Th, H Ni	Th Lc	Phc Th	H Ni	001207053034	\N	\N	\N	\N	Nguyn B Tun	Nguyn Th Thu	0356571402	\N	f	f	t	f	t	f	t	f	f	Thiu	\N	\N	1	\N
223	TC98	Nguyn Vn T	2007-11-26	Nam	Kinh	H Ni	H Ni	C ng, th x Sn Ty, H Ni	C ng	th x Sn Ty	H Ni	001207040982	\N	\N	\N	\N	Nguyn Vn Anh	Nguyn Th Thanh	0373206943 0353872336	\N	f	f	t	f	t	f	t	f	f	Thiu	\N	\N	1	\N
224	TC99	Khut nh Vit	2007-11-27	Nam	Kinh	H Ni	\N	Tch Giang, Phc Th, H Ni	Tch Giang	Phc Th	H Ni	\N	\N	\N	\N	\N	Nguyn Th Thu	Nguyn Th Thu	0383531405	\N	f	f	f	f	t	f	f	f	f	Thiu	\N	\N	1	\N
225	TC100	Nguyn Th Vinh	2007-11-28	Nam	Kinh	H Ni	H Ni	Phng Thng, Phc Th, H Ni	Phng Thng	Phc Th	H Ni	001207028619	\N	\N	\N	\N	Nguyn Xun Cnh 	Dng Th Hng	0961232946 0375529763	\N	f	f	t	f	t	f	t	f	f	Thiu	\N	\N	1	\N
226	TC101	V Cng t	2007-11-29	\N	Kinh	\N	\N	Trch M Lc, Phc Th, 	Trch M Lc	Phc Th	H Ni	\N	\N	\N	\N	\N	\N	\N	\N	\N	f	f	f	f	f	f	f	f	f	Thiu	\N	\N	1	\N
227	TC102	Khut Huy Hong	2007-11-30	Nam	Kinh	\N	\N	Trch M Lc, Phc Th, 	Trch M Lc	Phc Th	H Ni	001205031477	\N	\N	\N	\N	\N	\N	986249094	\N	f	f	t	f	t	f	t	f	f	Thiu	\N	\N	1	\N
228	TC103	V Tun Phong	2007-12-01	Nam	Kinh	\N	\N	Trch M Lc, Phc Th, H Ni	Trch M Lc	Phc Th	H Ni	\N	\N	\N	\N	\N	\N	\N	\N	\N	f	f	f	f	f	f	f	f	f	Thiu	\N	\N	1	\N
229	TC104	Hong Ph Quang	2007-12-02	\N	Kinh	\N	\N	Trch M Lc, Phc Th, H Ni	Trch M Lc	Phc Th	H Ni	\N	\N	\N	\N	\N	\N	\N	\N	\N	f	f	f	f	f	f	f	f	f	Thiu	\N	\N	1	\N
230	TC105	Khut Duy Qu	2007-12-03	\N	Kinh	\N	\N	Trch M Lc, Phc Th, H Ni	Trch M Lc	Phc Th	H Ni	\N	\N	\N	\N	\N	\N	\N	\N	\N	f	f	f	f	f	f	f	f	f	Thiu	\N	\N	1	\N
231	TC106	H Qunh  Anh	2007-12-04	N	Kinh	H Ni	Ngh An	 ch Da - ng a - HN	 Ch Da	ng a	H Ni	001306016281	\N	\N	\N	\N	H Khnh Ton\n	\nNguyn Th Thanh Thu	0888224850	\N	t	f	t	f	t	t	t	t	f	Thiu	\N	\N	1	\N
232	TC107	Phm Th Minh Bin	2007-12-05	N	Kinh	Nam nh	Nam nh	Trc i, Trc Ninh, Nam nh	Trc i 	Trc Ninh	Nam nh	036307004151	\N	\N	\N	\N	Phm Vn ng\n	\nPhm Th Nhn	09887694863	\N	t	t	f	f	t	t	t	t	f	Thiu	\N	\N	1	\N
233	TC108	Chu Thy Dng	2007-12-06	N	Kinh	H Ni	Hng Yn	Khng Trung, Thanh Xun, H Ni	Khng Trung	Thanh Xun	H Ni	001307057996	\N	\N	\N	\N	Chu Mnh Tng\n	\n Th Thy	0901725668/\n0868218079	\N	t	t	f	f	f	t	t	t	f	Thiu	\N	\N	1	\N
234	TC109	 Phc  Hng	2007-12-07	Nam	Kinh	H Ni	Hi Phng	Quc T Gim, ng a, H Ni	Quc T Gim	ng a	H Ni	001207040209	\N	\N	\N	\N	 Thi Bo\n	\nV Th T Uyn	0914603626\n0966051954	\N	t	t	f	f	t	t	t	t	f	Thiu	\N	\N	1	\N
235	TC110	Nguyn Tin Thnh	2007-12-08	Nam	Kinh	H Ni	H Ni	Chng Dng, Hon Kim, H Ni	Chng Dng	Hon Kim	H Ni	001207010924	\N	\N	\N	\N	Nguyn Vn Hong\n	\n Nguyn Th Kim Oanh	0964868174	\N	t	t	t	f	t	t	t	f	f	Thiu	\N	\N	1	\N
236	TC111	Nguyn nh  Khnh	2007-12-09	Nam	Kinh	Hi Dng	Hi Dng	Thng Nht, Gia Lc, Hi Dng	Thng Nht	Gia Lc	Hi Dng	030201006696	\N	\N	\N	\N	Nguyn nh Tranh\n 	\n Phm Th Xuyn	0344496777	\N	t	f	t	f	t	t	t	t	f	Thiu	\N	\N	1	\N
237	TC112	V Minh  Thnh	2007-12-10	Nam	Kinh	Hng Yn	Hng Yn	Yn Ph, Yn M, Hng Yn	Yn Ph	Yn M	Hng Yn	033099009491	\N	\N	\N	\N	V Trng Tn\n	\nNguyn Th Ha	0989871630	\N	t	f	f	f	t	t	t	t	f	Thiu	\N	\N	1	\N
238	TC113	Hong Vn Anh	2007-12-11	\N	\N	\N	\N	Vnh Hng, Hong Mai, H Ni	Vnh Hng	Hong Mai	H Ni	\N	\N	\N	\N	\N	Hong Th Thnh\n	\nNguyn Minh Tin	0971835589	\N	f	f	f	f	f	f	f	f	f	Thiu	Ngh hc khng c Q \nCha thu k no	\N	1	\N
239	TC114	Nguyn Hng  Anh	2007-12-12	\N	\N	\N	\N	Dch Vng Hu - Cu Giy - H Ni	Dch Vng Hu	Cu Giy	H Ni	\N	\N	\N	\N	\N	Nguyn Nam Ton\n	\nng Bch Hnh	0902252229	\N	f	f	f	f	f	f	f	f	f	Thiu	Ngh hc khng c Q \nCha thu k no	\N	1	\N
240	TC115	Dng Tin Mnh	2007-12-13	\N	\N	\N	\N	Minh Ph, Sc Sn, H Ni	Minh Ph	Sc Sn	H Ni	\N	\N	\N	\N	\N	\nDng Vn Cng	H Th Hng\n	\N	\N	f	t	f	f	f	f	f	f	f	Thiu	Ngh hc khng c Q \n thu K1	\N	1	\N
241	TC116	Phan Nguyn Trc Ly	2007-12-14	\N	\N	\N	\N	M Lc - Ph M - Bnh nh	M Lc	Ph M	Bnh nh	\N	\N	\N	\N	\N	\N	\N	\N	\N	f	f	f	f	f	f	f	f	f	Thiu	Ngh hc khng c Q \n thu K1,2	\N	1	\N
242	TC117	Chu Quc Phong	2007-12-15	\N	\N	\N	\N	Bnh Lc - H Nam	\N	Bnh Lc	H Nam	\N	\N	\N	\N	\N	\N	\N	\N	\N	f	f	f	f	f	f	f	f	f	Thiu	Ngh hc khng c Q \nCha thu k no	\N	1	\N
244	TC0017	L Bo  Thi	2007-09-06	N 	\N	\N	\N	Ching S - Sng M - Sn La	Ching S	Sng M	Sn La	014307005562	\N	L Th Trang	0987321785/\n0378524085	\N	\N	\N	\N	\N	f	f	f	f	f	f	f	f	f	Thiu	\N	5	1	\N
245	TC0022	L Anh  Ho	2007-09-11	Nam	\N	\N	\N	Ph Lc - Cm Kh - Ph Th	Ph Lc	Cm Kh	Ph Th	\N	\N	L Kim Hnh	\N	\N	\N	\N	\N	\N	f	f	f	f	f	f	f	f	f	Thiu	\N	5	1	\N
246	TC0003	L c  Anh	2007-09-27	Nam	Kinh	H Ni 	H Ni 	Phc ng - Long Bin - H Ni 	Phc ng	Long Bin	H Ni 	001207024032	\N	\N	\N	\N	L Xun M\n	\nNguyn Hng Nguyt	0912868142/\n0327302911	\N	t	t	f	t	t	t	t	t	f	Thiu	\N	5	1	\N
247	TC0004	Nguyn nh  Giang	2007-10-04	Nam	Kinh	H Ni 	H Ni 	Phc ng - Long Bin - H Ni	Phc ng	Long Bin	H Ni 	001207005655	\N	\N	\N	\N	Nguyn nh Ha	\no Th Thu 	0369014305/\n0325539050	\N	t	t	f	t	t	t	t	t	f	Thiu	\N	5	1	\N
248	TC0005	L Thu  H	2007-12-17	N 	Kinh	H Ni 	H Ni 	Vit Hng - Long Bin - H Ni	Vit Hng	Long Bin	H Ni 	001307013071	\N	\N	\N	\N	L Vn Huyn	\nNguyn Th Chi 	03891347367/\n0335417709	\N	t	t	f	t	t	t	t	t	f	Thiu	\N	5	1	\N
249	TC0006	Phm Hng  H	2007-08-02	N 	Kinh	H Ni 	H Ni 	Ngc Lm - Long Bin - H Ni	Ngc Lm	Long Bin	H Ni 	001307047270	\N	\N	\N	\N	Phm Huy Cng\n 	 \nNguyn Kim Oanh 	0973746388/\n0359058965	\N	t	t	f	t	f	t	t	t	f	Thiu	\N	5	1	\N
250	TC0007	Nguyn Ngc  Hi	2007-12-13	Nam	Kinh	H Ni 	H Ni 	c Giang - Long Bin - H Ni	c Giang	Long Bin	H Ni 	001207054296	\N	\N	\N	\N	Nguyn Vn Chinh 	\nL Th Vn 	0912288792/\n0339072795	\N	t	t	t	t	t	t	t	t	f	Thiu	\N	5	1	\N
251	TC0008	Hong Ngc  Hin	2007-06-03	Nam	Kinh	Thi Bnh 	Thi Bnh 	Nam Bnh - Kin Xng- Thi Bnh	Nam Bnh	Kin Xng	Thi Bnh	034207006104	\N	\N	\N	\N	Hong Tin Dng	\nNguyn Th Thn	0374662571	\N	t	t	f	t	t	t	t	t	f	Thiu	\N	5	1	\N
252	TC0009	Trng Tun  Huy	2001-05-05	Nam	Kinh	H Ni 	Hi Dng 	Liu Giai - Ba nh - H Ni	Liu Giai	Ba nh	H Ni 	001201011205	\N	\N	\N	\N	Trng Tun Anh 	\nNguyn Th Luyn 	0384854098\n	\N	t	t	t	f	t	t	t	t	f	Thiu	\N	5	1	\N
253	TC0010	Ng Tun  Khang	2007-12-15	Nam	Kinh	H Ni 	H Ni 	Phc Li - Long Bin - H Ni	Phc Li	Long Bin	H Ni 	001207052722	\N	\N	\N	\N	Ng Xun Minh 	\nNguyn Th Hng 	\N	\N	t	t	t	f	t	t	t	t	f	Thiu	\N	5	1	\N
254	TC0011	inh L An  Khanh	2007-08-23	N 	Kinh	H Ni 	Ph Th 	Ngc Thy - Long Bin - H Ni	Ngc Thy	Long Bin	H Ni 	001307024968	\N	\N	\N	\N	inh Xun Thy	\nL Th Ngc Bch 	096394958\n0969085873	\N	t	t	f	t	t	t	t	t	f	Thiu	\N	5	1	\N
255	TC0012	Nguyn Nam  Khnh	2007-10-06	Nam	Kinh	H Ni 	Nam nh 	Ngc Thy - Long Bin - H Ni	Ngc Thy	Long Bin	H Ni 	001207035607	\N	\N	\N	\N	Nguyn Vn Nam 	\nHong Giang Oanh 	0943951969/\n0335129798	\N	t	t	t	t	t	t	t	t	f	Thiu	\N	5	1	\N
256	TC0013	Trn Quc  Khnh	2007-08-31	Nam	Kinh	H Ni 	Vnh Phc 	B  - Long Bin - H Ni	B 	Long Bin	H Ni 	001207094607	\N	\N	\N	\N	Trn Giang Nam	\nL Thu Huyn 	0332946955/\n0373390407	\N	t	t	t	t	t	t	t	t	f	Thiu	\N	5	1	\N
257	TC0014	Nguyn Th  Linh	2007-09-01	N 	Kinh	Hi Dng 	Qung Ninh 	ng X - Gia Lm - H Ni	ng X	Gia Lm	H Ni 	030307007272	\N	\N	\N	\N	Nguyn Vn Thnh	Trn Th Ngc 	0368327740/\n0982079715	\N	t	t	t	f	t	t	t	t	f	Thiu	\N	5	1	\N
258	TC0015	Nguyn c  Lc	2007-09-02	Nam	Kinh	H Ni 	Hng Yn 	c Giang - Long Bin - H Ni	c Giang	Long Bin	H Ni 	001207058056	\N	\N	\N	\N	Nguyn c Tun	 \nC Th Thanh Phng 	0396223318/\n0915254256	\N	t	t	f	f	f	f	f	t	f	Thiu	\N	5	1	\N
259	TC0016	Phm L Uyn  Nhi	2007-09-03	N 	Kinh	Thanh Ha	Ph Th 	Qung Th -  TP Sm Sn - Thanh Ha	Qung Th	TP Sm Sn	Thanh Ha	025306007462	\N	\N	\N	\N	Phm Hng Thng	\nL Th Hanh 		\N	t	t	f	t	t	t	t	t	f	Thiu	\N	5	1	\N
260	TC0018	V Thnh  Thng	2007-09-05	Nam	Kinh	H Ni 	Bc Ninh 	Thng Thanh - Long Bin - H Ni	Thng Thanh	Long Bin	H Ni 	001207053973	\N	\N	\N	\N	V Xun Khnh	\ninh Th Bch Nguyt	0934376981/\n0843661622	\N	t	t	t	t	t	t	t	t	f	Thiu	\N	5	1	\N
261	TC0019	L Bo  Thi	2007-09-06	N 	Thi	Sn La	Sn La	Ching S - Sng M - Sn La	Ching S	Sng M	Sn La	014307005562	\N	\N	\N	\N	\N	L Th Trang	0987321785/\n0378524085	\N	t	t	f	t	t	t	t	t	f	Thiu	\N	5	1	\N
262	TC0020	Nguyn Ngc  nh	2007-09-07	N 	Kinh	H Ni 	Thi Bnh 	Long Bin - H Ni	\N	Long Bin	H Ni 	\N	\N	\N	\N	\N	Nguyn Minh c	\nChu Th Thng 	0352528089/\n0868005207	\N	t	t	t	t	t	t	t	t	f	Thiu	\N	5	1	\N
263	TC0021	Hong Th Vn  Anh	2007-09-08	N 	Kinh	\N	\N	C Khi - Long Bin - H Ni	C Khi	Long Bin	H Ni 	\N	\N	\N	\N	\N	Hong Huy ng	\N	\N	\N	f	f	f	f	f	f	f	f	f	Thiu	Q s 416/Q-CN&KTN ngy 03/07/2023	5	1	\N
264	TC0023	Trnh Quang  Dng	2007-09-10	Nam	Kinh	\N	\N	 Quang Lng - Ph Xuyn - H Ni	Quang Lng	Ph Xuyn	H Ni 	\N	\N	\N	\N	\N	Trnh Vn T	\N	\N	\N	f	f	f	f	f	f	f	f	f	Thiu	Q s 416/Q-CN&KTN ngy 03/07/2023	5	1	\N
265	TC0024	L Anh  Ho	2007-09-11	Nam	Kinh	\N	\N	Ph Lc - Cm Kh - Ph Th	Ph Lc	Cm Kh	Ph Th	\N	\N	\N	\N	\N	\N	L Kim Hnh	\N	\N	f	f	f	f	f	f	f	f	f	Thiu	Q s 378/Q-CN&KTN ngy 03/04/2024	5	1	\N
266	TC0025	Lng Minh  Hiu	2007-09-12	Nam	Kinh	\N	\N	Vit Hng - Long Bin - H Ni	Vit Hng	Long Bin	H Ni 	\N	\N	\N	\N	\N	Lng Sn Hng	\N	\N	\N	f	f	f	f	f	f	f	f	f	Thiu	Q s 416/Q-CN&KTN ngy 03/07/2023	5	1	\N
267	TC0026	Phm Trung  Hiu	2007-09-13	Nam	Kinh	\N	\N	Vit Hng - Long Bin - H Ni	Vit Hng	Long Bin	H Ni 	\N	\N	\N	\N	\N	Phm Vn 	\N	\N	\N	f	f	f	f	f	f	f	f	f	Thiu	Q s 416/Q-CN&KTN ngy 03/07/2023	5	1	\N
268	TC0027	Nguyn Huy  Hiu	2007-09-14	Nam	Kinh	\N	\N	 Phc ng - Long Bin - H Ni	Phc ng	Long Bin	H Ni 	\N	\N	\N	\N	\N	Nguyn Vn Ch	\N	\N	\N	f	f	f	f	f	f	f	f	f	Thiu	Q s 416/Q-CN&KTN ngy 03/07/2023	5	1	\N
269	TC0028	Lng Tun  Hng	2007-09-15	Nam	Kinh	\N	\N	Vit Hng - Long Bin - H Ni	Vit Hng	Long Bin	H Ni 	\N	\N	\N	\N	\N	Lng Vn 	\N	\N	\N	f	f	f	f	f	f	f	f	f	Thiu	Q s 416/Q-CN&KTN ngy 03/07/2023	5	1	\N
270	TC0029	Nguyn Ngc  Khnh	2007-09-16	Nam	Kinh	\N	\N	Ngc Thy - Long Bin - H Ni	Ngc Thy	Long Bin	H Ni 	\N	\N	\N	\N	\N	Nguyn Vn L	\N	\N	\N	f	f	f	f	f	f	f	f	f	Thiu	Q s1018 /Q-CN&KTN ngy 04/12/2023	5	1	\N
271	TC0030	c Trung  Kin	2007-09-17	Nam	Kinh	\N	\N	Phc Li - Long Bin - H Ni	Phc Li	Long Bin	H Ni 	\N	\N	\N	\N	\N	c Vn Nhun	\N	\N	\N	f	f	f	f	f	f	f	f	f	Thiu	Q s 1033 /Q-CN&KTN ngy 09/12/2023	5	1	\N
272	TC0031	Nguyn Mnh Tun  Minh	2007-09-18	Nam	Kinh	\N	\N	Long Bin - H Ni	\N	Long Bin	H Ni 	\N	\N	\N	\N	\N	Nguyn Mnh Hng	\N	\N	\N	f	f	f	f	f	f	f	f	f	Thiu	Q s 1018 /Q-CN&KTN ngy 04/12/2023	5	1	\N
273	TC0032	Nguyn Xun  Thng	2007-09-19	Nam	Kinh	\N	\N	Vit Hng - Long Bin - H Ni	Vit Hng	Long Bin	H Ni 	\N	\N	\N	\N	\N	Nguyn Xun Thnh	\N	\N	\N	f	f	f	f	f	f	f	f	f	Thiu	Q s 416/Q-CN&KTN ngy 03/07/2023	5	1	\N
274	TC0033	Trn Trng  Th	2007-09-20	Nam	Kinh	\N	\N	Vit Hng - Long Bin - H Ni	Vit Hng	Long Bin	H Ni 	\N	\N	\N	\N	\N	Trn Vn Ch	\N	\N	\N	f	f	f	f	f	f	f	f	f	Thiu	Q s 416/Q-CN&KTN ngy 03/07/2023	5	1	\N
275	TC0034	Lng Th Thanh  Xun	2007-09-21	N 	Kinh	\N	\N	Nam Thng - Nam Trc - Nam nh	Nam Thng	Nam Trc	Nam nh	\N	\N	\N	\N	\N	Lng Vn Ph	\N	\N	\N	f	f	f	f	f	f	f	f	f	Thiu	Q s 416/Q-CN&KTN ngy 03/07/2023	5	1	\N
276	TC0035	Nguyn Th  Yn	2007-09-22	N 	Kinh	\N	\N	Nhn Thnh - L Nhn - H Nam	Nhn Thnh	L Nhn	H Nam	\N	\N	\N	\N	\N	Nguyn Trng Tam	\N	\N	\N	f	f	f	f	f	f	f	f	f	Thiu	Q s 416/Q-CN&KTN ngy 03/07/2023	5	1	\N
277	TC0036	Nguyn Quang Anh	2007-09-23	Nam	Kinh	\N	\N	, Phc Th, H Ni	\N	Phc Th	H Ni	\N	\N	\N	\N	\N	\N	\N	0946239886	\N	f	f	f	f	f	f	f	f	f	Thiu	\N	6	1	\N
278	TC0037	Nguyn Tin Cng	2007-09-24	Nam	Kinh	H Ni	H Ni	Li Thng, Thch Tht, H Ni	Li Thng	Thch Tht	H Ni	001207001883	\N	\N	\N	\N	\N	\N		\N	f	f	t	f	f	t	f	f	f	Thiu	\N	6	1	\N
279	TC0038	Kiu Vn Cng	2007-09-25	Nam	Kinh	H Ni	H Ni	Trch M Lc, Phc Th, H Ni	Trch M Lc	Phc Th	H Ni	001207022498	\N	\N	\N	\N	\N	\N	0365183451	\N	f	f	t	f	f	f	f	f	f	Thiu	\N	6	1	\N
280	TC0039	Nguyn Mnh Cng	2007-09-26	Nam	Kinh	H Ni	H Ni	C ng, Sn Ty, H Ni	C ng	Sn Ty	H Ni	001207046427	\N	\N	\N	\N	\N	\N	\N	\N	f	f	t	f	f	f	f	f	f	Thiu	\N	6	1	\N
281	TC0040	Nguyn Thnh t	2007-09-27	Nam	Kinh	H Ni	H Ni	C ng, Sn Ty, H Ni	C ng	Sn Ty	H Ni	001207037948	\N	\N	\N	\N	\N	\N	\N	\N	f	f	t	f	f	f	f	f	f	Thiu	\N	6	1	\N
282	TC0041	Nguyn Tin t	2007-09-28	Nam	Kinh	H Ni	H Ni	Th trn Phc Th, Phc Th, H Ni	Th trn Phc Th	Phc Th	H Ni	001207037534	\N	\N	\N	\N	\N	\N	0362952090      	\N	f	f	t	f	f	f	f	f	f	Thiu	\N	6	1	\N
283	TC0042	Cao Phng ng	2007-09-29	Nam	Kinh	H Ni	H Ni	Trch M Lc, Phc Th, H Ni	Trch M Lc	Phc Th	H Ni	001207016297	\N	\N	\N	\N	\N	\N	0374782915	\N	f	f	t	f	f	f	f	f	f	Thiu	\N	6	1	\N
284	TC0043	Kiu Vn ng	2007-09-30	Nam 	Kinh	\N	\N	, Phc Th, H Ni	\N	Phc Th	H Ni	\N	\N	\N	\N	\N	\N	\N	0365730514	\N	f	f	t	f	f	f	f	f	f	Thiu	\N	6	1	\N
285	TC0044	Nguyn Minh c	2007-10-01	Nam	Kinh	H Ni	H Ni	C ng, Sn Ty, H Ni	C ng	Sn Ty	H Ni	001207035772	\N	\N	\N	\N	\N	\N	0987896520	\N	f	f	t	f	f	f	f	f	f	Thiu	\N	6	1	\N
286	TC0045	Bi Th Hng Giang	2007-10-02	N	Kinh	H Ni	H Ni	Th Lc, Phc Th, H Ni	Th Lc	Phc Th	H Ni	001307032199	\N	\N	\N	\N	\N	\N	0395611237	\N	f	f	t	f	f	f	f	f	f	Thiu	\N	6	1	\N
287	TC0046	Dng Cng Huy	2007-10-03	Nam	Kinh	H Ni	H Ni	Phng Thng, Phc Th, H Ni	Phng Thng	Phc Th	H Ni	001207045694	\N	\N	\N	\N	\N	\N	0342469172	\N	f	f	t	f	f	f	f	f	f	Thiu	\N	6	1	\N
288	TC0047	Khut Hu Khnh	2007-10-04	Nam	Kinh	H Ni	H Ni	Th Lc, Phc Th, H Ni	Th Lc	Phc Th	H Ni	001207014126	\N	\N	\N	\N	\N	\N	0355823240	\N	f	f	t	f	f	f	f	f	f	Thiu	\N	6	1	\N
289	TC0048	Nguyn Hu Khnh	2007-10-05	Nam	Kinh	H Ni	H Ni	Tch Giang, Phc Th, H Ni	Tch Giang	Phc Th	H Ni	001207012406	\N	\N	\N	\N	\N	\N	0358216843	\N	f	f	t	f	f	f	f	f	f	Thiu	\N	6	1	\N
290	TC0049	Nguyn Nam Khnh	2007-10-06	Nam	Kinh	H Ni	H Ni	Li Thng, Thch Tht, H Ni	Li Thng	Thch Tht	H Ni	001207008455	\N	\N	\N	\N	\N	\N	0375011501	\N	f	f	t	f	f	t	f	f	f	Thiu	\N	6	1	\N
291	TC0050	Kiu Vnh Lc	2007-10-07	Nam	Kinh	\N	\N	, Phc Th, H Ni	\N	Phc Th	H Ni	\N	\N	\N	\N	\N	\N	\N	0368066856	\N	f	f	t	f	f	f	f	f	f	Thiu	\N	6	1	\N
292	TC0051	Nguyn Duy Nht	2007-10-08	Nam	Kinh	H Ni	H Ni	Th Lc, Phc Th, H Ni	Th Lc	Phc Th	H Ni	001207003177	\N	\N	\N	\N	\N	\N	0329738931	\N	f	f	t	f	f	f	f	f	f	Thiu	\N	6	1	\N
293	TC0052	Nghim Hng Qun	2007-10-09	Nam	Kinh	H Ni	H Ni	Th Lc, Phc Th, H Ni	Th Lc	Phc Th	H Ni	001207093663	\N	\N	\N	\N	\N	\N	0387045374	\N	f	f	t	f	f	f	f	f	f	Thiu	\N	6	1	\N
294	TC0053	Nguyn Vit Qun	2007-10-10	Nam	Kinh	H Ni	H Ni	Tch Giang, Phc Th, H Ni	Tch Giang	Phc Th	H Ni	001207044942	\N	\N	\N	\N	\N	\N	0966086806\n0966828886	\N	f	f	t	f	f	f	f	f	f	Thiu	\N	6	1	\N
295	TC0054	H Xun Thnh	2007-10-11	Nam	Kinh	H Ni	H Ni	Tch Giang, Phc Th, H Ni	Tch Giang	Phc Th	H Ni	001207052036	\N	\N	\N	\N	\N	\N	0979425728\n0983144496	\N	f	f	t	f	f	f	f	f	f	Thiu	\N	6	1	\N
296	TC0055	Nguyn Tin Thnh	2007-10-12	Nam	Kinh	H Ni	H Ni	Trch M Lc, Phc Th, H Ni	Trch M Lc	Phc Th	H Ni	001207040014	\N	\N	\N	\N	\N	\N	0375449957\n0968963468	\N	f	f	f	f	f	f	f	f	f	Thiu	\N	6	1	\N
297	TC0056	Nguyn Hu Thnh	2007-10-13	Nam	Kinh	H Ni	H Ni	Hip Thun, Phc Th, H Ni	Hip Thun	Phc Th	H Ni	001207060081	\N	\N	\N	\N	\N	\N	0865938571\n0972321094	\N	f	f	t	f	f	f	f	f	f	Thiu	\N	6	1	\N
298	TC0057	V Th Hoi Thu	2007-10-14	N	Kinh	H Ni	H Ni	Th Lc, Phc Th, H Ni	Th Lc	Phc Th	H Ni	001307019246	\N	\N	\N	\N	\N	\N	0385648296\n0352198274	\N	f	f	t	f	f	f	f	f	f	Thiu	\N	6	1	\N
299	TC0058	Khut Hng Tin	2007-10-15	Nam	Kinh	H Ni	H Ni	Th Lc, Phc Th, H Ni	Th Lc	Phc Th	H Ni	001207033018	\N	\N	\N	\N	\N	\N	0984231791\n0356407137	\N	f	f	t	f	f	f	f	f	f	Thiu	\N	6	1	\N
300	TC0059	Nguyn nh Trin	2007-10-16	Nam	Kinh	H Ni	H Ni	Th Lc, Phc Th, H Ni	Th Lc	Phc Th	H Ni	001207022032	\N	\N	\N	\N	\N	\N	0385840818\n	\N	f	f	t	f	f	f	f	f	f	Thiu	\N	6	1	\N
301	TC0060	Nguyn Vn Trng	2007-10-17	Nam	Kinh	H Ni	H Ni	Phc Ho, Phc Th, H Ni	Phc Ho	Phc Th	H Ni	001207093557	\N	\N	\N	\N	\N	\N	0975031184\n	\N	f	f	t	f	f	f	f	f	f	Thiu	\N	6	1	\N
302	TC0061	Nguyn Thanh Tng	2007-10-18	Nam	Kinh	H Ni	H Ni	Phc Ho, Phc Th, H Ni	Phc Ho	Phc Th	H Ni	001207049693	\N	\N	\N	\N	\N	\N	0976746706\n	\N	f	f	t	f	f	f	f	f	f	Thiu	\N	6	1	\N
303	TC0062	Nguyn Th Ti	2007-10-19	N	Kinh	Thanh Ha	Thanh Ha	Qung Hi, Qung Xng, Thanh Ho	Qung Hi	Qung Xng	Thanh Ho	038307004221	\N	\N	\N	\N	\N	\N	0962257826\n	\N	f	f	t	f	f	t	f	f	f	Thiu	\N	6	1	\N
304	TC0063	V Xun Minh	2007-10-20	Nam	Kinh	\N	\N	, Phc Th, H Ni	\N	Phc Th	H Ni	\N	\N	\N	\N	\N	\N	\N	\N	\N	f	f	f	f	f	f	f	f	f	Thiu	Q s 277/Q-CN&KTN ngy 18/5/2023	6	1	\N
305	TC0064	Nguyn Ngc Tin	2007-10-21	Nam	Kinh	H Ni	H Ni	C ng, Sn Ty, H Ni	C ng	Sn Ty	H Ni	001207017630	\N	\N	\N	\N	\N	\N	\N	\N	f	f	t	f	f	t	f	f	f	Thiu	Q s 632/Q-CN&KTN ngy 31/5/2024	6	1	\N
243	TC0001	H Qunh Anh	2006-02-07	N	Kinh	H Ni	Ngh An	 ch Da - ng a - HN	\N	\N	\N	001306016281	\N	\N	\N	\N	H Khnh Ton	Nguyn Th Thanh Thu	0888224850	\N	f	f	f	f	f	f	f	f	f			2	1	\N
306	TC0108	H Qunh  Anh	2007-12-04	N	Kinh	H Ni	Ngh An	 ch Da - ng a - HN	 Ch Da	ng a	H Ni	001306016281	\N	\N	\N	\N	H Khnh Ton\n	\nNguyn Th Thanh Thu	0888224850	\N	t	f	t	f	t	t	t	t	f	Thiu	\N	2	1	\N
307	TC0109	Phm Th Minh Bin	2007-12-05	N	Kinh	Nam nh	Nam nh	Trc i, Trc Ninh, Nam nh	Trc i 	Trc Ninh	Nam nh	036307004151	\N	\N	\N	\N	Phm Vn ng\n	\nPhm Th Nhn	09887694863	\N	t	t	f	f	t	t	t	t	f	Thiu	\N	2	1	\N
308	TC0110	Chu Thy Dng	2007-12-06	N	Kinh	H Ni	Hng Yn	Khng Trung, Thanh Xun, H Ni	Khng Trung	Thanh Xun	H Ni	001307057996	\N	\N	\N	\N	Chu Mnh Tng\n	\n Th Thy	0901725668/\n0868218079	\N	t	t	f	f	f	t	t	t	f	Thiu	\N	2	1	\N
309	TC0111	 Phc  Hng	2007-12-07	Nam	Kinh	H Ni	Hi Phng	Quc T Gim, ng a, H Ni	Quc T Gim	ng a	H Ni	001207040209	\N	\N	\N	\N	 Thi Bo\n	\nV Th T Uyn	0914603626\n0966051954	\N	t	t	f	f	t	t	t	t	f	Thiu	\N	2	1	\N
310	TC0112	Nguyn Tin Thnh	2007-12-08	Nam	Kinh	H Ni	H Ni	Chng Dng, Hon Kim, H Ni	Chng Dng	Hon Kim	H Ni	001207010924	\N	\N	\N	\N	Nguyn Vn Hong\n	\n Nguyn Th Kim Oanh	0964868174	\N	t	t	t	f	t	t	t	f	f	Thiu	\N	2	1	\N
311	TC0113	Nguyn nh  Khnh	2007-12-09	Nam	Kinh	Hi Dng	Hi Dng	Thng Nht, Gia Lc, Hi Dng	Thng Nht	Gia Lc	Hi Dng	030201006696	\N	\N	\N	\N	Nguyn nh Tranh\n 	\n Phm Th Xuyn	0344496777	\N	t	f	t	f	t	t	t	t	f	Thiu	\N	2	1	\N
312	TC0114	V Minh  Thnh	2007-12-10	Nam	Kinh	Hng Yn	Hng Yn	Yn Ph, Yn M, Hng Yn	Yn Ph	Yn M	Hng Yn	033099009491	\N	\N	\N	\N	V Trng Tn\n	\nNguyn Th Ha	0989871630	\N	t	f	f	f	t	t	t	t	f	Thiu	\N	2	1	\N
313	TC0115	Hong Vn Anh	2007-12-11	\N	\N	\N	\N	Vnh Hng, Hong Mai, H Ni	Vnh Hng	Hong Mai	H Ni	\N	\N	\N	\N	\N	Hong Th Thnh\n	\nNguyn Minh Tin	0971835589	\N	f	f	f	f	f	f	f	f	f	Thiu	Ngh hc khng c Q \nCha thu k no	2	1	\N
314	TC0116	Nguyn Hng  Anh	2007-12-12	\N	\N	\N	\N	Dch Vng Hu - Cu Giy - H Ni	Dch Vng Hu	Cu Giy	H Ni	\N	\N	\N	\N	\N	Nguyn Nam Ton\n	\nng Bch Hnh	0902252229	\N	f	f	f	f	f	f	f	f	f	Thiu	Ngh hc khng c Q \nCha thu k no	2	1	\N
315	TC0117	Dng Tin Mnh	2007-12-13	\N	\N	\N	\N	Minh Ph, Sc Sn, H Ni	Minh Ph	Sc Sn	H Ni	\N	\N	\N	\N	\N	\nDng Vn Cng	H Th Hng\n	\N	\N	f	t	f	f	f	f	f	f	f	Thiu	Ngh hc khng c Q \n thu K1	2	1	\N
316	TC0118	Phan Nguyn Trc Ly	2007-12-14	\N	\N	\N	\N	M Lc - Ph M - Bnh nh	M Lc	Ph M	Bnh nh	\N	\N	\N	\N	\N	\N	\N	\N	\N	f	f	f	f	f	f	f	f	f	Thiu	Ngh hc khng c Q \n thu K1,2	2	1	\N
317	TC0119	Chu Quc Phong	2007-12-15	\N	\N	\N	\N	Bnh Lc - H Nam	\N	Bnh Lc	H Nam	\N	\N	\N	\N	\N	\N	\N	\N	\N	f	f	f	f	f	f	f	f	f	Thiu	Ngh hc khng c Q \nCha thu k no	2	1	\N
318	TC0065	Khut Duy Hong Anh	2007-10-22	Nam	Kinh	H Ni	H Ni	Trch M Lc, Phc Th, H Ni	Trch M Lc	Phc Th	H Ni	001207016758	\N	\N	\N	\N	Khut Duy T           	Nguyn Th Xun	0979895633\n0971731105	\N	f	f	t	f	t	f	t	f	f	Thiu	\N	7	1	\N
319	TC0066	Nguyn Th Hng Anh	2007-10-23	N	Kinh	H Ni	H Ni	Trch M Lc, Phc Th, H Ni	Trch M Lc	Phc Th	H Ni	001307008670	\N	\N	\N	\N	Nguyn Vn Dng  	NgKiu Th Thu Hng	0332093815	\N	f	f	t	f	t	f	t	f	f	Thiu	\N	7	1	\N
320	TC0067	Nguyn Th Lan Anh	2007-10-24	N	Kinh	H Ni	H Ni	Tch Giang, Phc Th, H Ni	Tch Giang	Phc Th	H Ni	001307042510	\N	\N	\N	\N	Nguyn Hu Sng   	 Khut Th Hng	0985370140\n0393008202	\N	f	f	t	f	t	f	t	f	f	Thiu	\N	7	1	\N
321	TC0068	Nguyn Th Phng Anh	2007-10-25	N	Kinh	H Ni	H Ni	Trch M Lc, Phc Th, H Ni	Trch M Lc	Phc Th	H Ni	001307022152	\N	\N	\N	\N	Nguyn nh Tun     	 Kiu Th Tuyn	0389256597 0397801466	\N	f	f	t	f	t	f	t	f	f	Thiu	\N	7	1	\N
322	TC0069	V Vit Anh	2007-10-26	Nam	Kinh	H Ni	H Ni	Trch M Lc, Phc Th, H Ni	Trch M Lc	Phc Th	H Ni	001207030052	\N	\N	\N	\N	V Vn Chin         	Khut Th Su	0325805640\n0395935192	\N	f	f	t	f	t	f	t	f	f	Thiu	\N	7	1	\N
323	TC0070	Hong Th Ngc nh	2007-10-27	N	Kinh	H Ni	H Ni	Phng Thng, Phc Th, H Ni	Phng Thng	Phc Th	H Ni	001307030736	\N	\N	\N	\N	Hong Vn Lc  	Phng Th Phng	0961713047\n0912736466	\N	f	f	t	f	t	f	t	f	f	Thiu	\N	7	1	\N
324	TC0071	T Khnh Bng	2007-10-28	N	Kinh	H Ni	H Ni	Th trn Phc Th, Phc Th, H Ni	Th trn Phc Th	Phc Th	H Ni	001307033224	\N	\N	\N	\N	T Thanh V     	Khut Th Loan	0974270080\n	\N	f	f	t	f	t	f	f	f	f	Thiu	\N	7	1	\N
325	TC0072	 Thu Dim	2007-10-29	N	Kinh	H Ni	H Ni	Ngc To, Phc Th, H Ni	Ngc To	Phc Th	H Ni	001307016828	\N	\N	\N	\N	 Vn Khnh  	 Th Hng	0961824966 0981330812	\N	f	f	t	f	t	f	t	f	f	Thiu	\N	7	1	\N
326	TC0073	Khut Qunh Giang	2007-10-30	N	Kinh	H Ni	H Ni	Phc Ho, Phc Th, H Ni	Phc Ho	Phc Th	H Ni	001307023981	\N	\N	\N	\N	Khut Duy nh  	 Nguyn Th Hi Yn	0374803828	\N	f	f	t	f	t	f	t	f	f	Thiu	\N	7	1	\N
327	TC0074	Nguyn Hng Giang	2007-10-31	N	Kinh	H Ni	H Ni	Phc Ho, Phc Th, H Ni	Phc Ho	Phc Th	H Ni	001307005720	\N	\N	\N	\N	Nguyn Vn Thng 	Nguyn Th Nga	0989596874	\N	f	f	t	f	t	f	t	f	f	Thiu	\N	7	1	\N
328	TC0075	inh Th Minh Hng	2007-11-01	N	Kinh	H Ni	H Ni	Th trn Phc Th, Phc Th, H Ni	Th trn Phc Th	Phc Th	H Ni	001307011038	\N	\N	\N	\N	inh Cng Cng 	Nguyn Th Nng	0966606498	\N	f	f	t	f	t	f	t	f	f	Thiu	\N	7	1	\N
329	TC0076	Trn Thanh Hin	2007-11-02	N	Kinh	H Ni	H Ni	Phng Thng, Phc Th, H Ni	Phng Thng	Phc Th	H Ni	001307033775	\N	\N	\N	\N	Trn Duy Trinh   	 Dng Th Mai	0355396935	\N	f	f	t	f	t	f	t	f	f	Thiu	\N	7	1	\N
330	TC0077	Dng Cng Hiu	2007-11-03	Nam	Kinh	H Ni	H Ni	Phng Thng, Phc Th, H Ni	Phng Thng	Phc Th	H Ni	001207054819	\N	\N	\N	\N	Dng Vn Thc	Hong Th Hn	0979221833	\N	f	f	t	f	t	f	t	f	f	Thiu	\N	7	1	\N
331	TC0078	Khut Vit Hong	2007-11-04	Nam	Kinh	H Ni	H Ni	Phc Ho, Phc Th, H Ni	Phc Ho	Phc Th	H Ni	001207013797	\N	\N	\N	\N	Khut Duy Mnh 	 Nguyn Th Hng	0348964516	\N	f	f	t	f	t	f	f	f	f	Thiu	\N	7	1	\N
332	TC0079	Hong Vn Hun	2007-11-05	Nam	Kinh	H Ni	H Ni	Trch M Lc, Phc Th, H Ni	Trch M Lc	Phc Th	H Ni	001207009472	\N	\N	\N	\N	Hong Vn Ho  	 V Th Nhn	0342781946	\N	f	f	t	f	t	f	t	f	f	Thiu	\N	7	1	\N
333	TC0080	Nguyn Vit Huy	2007-11-06	Nam	Kinh	H Ni	H Ni	Trch M Lc, Phc Th, H Ni	Trch M Lc	Phc Th	H Ni	001207008717	\N	\N	\N	\N	Nguyn Vn Dng 	Nguyn Th N	0368723270 0353450841	\N	f	f	t	f	t	f	t	f	f	Thiu	\N	7	1	\N
334	TC0081	Khut nh Huyn	2007-11-07	N	Kinh	H Ni	H Ni	Th trn Phc Th, Phc Th, H Ni	Th trn Phc Th	Phc Th	H Ni	\N	\N	\N	\N	\N	Khut Khc Ton  	Khut Th Tho	0394529185	\N	f	f	f	f	t	f	t	f	f	Thiu	\N	7	1	\N
335	TC0082	Hong Ngc Khnh	2007-11-08	Nam	Kinh	H Ni	H Ni	Phng Thng, Phc Th, H Ni	Phng Thng	Phc Th	H Ni	001207046740	\N	\N	\N	\N	Hong Quang Chin	\N	0342469460 0367560122	\N	f	f	f	f	t	f	f	f	f	Thiu	\N	7	1	\N
336	TC0083	Dng ng Khoa	2007-11-09	Nam	Kinh	H Ni	H Ni	Ngc To, Phc Th, H Ni	Ngc To	Phc Th	H Ni	001207021494	\N	\N	\N	\N	Dng Vn Th 	Nguyn Th Sm	0979636176	\N	f	f	t	f	t	f	t	f	f	Thiu	\N	7	1	\N
337	TC0084	Nguyn Ngc Linh	2007-11-10	N	Kinh	H Ni	H Ni	Th trn Phc Th, Phc Th, H Ni	Th trn Phc Th	Phc Th	H Ni	001307033270	\N	\N	\N	\N	Nguyn Vn c 	inh Th Anh	0975511729	\N	f	f	t	f	t	f	t	f	f	Thiu	\N	7	1	\N
338	TC0085	H Vn Mnh	2007-11-11	Nam	Kinh	H Ni	H Ni	Th trn Phc Th, Phc Th, H Ni	Th trn Phc Th	Phc Th	H Ni	001202038313	\N	\N	\N	\N	H Quc Lun	T Th Thm                  	0965359302	\N	f	f	f	f	t	f	t	f	f	Thiu	\N	7	1	\N
339	TC0086	Khut Th Tr My	2007-11-12	N	Kinh	H Ni	H Ni	Trch M Lc, Phc Th, H Ni	Trch M Lc	Phc Th	H Ni	001307029041	\N	\N	\N	\N	Khut Duy i  	             Nguyn Th Hiu	0865269330 0325755730	\N	f	f	t	f	t	f	t	f	f	Thiu	\N	7	1	\N
340	TC0087	Nguyn Th Huyn My	2007-11-13	N	Kinh	H Ni	H Ni	Ngc To, Phc Th, H Ni	Ngc To	Phc Th	H Ni	001307036113	\N	\N	\N	\N	Nguyn Thnh Trang	Khut Th Thanh Huyn 	0978949036	\N	f	f	t	f	t	f	t	f	f	Thiu	\N	7	1	\N
341	TC0088	Khut Th Nga	2007-11-14	N	Kinh	H Ni	H Ni	Phc Ho, Phc Th, H Ni	Phc Ho	Phc Th	H Ni	001307039768	\N	\N	\N	\N	Khut Ph Lng 	Nguyn Th H	0395286433	\N	f	f	t	f	t	f	t	f	f	Thiu	\N	7	1	\N
342	TC0089	Trn Th Hi Ngha	2007-11-15	N	Kinh	H Ni	H Ni	An Ph, M c, H Ni	An Ph	M c	H Ni	001307006305	\N	\N	\N	\N	Trn Vn Uy            	Bch Th S	0376598809	\N	f	f	t	f	t	f	t	f	f	Thiu	\N	7	1	\N
343	TC0090	Nguyn Th Minh Nguyt	2007-11-16	N	Kinh	H Ni	H Ni	Th Lc, Phc Th, H Ni	Th Lc	Phc Th	H Ni	001307041607	\N	\N	\N	\N	Nguyn nh T   	Nguyn Th H	0815229583	\N	f	f	f	f	t	f	t	f	f	Thiu	\N	7	1	\N
344	TC0091	Nguyn Th Tuyt Nhi	2007-11-17	N	Kinh	H Ni	H Ni	Trch M Lc, Phc Th, H Ni	Trch M Lc	Phc Th	H Ni	001307051594	\N	\N	\N	\N	Nguyn Xun Ting 	Nguyn Th Vn	0335646595	\N	f	f	t	f	t	f	t	f	f	Thiu	\N	7	1	\N
345	TC0092	V c Pht	2007-11-18	Nam	Kinh	H Ni	H Ni	Th Lc, Phc Th, H Ni	Th Lc	Phc Th	H Ni	001207032814	\N	\N	\N	\N	V c Qun          	Kiu Th Ngn	0377221318	\N	f	f	t	f	t	f	t	f	f	Thiu	\N	7	1	\N
346	TC0093	 Minh Quang	2007-11-19	Nam	Kinh	H Ni	H Ni	Ngc To, Phc Th, H Ni	Ngc To	Phc Th	H Ni	001207011458	\N	\N	\N	\N	 Xun Trng     	Nguyn Th Chc	0978782908	\N	f	f	t	f	t	f	t	f	f	Thiu	\N	7	1	\N
347	TC0094	m Th Qunh	2007-11-20	N	Kinh	H Ni	H Ni	Phc Ho, Phc Th, H Ni	Phc Ho	Phc Th	H Ni	001307017864	\N	\N	\N	\N	m Vn ng       	Nguyn Th Sinh	036621805 0396159328	\N	f	f	t	f	t	f	t	f	f	Thiu	\N	7	1	\N
348	TC0095	Nguyn Anh Ti	2007-11-21	Nam	Kinh	H Ni	H Ni	Phng Thng, Phc Th, H Ni	Phng Thng	Phc Th	H Ni	001207006837	\N	\N	\N	\N	Nguyn Khnh Tng	 Th Mai	0387687528	\N	f	f	t	f	t	f	t	f	f	Thiu	\N	7	1	\N
349	TC0096	Nguyn Minh Tm	2007-11-22	Nam	Kinh	H Ni	H Ni	Trch M Lc, Phc Th, H Ni	Trch M Lc	Phc Th	H Ni	001206027259	\N	\N	\N	\N	Nguyn nh Tut       	V Th Thy	0984734399	\N	f	f	t	f	t	f	t	f	f	Thiu	\N	7	1	\N
350	TC0097	Nguyn Th Thy	2007-11-23	N	Kinh	H Ni	H Ni	Th trn Phc Th, Phc Th, H Ni	Th trn Phc Th	Phc Th	H Ni	001307009225	\N	\N	\N	\N	Nguyn Vn Minh 	Khut Th Hoa	0358876528	\N	f	f	t	f	t	f	t	f	f	Thiu	\N	7	1	\N
351	TC0098	Hong Xun Trng	2007-11-24	Nam	Kinh	H Ni	Tuyn Quang	Trch M Lc, Phc Th, H Ni	Trch M Lc	Phc Th	H Ni	0082707003677	\N	\N	\N	\N	Hong Trung Dng	V Th Ha          	0981700306 0373982007	\N	f	f	t	f	t	f	t	f	f	Thiu	\N	7	1	\N
352	TC0099	Nguyn B T	2007-11-25	Nam	Kinh	H Ni	H Ni	Th Lc, Phc Th, H Ni	Th Lc	Phc Th	H Ni	001207053034	\N	\N	\N	\N	Nguyn B Tun	Nguyn Th Thu	0356571402	\N	f	f	t	f	t	f	t	f	f	Thiu	\N	7	1	\N
353	TC0100	Nguyn Vn T	2007-11-26	Nam	Kinh	H Ni	H Ni	C ng, th x Sn Ty, H Ni	C ng	th x Sn Ty	H Ni	001207040982	\N	\N	\N	\N	Nguyn Vn Anh	Nguyn Th Thanh	0373206943 0353872336	\N	f	f	t	f	t	f	t	f	f	Thiu	\N	7	1	\N
354	TC0101	Khut nh Vit	2007-11-27	Nam	Kinh	H Ni	\N	Tch Giang, Phc Th, H Ni	Tch Giang	Phc Th	H Ni	\N	\N	\N	\N	\N	Nguyn Th Thu	Nguyn Th Thu	0383531405	\N	f	f	f	f	t	f	f	f	f	Thiu	\N	7	1	\N
355	TC0102	Nguyn Th Vinh	2007-11-28	Nam	Kinh	H Ni	H Ni	Phng Thng, Phc Th, H Ni	Phng Thng	Phc Th	H Ni	001207028619	\N	\N	\N	\N	Nguyn Xun Cnh 	Dng Th Hng	0961232946 0375529763	\N	f	f	t	f	t	f	t	f	f	Thiu	\N	7	1	\N
356	TC0103	V Cng t	2007-11-29	\N	Kinh	\N	\N	Trch M Lc, Phc Th, 	Trch M Lc	Phc Th	H Ni	\N	\N	\N	\N	\N	\N	\N	\N	\N	f	f	f	f	f	f	f	f	f	Thiu	\N	7	1	\N
357	TC0104	Khut Huy Hong	2007-11-30	Nam	Kinh	\N	\N	Trch M Lc, Phc Th, 	Trch M Lc	Phc Th	H Ni	001205031477	\N	\N	\N	\N	\N	\N	986249094	\N	f	f	t	f	t	f	t	f	f	Thiu	\N	7	1	\N
358	TC0105	V Tun Phong	2007-12-01	Nam	Kinh	\N	\N	Trch M Lc, Phc Th, H Ni	Trch M Lc	Phc Th	H Ni	\N	\N	\N	\N	\N	\N	\N	\N	\N	f	f	f	f	f	f	f	f	f	Thiu	\N	7	1	\N
359	TC0106	Hong Ph Quang	2007-12-02	\N	Kinh	\N	\N	Trch M Lc, Phc Th, H Ni	Trch M Lc	Phc Th	H Ni	\N	\N	\N	\N	\N	\N	\N	\N	\N	f	f	f	f	f	f	f	f	f	Thiu	\N	7	1	\N
360	TC0107	Khut Duy Qu	2007-12-03	\N	Kinh	\N	\N	Trch M Lc, Phc Th, H Ni	Trch M Lc	Phc Th	H Ni	\N	\N	\N	\N	\N	\N	\N	\N	\N	f	f	f	f	f	f	f	f	f	Thiu	\N	7	1	\N
\.


--
-- Data for Name: sms_khoahoc; Type: TABLE DATA; Schema: public; Owner: postgres
--

COPY public.sms_khoahoc (id, ma, ten) FROM stdin;
\.


--
-- Data for Name: sms_lichhoc; Type: TABLE DATA; Schema: public; Owner: postgres
--

COPY public.sms_lichhoc (id, trungtam, diadiem, thoigian, sotiet, status, ghichu, giaovien_id, lmh_id) FROM stdin;
1	\N	41 ng Trn Cn	2022-11-16 13:30:00+07	5	 hon thnh		1	6
2	\N	41 ng Trn Cn	2022-11-17 13:30:00+07	5	 hon thnh		1	6
3	\N	41 ng Trn Cn	2022-11-18 13:30:00+07	5	 hon thnh		1	6
4	\N	41 ng Trn Cn	2022-11-23 13:30:00+07	5	 hon thnh		1	6
5	\N	41 ng Trn Cn	2022-11-24 13:30:00+07	5	 hon thnh		1	6
6	\N	41 ng Trn Cn	2022-11-25 13:30:00+07	5	 hon thnh		1	6
7	\N	41 ng Trn Cn	2022-11-30 13:30:00+07	5	 hon thnh		1	6
8	\N	41 ng Trn Cn	2022-12-01 13:30:00+07	5	 hon thnh		1	6
9	\N	41 ng Trn Cn	2022-12-02 13:30:00+07	5	 hon thnh		1	6
10	\N	41 ng Trn Cn	2022-12-07 13:30:00+07	5	 hon thnh		1	6
11	\N	41 ng Trn Cn	2022-12-08 13:30:00+07	5	 hon thnh		1	6
12	\N	41 ng Trn Cn	2022-12-09 13:30:00+07	5	 hon thnh		1	6
\.


--
-- Data for Name: sms_loaidiem; Type: TABLE DATA; Schema: public; Owner: postgres
--

COPY public.sms_loaidiem (id, ma, trunglap, heso, ten) FROM stdin;
1	1	1	1	im kim tra thng xuyn
2	2	1	2	im kim tra nh k
3	3	1	4	im thi kt thc mn hc
\.


--
-- Data for Name: sms_logdiem; Type: TABLE DATA; Schema: public; Owner: postgres
--

COPY public.sms_logdiem (id, created_at, capnhat_at, ten) FROM stdin;
1	2025-03-22 10:06:16.971193+07	\N	heu-demo
2	2025-03-22 10:24:21.866769+07	\N	heu-demo
3	2025-03-22 10:25:02.025049+07	\N	heu-demo
4	2025-03-22 11:10:00.287782+07	\N	heu-demo
5	2025-03-24 10:20:49.019913+07	\N	heu-demo
6	2025-03-24 16:31:32.368784+07	\N	heu-demo
7	2025-03-24 16:33:48.589461+07	\N	heu-demo
8	2025-03-24 16:36:24.760332+07	\N	\N
9	2025-03-24 16:36:33.563862+07	\N	heu-demo
10	2025-03-24 16:36:54.020359+07	\N	\N
11	2025-03-24 16:37:11.513333+07	\N	heu-demo
12	2025-03-24 16:37:16.180551+07	\N	heu-demo
13	2025-03-24 16:37:23.690415+07	\N	heu-demo
14	2025-03-24 16:39:01.457948+07	\N	\N
15	2025-03-24 17:00:20.228511+07	\N	heu-demo
16	2025-03-24 17:00:56.52961+07	\N	heu-demo
17	2025-03-24 17:05:16.948014+07	\N	heu-demo
18	2025-03-24 17:05:44.65345+07	\N	heu-demo
\.


--
-- Data for Name: sms_lop; Type: TABLE DATA; Schema: public; Owner: postgres
--

COPY public.sms_lop (id, ma, ten, ctdt_id, trungtam_id) FROM stdin;
1	123	Du Lch	1	1
2	TU	TU21TC	2	1
5	T	TU21LB	2	2
6	LBHN	TU21PT	2	3
7	LT	LT21PTHN	4	3
4	PTHN	Trng	2	3
\.


--
-- Data for Name: sms_lophk; Type: TABLE DATA; Schema: public; Owner: postgres
--

COPY public.sms_lophk (id, start_hk, end_hk, hk_id, lop_id) FROM stdin;
1	\N	\N	1	1
2	\N	\N	2	1
3	\N	\N	3	1
4	\N	\N	4	1
5	\N	\N	1	2
6	\N	\N	2	2
7	\N	\N	3	2
8	\N	\N	4	2
13	\N	\N	1	4
14	\N	\N	2	4
15	\N	\N	3	4
16	\N	\N	4	4
17	\N	\N	1	5
18	\N	\N	2	5
19	\N	\N	3	5
20	\N	\N	4	5
21	\N	\N	1	6
22	\N	\N	2	6
23	\N	\N	3	6
24	\N	\N	4	6
25	\N	\N	1	7
26	\N	\N	2	7
27	\N	\N	3	7
28	\N	\N	4	7
\.


--
-- Data for Name: sms_lopmonhoc; Type: TABLE DATA; Schema: public; Owner: postgres
--

COPY public.sms_lopmonhoc (id, ngaystart, ngayend, status, hsdt, hsdt1, hsdt2, hsdt3, hsdt4, hsdt5, hsdt6, hsdt7, hk_id, lop_id, monhoc_id) FROM stdin;
1	2023-04-04	2023-04-20	 hon thnh		t	t	t	t	t	t	t	1	2	2
2	2023-03-02	2023-03-09	 hon thnh		t	t	t	t	t	t	t	1	2	3
3	2024-09-30	2024-10-03	 hon thnh		t	t	t	t	t	t	t	1	2	4
4	2024-09-09	2024-09-13	 hon thnh		t	t	t	t	t	t	t	1	2	5
5	2023-02-06	2023-02-22	 hon thnh		t	t	t	t	t	t	t	1	2	6
6	2022-11-16	2022-12-19	 hon thnh		t	t	t	t	t	t	t	1	2	7
\.


--
-- Data for Name: sms_monhoc; Type: TABLE DATA; Schema: public; Owner: postgres
--

COPY public.sms_monhoc (id, ma, ten, chuongtrinh, sotinchi, sogio_lt, sogio_th, sogio_kt) FROM stdin;
1	I	Cc mn hc chung	Tin hoc ng dng	17	255	94	148
2	MH01	Gio dc chnh tr	Tin hoc ng dng	2	30	15	13
3	MH02	Php lut	Tin hoc ng dng	1	15	9	5
4	MH03	Gio dc th cht	Tin hoc ng dng	2	30	4	24
5	MH04	Gio dc quc phng v an ninh	Tin hoc ng dng	3	45	21	21
6	MH05	Tin hc	Tin hoc ng dng	3	45	15	29
7	MH06	Ting Anh	Tin hoc ng dng	6	90	30	56
8	II	Cc mn hc, m un chuyn mn	Tin hoc ng dng	47	1290	302	946
9	II.1	Mn hc, m un c s	Tin hoc ng dng	15	315	109	199
10	MH07	K nng mm	Tin hoc ng dng	2	30	20	10
11	M08	K nng son tho vn bn	Tin hoc ng dng	4	60	18	40
12	M09	Cu trc my tnh	Tin hoc ng dng	3	45	15	29
13	M10	Lp trnh c bn	Tin hoc ng dng	2	60	19	40
14	M11	C s d liu	Tin hoc ng dng	2	60	18	40
15	M12	Mng my tnh	Tin hoc ng dng	2	60	19	40
16	II.2	Mn hc, m un chuyn mn	Tin hoc ng dng	32	975	193	747
17	MH13	Ting anh chuyn ngnh	Tin hoc ng dng	3	45	15	29
18	M14	Tin hc ng dng (bng tnh Excel)	Tin hoc ng dng	2	60	18	40
19	M15	Qun tr c s d liu vi SQL Server	Tin hoc ng dng	3	90	20	65
20	M16	Thit k v qun tr website	Tin hoc ng dng	3	90	20	65
21	M17	Lp rp ci t v bo tr my tnh	Tin hoc ng dng	3	90	20	66
22	M18	 ha ng dng	Tin hoc ng dng	2	60	15	42
23	M19	Thit k a phng tin	Tin hoc ng dng	3	90	15	70
24	M20	Qun tr h thng mng my tnh	Tin hoc ng dng	3	90	20	65
25	M21	ng dng m ngun m	Tin hoc ng dng	2	60	20	37
26	MH22	K nng mm cng ngh thng tin	Tin hoc ng dng	2	30	20	8
27	M23	Thc tp tt nghip	Tin hoc ng dng	6	270	10	260
28	I	Cc mn hc chung	Nghip v l tn	12	255	94	148
29	MH01	Gio dc chnh tr	Nghip v l tn	2	30	15	13
30	MH02	Php lut	Nghip v l tn	1	15	9	5
31	MH03	Gio dc th cht	Nghip v l tn	1	30	4	24
32	MH04	Gio dc quc phng v an ninh	Nghip v l tn	2	45	21	21
33	MH05	Tin hc	Nghip v l tn	2	45	15	29
34	MH06	Ting anh	Nghip v l tn	4	90	30	56
35	MH07	K nng mm	Nghip v l tn	2	25	10	12
36	MH08	Tng quan c s kinh doanh lu tr	Nghip v l tn	2	30	22	7
37	MH09	Giao tip trong kinh doanh	Nghip v l tn	2	30	12	17
38	MH10	Tin hc ng dng trong kinh doanh khch sn	Nghip v l tn	2	45	10	33
39	MH11	Ting Anh chuyn ngnh khch sn	Nghip v l tn	5	105	42	60
40	MH12	Quan h v chm sc khch hng	Nghip v l tn	2	45	18	25
41	M13	Nghip v thanh ton	Nghip v l tn	1	30	13	15
42	M14	T chc s kin	Nghip v l tn	2	45	26	17
43	MH15	An ninh - an ton trong khch sn	Nghip v l tn	1	30	10	18
44	M16	Nghip v l tn	Nghip v l tn	8	225	43	168
45	M17	Ting Anh l tn	Nghip v l tn	4	90	40	47
46	M18	Nghip v phc v bung khch sn	Nghip v l tn	3	75	15	56
47	M19	Nghip v nh hng 	Nghip v l tn	3	75	15	56
48	MH20	Qun tr L tn	Nghip v l tn	2	45	26	17
\.


--
-- Data for Name: sms_nganh; Type: TABLE DATA; Schema: public; Owner: postgres
--

COPY public.sms_nganh (id, ma, ten) FROM stdin;
\.


--
-- Data for Name: sms_nslop; Type: TABLE DATA; Schema: public; Owner: postgres
--

COPY public.sms_nslop (id, status, lop_id, ns_id) FROM stdin;
\.


--
-- Data for Name: sms_nsphong; Type: TABLE DATA; Schema: public; Owner: postgres
--

COPY public.sms_nsphong (id, status, ns_id, phong_id) FROM stdin;
\.


--
-- Data for Name: sms_phong; Type: TABLE DATA; Schema: public; Owner: postgres
--

COPY public.sms_phong (id, ma, ten) FROM stdin;
1	1	Cng tc sinh vin
2	2	K ton
3	3	o to
\.


--
-- Data for Name: sms_svstatus; Type: TABLE DATA; Schema: public; Owner: postgres
--

COPY public.sms_svstatus (id, ma, ten) FROM stdin;
1	1	Bnh thng
2	2	Bo lu
3	3	Chuyn lp
4	4	Ngh hc
\.


--
-- Data for Name: sms_teacherdeptinfo; Type: TABLE DATA; Schema: public; Owner: postgres
--

COPY public.sms_teacherdeptinfo (id, dept_name) FROM stdin;
\.


--
-- Data for Name: sms_teacherinfo; Type: TABLE DATA; Schema: public; Owner: postgres
--

COPY public.sms_teacherinfo (id, name, email, age, gender, passing_year, joining_date, salary, dept_type_id, sub_type_id) FROM stdin;
\.


--
-- Data for Name: sms_teachersubinfo; Type: TABLE DATA; Schema: public; Owner: postgres
--

COPY public.sms_teachersubinfo (id, sub_name) FROM stdin;
\.


--
-- Data for Name: sms_trungtam; Type: TABLE DATA; Schema: public; Owner: postgres
--

COPY public.sms_trungtam (id, ma, ten) FROM stdin;
1	1	ng Trn Cn - H Ni
2	2	Long Bin - H Ni
3	3	Phc Th - H Ni
4	18	Yn M - Hng Yn
5	10	Lng Ti - Bc Ninh
6	8	Thun Thnh - Bc Ninh
7	9	Gia Bnh - Bc Ninh
8	12	Sn H - Lai Chu
9	13	Tn Uyn - Lai Chu
10	14	TT Tnh Lai Chu
11	15	Than Uyn - Lai Chu
12	16	Th Xun - Thanh Ha
13	17	H Nam
14	19	Ph Xuyn - H Ni
15	4	M Linh - H Ni
16	11	Phong Th - Lai Chu
17	5	ng Anh - H Ni
18	6	ng Ha - H Ni
19	7	Thch Tht - H Ni
\.


--
-- Data for Name: sms_ttgv; Type: TABLE DATA; Schema: public; Owner: postgres
--

COPY public.sms_ttgv (id, sotien1, sotien2, ghichu, gv_id, lopmh_id) FROM stdin;
\.


--
-- Data for Name: sms_uploadedfile; Type: TABLE DATA; Schema: public; Owner: postgres
--

COPY public.sms_uploadedfile (id, file, uploaded_at, mota) FROM stdin;
1	uploads/tpl_hs81_c3pzcYl.xlsx	2025-03-20 10:19:32.962343+07	Mu thng tin import tnh trng hs 81
2	uploads/tpl_hsgv_yTmRuqt.xlsx	2025-03-20 10:19:57.649206+07	Mu thng tin ging vin
3	uploads/tpl_monhoc_l4SkDuz.xlsx	2025-03-20 10:20:14.814779+07	Mu mn hc, danh mc
4	uploads/uploads_tpl_diemtp_br325Tl.xlsx	2025-03-20 10:20:51.376888+07	Mu thng tin nhp im
5	uploads/uploads_tpl_hp81_mxmJND5.xlsx	2025-03-20 10:21:19.665354+07	Mu thng tin import tnh trng hoc ph 81
6	uploads/uploads_tpl_hssv_5RmNat1.xlsx	2025-03-20 10:21:38.795127+07	Mu thng tin hc vin
7	uploads/uploads_tpl_nhansu_pSpFG5O.xlsx	2025-03-20 10:21:56.389687+07	Mu thng tin nhn s
8	uploads/uploads_tpl_hssv_5RmNat1_MmetWVe.xlsx	2025-03-20 10:47:55.109642+07	File hc sinh th
9	uploads/Upload_PM_PCTSV.xlsx	2025-03-24 08:29:07.45011+07	Tng hp d liu K21 khu vc H ni
10	uploads/Upload_PM_PCTSV_EJxbzcz.xlsx	2025-03-24 08:29:10.957427+07	Tng hp d liu K21 khu vc H ni
11	uploads/Upload_PM_PCTSV_gTGP4bS.xlsx	2025-03-24 16:20:20.798707+07	Tng hp d liu K21 H Ni  sa
\.


--
-- Name: admin_interface_theme_id_seq; Type: SEQUENCE SET; Schema: public; Owner: postgres
--

SELECT pg_catalog.setval('public.admin_interface_theme_id_seq', 4, true);


--
-- Name: auth_group_id_seq; Type: SEQUENCE SET; Schema: public; Owner: postgres
--

SELECT pg_catalog.setval('public.auth_group_id_seq', 9, true);


--
-- Name: auth_group_permissions_id_seq; Type: SEQUENCE SET; Schema: public; Owner: postgres
--

SELECT pg_catalog.setval('public.auth_group_permissions_id_seq', 175, true);


--
-- Name: auth_permission_id_seq; Type: SEQUENCE SET; Schema: public; Owner: postgres
--

SELECT pg_catalog.setval('public.auth_permission_id_seq', 418, true);


--
-- Name: dashboard_chamcongrp_id_seq; Type: SEQUENCE SET; Schema: public; Owner: postgres
--

SELECT pg_catalog.setval('public.dashboard_chamcongrp_id_seq', 1, false);


--
-- Name: dashboard_dashboard_id_seq; Type: SEQUENCE SET; Schema: public; Owner: postgres
--

SELECT pg_catalog.setval('public.dashboard_dashboard_id_seq', 1, false);


--
-- Name: dashboard_diemdanhrp_id_seq; Type: SEQUENCE SET; Schema: public; Owner: postgres
--

SELECT pg_catalog.setval('public.dashboard_diemdanhrp_id_seq', 1, false);


--
-- Name: dashboard_hocphirp_id_seq; Type: SEQUENCE SET; Schema: public; Owner: postgres
--

SELECT pg_catalog.setval('public.dashboard_hocphirp_id_seq', 1, false);


--
-- Name: dashboard_report_id_seq; Type: SEQUENCE SET; Schema: public; Owner: postgres
--

SELECT pg_catalog.setval('public.dashboard_report_id_seq', 1, false);


--
-- Name: django_admin_log_id_seq; Type: SEQUENCE SET; Schema: public; Owner: postgres
--

SELECT pg_catalog.setval('public.django_admin_log_id_seq', 64, true);


--
-- Name: django_content_type_id_seq; Type: SEQUENCE SET; Schema: public; Owner: postgres
--

SELECT pg_catalog.setval('public.django_content_type_id_seq', 104, true);


--
-- Name: django_migrations_id_seq; Type: SEQUENCE SET; Schema: public; Owner: postgres
--

SELECT pg_catalog.setval('public.django_migrations_id_seq', 66, true);


--
-- Name: django_site_id_seq; Type: SEQUENCE SET; Schema: public; Owner: postgres
--

SELECT pg_catalog.setval('public.django_site_id_seq', 1, true);


--
-- Name: guardian_groupobjectpermission_id_seq; Type: SEQUENCE SET; Schema: public; Owner: postgres
--

SELECT pg_catalog.setval('public.guardian_groupobjectpermission_id_seq', 1, true);


--
-- Name: guardian_userobjectpermission_id_seq; Type: SEQUENCE SET; Schema: public; Owner: postgres
--

SELECT pg_catalog.setval('public.guardian_userobjectpermission_id_seq', 1, false);


--
-- Name: info_assign_id_seq; Type: SEQUENCE SET; Schema: public; Owner: postgres
--

SELECT pg_catalog.setval('public.info_assign_id_seq', 1, false);


--
-- Name: info_assigntime_id_seq; Type: SEQUENCE SET; Schema: public; Owner: postgres
--

SELECT pg_catalog.setval('public.info_assigntime_id_seq', 1, false);


--
-- Name: info_attendance_id_seq; Type: SEQUENCE SET; Schema: public; Owner: postgres
--

SELECT pg_catalog.setval('public.info_attendance_id_seq', 1, false);


--
-- Name: info_attendanceclass_id_seq; Type: SEQUENCE SET; Schema: public; Owner: postgres
--

SELECT pg_catalog.setval('public.info_attendanceclass_id_seq', 1, false);


--
-- Name: info_attendancerange_id_seq; Type: SEQUENCE SET; Schema: public; Owner: postgres
--

SELECT pg_catalog.setval('public.info_attendancerange_id_seq', 1, false);


--
-- Name: info_attendancetotal_id_seq; Type: SEQUENCE SET; Schema: public; Owner: postgres
--

SELECT pg_catalog.setval('public.info_attendancetotal_id_seq', 1, false);


--
-- Name: info_historicaldept_history_id_seq; Type: SEQUENCE SET; Schema: public; Owner: postgres
--

SELECT pg_catalog.setval('public.info_historicaldept_history_id_seq', 1, false);


--
-- Name: info_marks_id_seq; Type: SEQUENCE SET; Schema: public; Owner: postgres
--

SELECT pg_catalog.setval('public.info_marks_id_seq', 1, false);


--
-- Name: info_marksclass_id_seq; Type: SEQUENCE SET; Schema: public; Owner: postgres
--

SELECT pg_catalog.setval('public.info_marksclass_id_seq', 1, false);


--
-- Name: info_studentcourse_id_seq; Type: SEQUENCE SET; Schema: public; Owner: postgres
--

SELECT pg_catalog.setval('public.info_studentcourse_id_seq', 1, false);


--
-- Name: info_user_groups_id_seq; Type: SEQUENCE SET; Schema: public; Owner: postgres
--

SELECT pg_catalog.setval('public.info_user_groups_id_seq', 1, false);


--
-- Name: info_user_id_seq; Type: SEQUENCE SET; Schema: public; Owner: postgres
--

SELECT pg_catalog.setval('public.info_user_id_seq', 4, true);


--
-- Name: info_user_user_permissions_id_seq; Type: SEQUENCE SET; Schema: public; Owner: postgres
--

SELECT pg_catalog.setval('public.info_user_user_permissions_id_seq', 1, false);


--
-- Name: shop_item_id_seq; Type: SEQUENCE SET; Schema: public; Owner: postgres
--

SELECT pg_catalog.setval('public.shop_item_id_seq', 1, false);


--
-- Name: shop_purchase_id_seq; Type: SEQUENCE SET; Schema: public; Owner: postgres
--

SELECT pg_catalog.setval('public.shop_purchase_id_seq', 1, false);


--
-- Name: shop_rawrp_id_seq; Type: SEQUENCE SET; Schema: public; Owner: postgres
--

SELECT pg_catalog.setval('public.shop_rawrp_id_seq', 1, false);


--
-- Name: sms_ctdt_id_seq; Type: SEQUENCE SET; Schema: public; Owner: postgres
--

SELECT pg_catalog.setval('public.sms_ctdt_id_seq', 7, true);


--
-- Name: sms_ctdtmonhoc_id_seq; Type: SEQUENCE SET; Schema: public; Owner: postgres
--

SELECT pg_catalog.setval('public.sms_ctdtmonhoc_id_seq', 336, true);


--
-- Name: sms_diemdanh_id_seq; Type: SEQUENCE SET; Schema: public; Owner: postgres
--

SELECT pg_catalog.setval('public.sms_diemdanh_id_seq', 13, true);


--
-- Name: sms_diemdanhall_id_seq; Type: SEQUENCE SET; Schema: public; Owner: postgres
--

SELECT pg_catalog.setval('public.sms_diemdanhall_id_seq', 1, false);


--
-- Name: sms_diemthanhphan_id_seq; Type: SEQUENCE SET; Schema: public; Owner: postgres
--

SELECT pg_catalog.setval('public.sms_diemthanhphan_id_seq', 148, true);


--
-- Name: sms_giayto_hs81_id_seq; Type: SEQUENCE SET; Schema: public; Owner: postgres
--

SELECT pg_catalog.setval('public.sms_giayto_hs81_id_seq', 1, false);


--
-- Name: sms_gvlmh_id_seq; Type: SEQUENCE SET; Schema: public; Owner: postgres
--

SELECT pg_catalog.setval('public.sms_gvlmh_id_seq', 6, true);


--
-- Name: sms_gvlop_id_seq; Type: SEQUENCE SET; Schema: public; Owner: postgres
--

SELECT pg_catalog.setval('public.sms_gvlop_id_seq', 1, false);


--
-- Name: sms_gvmonhoc_id_seq; Type: SEQUENCE SET; Schema: public; Owner: postgres
--

SELECT pg_catalog.setval('public.sms_gvmonhoc_id_seq', 1, false);


--
-- Name: sms_hedt_id_seq; Type: SEQUENCE SET; Schema: public; Owner: postgres
--

SELECT pg_catalog.setval('public.sms_hedt_id_seq', 1, false);


--
-- Name: sms_historicalctdt_history_id_seq; Type: SEQUENCE SET; Schema: public; Owner: postgres
--

SELECT pg_catalog.setval('public.sms_historicalctdt_history_id_seq', 7, true);


--
-- Name: sms_historicalctdtmonhoc_history_id_seq; Type: SEQUENCE SET; Schema: public; Owner: postgres
--

SELECT pg_catalog.setval('public.sms_historicalctdtmonhoc_history_id_seq', 432, true);


--
-- Name: sms_historicaldiemdanh_history_id_seq; Type: SEQUENCE SET; Schema: public; Owner: postgres
--

SELECT pg_catalog.setval('public.sms_historicaldiemdanh_history_id_seq', 13, true);


--
-- Name: sms_historicaldiemthanhphan_history_id_seq; Type: SEQUENCE SET; Schema: public; Owner: postgres
--

SELECT pg_catalog.setval('public.sms_historicaldiemthanhphan_history_id_seq', 174, true);


--
-- Name: sms_historicalgiayto_hs81_history_id_seq; Type: SEQUENCE SET; Schema: public; Owner: postgres
--

SELECT pg_catalog.setval('public.sms_historicalgiayto_hs81_history_id_seq', 1, false);


--
-- Name: sms_historicalgvlmh_history_id_seq; Type: SEQUENCE SET; Schema: public; Owner: postgres
--

SELECT pg_catalog.setval('public.sms_historicalgvlmh_history_id_seq', 6, true);


--
-- Name: sms_historicalgvlop_history_id_seq; Type: SEQUENCE SET; Schema: public; Owner: postgres
--

SELECT pg_catalog.setval('public.sms_historicalgvlop_history_id_seq', 1, false);


--
-- Name: sms_historicalgvmonhoc_history_id_seq; Type: SEQUENCE SET; Schema: public; Owner: postgres
--

SELECT pg_catalog.setval('public.sms_historicalgvmonhoc_history_id_seq', 1, false);


--
-- Name: sms_historicalhedt_history_id_seq; Type: SEQUENCE SET; Schema: public; Owner: postgres
--

SELECT pg_catalog.setval('public.sms_historicalhedt_history_id_seq', 1, false);


--
-- Name: sms_historicalhocky_history_id_seq; Type: SEQUENCE SET; Schema: public; Owner: postgres
--

SELECT pg_catalog.setval('public.sms_historicalhocky_history_id_seq', 4, true);


--
-- Name: sms_historicalhocphi_history_id_seq; Type: SEQUENCE SET; Schema: public; Owner: postgres
--

SELECT pg_catalog.setval('public.sms_historicalhocphi_history_id_seq', 1, false);


--
-- Name: sms_historicalhocphistatus_history_id_seq; Type: SEQUENCE SET; Schema: public; Owner: postgres
--

SELECT pg_catalog.setval('public.sms_historicalhocphistatus_history_id_seq', 3, true);


--
-- Name: sms_historicalhp81_history_id_seq; Type: SEQUENCE SET; Schema: public; Owner: postgres
--

SELECT pg_catalog.setval('public.sms_historicalhp81_history_id_seq', 1, false);


--
-- Name: sms_historicalhs81_history_id_seq; Type: SEQUENCE SET; Schema: public; Owner: postgres
--

SELECT pg_catalog.setval('public.sms_historicalhs81_history_id_seq', 1, false);


--
-- Name: sms_historicalhsgv_history_id_seq; Type: SEQUENCE SET; Schema: public; Owner: postgres
--

SELECT pg_catalog.setval('public.sms_historicalhsgv_history_id_seq', 18, true);


--
-- Name: sms_historicalhsns_history_id_seq; Type: SEQUENCE SET; Schema: public; Owner: postgres
--

SELECT pg_catalog.setval('public.sms_historicalhsns_history_id_seq', 16, true);


--
-- Name: sms_historicalhssv_history_id_seq; Type: SEQUENCE SET; Schema: public; Owner: postgres
--

SELECT pg_catalog.setval('public.sms_historicalhssv_history_id_seq', 363, true);


--
-- Name: sms_historicalkhoahoc_history_id_seq; Type: SEQUENCE SET; Schema: public; Owner: postgres
--

SELECT pg_catalog.setval('public.sms_historicalkhoahoc_history_id_seq', 1, false);


--
-- Name: sms_historicallichhoc_history_id_seq; Type: SEQUENCE SET; Schema: public; Owner: postgres
--

SELECT pg_catalog.setval('public.sms_historicallichhoc_history_id_seq', 13, true);


--
-- Name: sms_historicalloaidiem_history_id_seq; Type: SEQUENCE SET; Schema: public; Owner: postgres
--

SELECT pg_catalog.setval('public.sms_historicalloaidiem_history_id_seq', 3, true);


--
-- Name: sms_historicallop_history_id_seq; Type: SEQUENCE SET; Schema: public; Owner: postgres
--

SELECT pg_catalog.setval('public.sms_historicallop_history_id_seq', 10, true);


--
-- Name: sms_historicallophk_history_id_seq; Type: SEQUENCE SET; Schema: public; Owner: postgres
--

SELECT pg_catalog.setval('public.sms_historicallophk_history_id_seq', 56, true);


--
-- Name: sms_historicallopmonhoc_history_id_seq; Type: SEQUENCE SET; Schema: public; Owner: postgres
--

SELECT pg_catalog.setval('public.sms_historicallopmonhoc_history_id_seq', 6, true);


--
-- Name: sms_historicalmonhoc_history_id_seq; Type: SEQUENCE SET; Schema: public; Owner: postgres
--

SELECT pg_catalog.setval('public.sms_historicalmonhoc_history_id_seq', 48, true);


--
-- Name: sms_historicalnganh_history_id_seq; Type: SEQUENCE SET; Schema: public; Owner: postgres
--

SELECT pg_catalog.setval('public.sms_historicalnganh_history_id_seq', 1, false);


--
-- Name: sms_historicalnslop_history_id_seq; Type: SEQUENCE SET; Schema: public; Owner: postgres
--

SELECT pg_catalog.setval('public.sms_historicalnslop_history_id_seq', 1, false);


--
-- Name: sms_historicalnsphong_history_id_seq; Type: SEQUENCE SET; Schema: public; Owner: postgres
--

SELECT pg_catalog.setval('public.sms_historicalnsphong_history_id_seq', 1, false);


--
-- Name: sms_historicalphong_history_id_seq; Type: SEQUENCE SET; Schema: public; Owner: postgres
--

SELECT pg_catalog.setval('public.sms_historicalphong_history_id_seq', 3, true);


--
-- Name: sms_historicalsvstatus_history_id_seq; Type: SEQUENCE SET; Schema: public; Owner: postgres
--

SELECT pg_catalog.setval('public.sms_historicalsvstatus_history_id_seq', 4, true);


--
-- Name: sms_historicaltrungtam_history_id_seq; Type: SEQUENCE SET; Schema: public; Owner: postgres
--

SELECT pg_catalog.setval('public.sms_historicaltrungtam_history_id_seq', 19, true);


--
-- Name: sms_historicalttgv_history_id_seq; Type: SEQUENCE SET; Schema: public; Owner: postgres
--

SELECT pg_catalog.setval('public.sms_historicalttgv_history_id_seq', 1, false);


--
-- Name: sms_historicaluploadedfile_history_id_seq; Type: SEQUENCE SET; Schema: public; Owner: postgres
--

SELECT pg_catalog.setval('public.sms_historicaluploadedfile_history_id_seq', 11, true);


--
-- Name: sms_hocky_id_seq; Type: SEQUENCE SET; Schema: public; Owner: postgres
--

SELECT pg_catalog.setval('public.sms_hocky_id_seq', 4, true);


--
-- Name: sms_hocphi_id_seq; Type: SEQUENCE SET; Schema: public; Owner: postgres
--

SELECT pg_catalog.setval('public.sms_hocphi_id_seq', 1, false);


--
-- Name: sms_hocphistatus_id_seq; Type: SEQUENCE SET; Schema: public; Owner: postgres
--

SELECT pg_catalog.setval('public.sms_hocphistatus_id_seq', 3, true);


--
-- Name: sms_hp81_id_seq; Type: SEQUENCE SET; Schema: public; Owner: postgres
--

SELECT pg_catalog.setval('public.sms_hp81_id_seq', 1, false);


--
-- Name: sms_hs81_id_seq; Type: SEQUENCE SET; Schema: public; Owner: postgres
--

SELECT pg_catalog.setval('public.sms_hs81_id_seq', 1, false);


--
-- Name: sms_hsgv_id_seq; Type: SEQUENCE SET; Schema: public; Owner: postgres
--

SELECT pg_catalog.setval('public.sms_hsgv_id_seq', 18, true);


--
-- Name: sms_hsns_id_seq; Type: SEQUENCE SET; Schema: public; Owner: postgres
--

SELECT pg_catalog.setval('public.sms_hsns_id_seq', 12, true);


--
-- Name: sms_hssv_id_seq; Type: SEQUENCE SET; Schema: public; Owner: postgres
--

SELECT pg_catalog.setval('public.sms_hssv_id_seq', 360, true);


--
-- Name: sms_khoahoc_id_seq; Type: SEQUENCE SET; Schema: public; Owner: postgres
--

SELECT pg_catalog.setval('public.sms_khoahoc_id_seq', 1, false);


--
-- Name: sms_lichhoc_id_seq; Type: SEQUENCE SET; Schema: public; Owner: postgres
--

SELECT pg_catalog.setval('public.sms_lichhoc_id_seq', 12, true);


--
-- Name: sms_loaidiem_id_seq; Type: SEQUENCE SET; Schema: public; Owner: postgres
--

SELECT pg_catalog.setval('public.sms_loaidiem_id_seq', 3, true);


--
-- Name: sms_logdiem_id_seq; Type: SEQUENCE SET; Schema: public; Owner: postgres
--

SELECT pg_catalog.setval('public.sms_logdiem_id_seq', 18, true);


--
-- Name: sms_lop_id_seq; Type: SEQUENCE SET; Schema: public; Owner: postgres
--

SELECT pg_catalog.setval('public.sms_lop_id_seq', 7, true);


--
-- Name: sms_lophk_id_seq; Type: SEQUENCE SET; Schema: public; Owner: postgres
--

SELECT pg_catalog.setval('public.sms_lophk_id_seq', 28, true);


--
-- Name: sms_lopmonhoc_id_seq; Type: SEQUENCE SET; Schema: public; Owner: postgres
--

SELECT pg_catalog.setval('public.sms_lopmonhoc_id_seq', 6, true);


--
-- Name: sms_monhoc_id_seq; Type: SEQUENCE SET; Schema: public; Owner: postgres
--

SELECT pg_catalog.setval('public.sms_monhoc_id_seq', 48, true);


--
-- Name: sms_nganh_id_seq; Type: SEQUENCE SET; Schema: public; Owner: postgres
--

SELECT pg_catalog.setval('public.sms_nganh_id_seq', 1, false);


--
-- Name: sms_nslop_id_seq; Type: SEQUENCE SET; Schema: public; Owner: postgres
--

SELECT pg_catalog.setval('public.sms_nslop_id_seq', 1, false);


--
-- Name: sms_nsphong_id_seq; Type: SEQUENCE SET; Schema: public; Owner: postgres
--

SELECT pg_catalog.setval('public.sms_nsphong_id_seq', 1, false);


--
-- Name: sms_phong_id_seq; Type: SEQUENCE SET; Schema: public; Owner: postgres
--

SELECT pg_catalog.setval('public.sms_phong_id_seq', 3, true);


--
-- Name: sms_svstatus_id_seq; Type: SEQUENCE SET; Schema: public; Owner: postgres
--

SELECT pg_catalog.setval('public.sms_svstatus_id_seq', 4, true);


--
-- Name: sms_teacherdeptinfo_id_seq; Type: SEQUENCE SET; Schema: public; Owner: postgres
--

SELECT pg_catalog.setval('public.sms_teacherdeptinfo_id_seq', 1, false);


--
-- Name: sms_teacherinfo_id_seq; Type: SEQUENCE SET; Schema: public; Owner: postgres
--

SELECT pg_catalog.setval('public.sms_teacherinfo_id_seq', 1, false);


--
-- Name: sms_teachersubinfo_id_seq; Type: SEQUENCE SET; Schema: public; Owner: postgres
--

SELECT pg_catalog.setval('public.sms_teachersubinfo_id_seq', 1, false);


--
-- Name: sms_trungtam_id_seq; Type: SEQUENCE SET; Schema: public; Owner: postgres
--

SELECT pg_catalog.setval('public.sms_trungtam_id_seq', 19, true);


--
-- Name: sms_ttgv_id_seq; Type: SEQUENCE SET; Schema: public; Owner: postgres
--

SELECT pg_catalog.setval('public.sms_ttgv_id_seq', 1, false);


--
-- Name: sms_uploadedfile_id_seq; Type: SEQUENCE SET; Schema: public; Owner: postgres
--

SELECT pg_catalog.setval('public.sms_uploadedfile_id_seq', 11, true);


--
-- Name: admin_interface_theme admin_interface_theme_name_30bda70f_uniq; Type: CONSTRAINT; Schema: public; Owner: postgres
--

ALTER TABLE ONLY public.admin_interface_theme
    ADD CONSTRAINT admin_interface_theme_name_30bda70f_uniq UNIQUE (name);


--
-- Name: admin_interface_theme admin_interface_theme_pkey; Type: CONSTRAINT; Schema: public; Owner: postgres
--

ALTER TABLE ONLY public.admin_interface_theme
    ADD CONSTRAINT admin_interface_theme_pkey PRIMARY KEY (id);


--
-- Name: auth_group auth_group_name_key; Type: CONSTRAINT; Schema: public; Owner: postgres
--

ALTER TABLE ONLY public.auth_group
    ADD CONSTRAINT auth_group_name_key UNIQUE (name);


--
-- Name: auth_group_permissions auth_group_permissions_group_id_permission_id_0cd325b0_uniq; Type: CONSTRAINT; Schema: public; Owner: postgres
--

ALTER TABLE ONLY public.auth_group_permissions
    ADD CONSTRAINT auth_group_permissions_group_id_permission_id_0cd325b0_uniq UNIQUE (group_id, permission_id);


--
-- Name: auth_group_permissions auth_group_permissions_pkey; Type: CONSTRAINT; Schema: public; Owner: postgres
--

ALTER TABLE ONLY public.auth_group_permissions
    ADD CONSTRAINT auth_group_permissions_pkey PRIMARY KEY (id);


--
-- Name: auth_group auth_group_pkey; Type: CONSTRAINT; Schema: public; Owner: postgres
--

ALTER TABLE ONLY public.auth_group
    ADD CONSTRAINT auth_group_pkey PRIMARY KEY (id);


--
-- Name: auth_permission auth_permission_content_type_id_codename_01ab375a_uniq; Type: CONSTRAINT; Schema: public; Owner: postgres
--

ALTER TABLE ONLY public.auth_permission
    ADD CONSTRAINT auth_permission_content_type_id_codename_01ab375a_uniq UNIQUE (content_type_id, codename);


--
-- Name: auth_permission auth_permission_pkey; Type: CONSTRAINT; Schema: public; Owner: postgres
--

ALTER TABLE ONLY public.auth_permission
    ADD CONSTRAINT auth_permission_pkey PRIMARY KEY (id);


--
-- Name: authtoken_token authtoken_token_pkey; Type: CONSTRAINT; Schema: public; Owner: postgres
--

ALTER TABLE ONLY public.authtoken_token
    ADD CONSTRAINT authtoken_token_pkey PRIMARY KEY (key);


--
-- Name: authtoken_token authtoken_token_user_id_key; Type: CONSTRAINT; Schema: public; Owner: postgres
--

ALTER TABLE ONLY public.authtoken_token
    ADD CONSTRAINT authtoken_token_user_id_key UNIQUE (user_id);


--
-- Name: dashboard_chamcongrp dashboard_chamcongrp_pkey; Type: CONSTRAINT; Schema: public; Owner: postgres
--

ALTER TABLE ONLY public.dashboard_chamcongrp
    ADD CONSTRAINT dashboard_chamcongrp_pkey PRIMARY KEY (id);


--
-- Name: dashboard_dashboard dashboard_dashboard_pkey; Type: CONSTRAINT; Schema: public; Owner: postgres
--

ALTER TABLE ONLY public.dashboard_dashboard
    ADD CONSTRAINT dashboard_dashboard_pkey PRIMARY KEY (id);


--
-- Name: dashboard_diemdanhrp dashboard_diemdanhrp_pkey; Type: CONSTRAINT; Schema: public; Owner: postgres
--

ALTER TABLE ONLY public.dashboard_diemdanhrp
    ADD CONSTRAINT dashboard_diemdanhrp_pkey PRIMARY KEY (id);


--
-- Name: dashboard_hocphirp dashboard_hocphirp_pkey; Type: CONSTRAINT; Schema: public; Owner: postgres
--

ALTER TABLE ONLY public.dashboard_hocphirp
    ADD CONSTRAINT dashboard_hocphirp_pkey PRIMARY KEY (id);


--
-- Name: dashboard_report dashboard_report_pkey; Type: CONSTRAINT; Schema: public; Owner: postgres
--

ALTER TABLE ONLY public.dashboard_report
    ADD CONSTRAINT dashboard_report_pkey PRIMARY KEY (id);


--
-- Name: django_admin_log django_admin_log_pkey; Type: CONSTRAINT; Schema: public; Owner: postgres
--

ALTER TABLE ONLY public.django_admin_log
    ADD CONSTRAINT django_admin_log_pkey PRIMARY KEY (id);


--
-- Name: django_content_type django_content_type_app_label_model_76bd3d3b_uniq; Type: CONSTRAINT; Schema: public; Owner: postgres
--

ALTER TABLE ONLY public.django_content_type
    ADD CONSTRAINT django_content_type_app_label_model_76bd3d3b_uniq UNIQUE (app_label, model);


--
-- Name: django_content_type django_content_type_pkey; Type: CONSTRAINT; Schema: public; Owner: postgres
--

ALTER TABLE ONLY public.django_content_type
    ADD CONSTRAINT django_content_type_pkey PRIMARY KEY (id);


--
-- Name: django_migrations django_migrations_pkey; Type: CONSTRAINT; Schema: public; Owner: postgres
--

ALTER TABLE ONLY public.django_migrations
    ADD CONSTRAINT django_migrations_pkey PRIMARY KEY (id);


--
-- Name: django_session django_session_pkey; Type: CONSTRAINT; Schema: public; Owner: postgres
--

ALTER TABLE ONLY public.django_session
    ADD CONSTRAINT django_session_pkey PRIMARY KEY (session_key);


--
-- Name: django_site django_site_domain_a2e37b91_uniq; Type: CONSTRAINT; Schema: public; Owner: postgres
--

ALTER TABLE ONLY public.django_site
    ADD CONSTRAINT django_site_domain_a2e37b91_uniq UNIQUE (domain);


--
-- Name: django_site django_site_pkey; Type: CONSTRAINT; Schema: public; Owner: postgres
--

ALTER TABLE ONLY public.django_site
    ADD CONSTRAINT django_site_pkey PRIMARY KEY (id);


--
-- Name: guardian_groupobjectpermission guardian_groupobjectperm_group_id_permission_id_o_3f189f7c_uniq; Type: CONSTRAINT; Schema: public; Owner: postgres
--

ALTER TABLE ONLY public.guardian_groupobjectpermission
    ADD CONSTRAINT guardian_groupobjectperm_group_id_permission_id_o_3f189f7c_uniq UNIQUE (group_id, permission_id, object_pk);


--
-- Name: guardian_groupobjectpermission guardian_groupobjectpermission_pkey; Type: CONSTRAINT; Schema: public; Owner: postgres
--

ALTER TABLE ONLY public.guardian_groupobjectpermission
    ADD CONSTRAINT guardian_groupobjectpermission_pkey PRIMARY KEY (id);


--
-- Name: guardian_userobjectpermission guardian_userobjectpermi_user_id_permission_id_ob_b0b3d2fc_uniq; Type: CONSTRAINT; Schema: public; Owner: postgres
--

ALTER TABLE ONLY public.guardian_userobjectpermission
    ADD CONSTRAINT guardian_userobjectpermi_user_id_permission_id_ob_b0b3d2fc_uniq UNIQUE (user_id, permission_id, object_pk);


--
-- Name: guardian_userobjectpermission guardian_userobjectpermission_pkey; Type: CONSTRAINT; Schema: public; Owner: postgres
--

ALTER TABLE ONLY public.guardian_userobjectpermission
    ADD CONSTRAINT guardian_userobjectpermission_pkey PRIMARY KEY (id);


--
-- Name: info_assign info_assign_course_id_class_id_id_teacher_id_fd958bf0_uniq; Type: CONSTRAINT; Schema: public; Owner: postgres
--

ALTER TABLE ONLY public.info_assign
    ADD CONSTRAINT info_assign_course_id_class_id_id_teacher_id_fd958bf0_uniq UNIQUE (course_id, class_id_id, teacher_id);


--
-- Name: info_assign info_assign_pkey; Type: CONSTRAINT; Schema: public; Owner: postgres
--

ALTER TABLE ONLY public.info_assign
    ADD CONSTRAINT info_assign_pkey PRIMARY KEY (id);


--
-- Name: info_assigntime info_assigntime_pkey; Type: CONSTRAINT; Schema: public; Owner: postgres
--

ALTER TABLE ONLY public.info_assigntime
    ADD CONSTRAINT info_assigntime_pkey PRIMARY KEY (id);


--
-- Name: info_attendance info_attendance_pkey; Type: CONSTRAINT; Schema: public; Owner: postgres
--

ALTER TABLE ONLY public.info_attendance
    ADD CONSTRAINT info_attendance_pkey PRIMARY KEY (id);


--
-- Name: info_attendanceclass info_attendanceclass_pkey; Type: CONSTRAINT; Schema: public; Owner: postgres
--

ALTER TABLE ONLY public.info_attendanceclass
    ADD CONSTRAINT info_attendanceclass_pkey PRIMARY KEY (id);


--
-- Name: info_attendancerange info_attendancerange_pkey; Type: CONSTRAINT; Schema: public; Owner: postgres
--

ALTER TABLE ONLY public.info_attendancerange
    ADD CONSTRAINT info_attendancerange_pkey PRIMARY KEY (id);


--
-- Name: info_attendancetotal info_attendancetotal_pkey; Type: CONSTRAINT; Schema: public; Owner: postgres
--

ALTER TABLE ONLY public.info_attendancetotal
    ADD CONSTRAINT info_attendancetotal_pkey PRIMARY KEY (id);


--
-- Name: info_attendancetotal info_attendancetotal_student_id_course_id_f5461a1c_uniq; Type: CONSTRAINT; Schema: public; Owner: postgres
--

ALTER TABLE ONLY public.info_attendancetotal
    ADD CONSTRAINT info_attendancetotal_student_id_course_id_f5461a1c_uniq UNIQUE (student_id, course_id);


--
-- Name: info_class info_class_pkey; Type: CONSTRAINT; Schema: public; Owner: postgres
--

ALTER TABLE ONLY public.info_class
    ADD CONSTRAINT info_class_pkey PRIMARY KEY (id);


--
-- Name: info_course info_course_pkey; Type: CONSTRAINT; Schema: public; Owner: postgres
--

ALTER TABLE ONLY public.info_course
    ADD CONSTRAINT info_course_pkey PRIMARY KEY (id);


--
-- Name: info_dept info_dept_pkey; Type: CONSTRAINT; Schema: public; Owner: postgres
--

ALTER TABLE ONLY public.info_dept
    ADD CONSTRAINT info_dept_pkey PRIMARY KEY (id);


--
-- Name: info_historicaldept info_historicaldept_pkey; Type: CONSTRAINT; Schema: public; Owner: postgres
--

ALTER TABLE ONLY public.info_historicaldept
    ADD CONSTRAINT info_historicaldept_pkey PRIMARY KEY (history_id);


--
-- Name: info_marks info_marks_pkey; Type: CONSTRAINT; Schema: public; Owner: postgres
--

ALTER TABLE ONLY public.info_marks
    ADD CONSTRAINT info_marks_pkey PRIMARY KEY (id);


--
-- Name: info_marks info_marks_studentcourse_id_name_1091fffa_uniq; Type: CONSTRAINT; Schema: public; Owner: postgres
--

ALTER TABLE ONLY public.info_marks
    ADD CONSTRAINT info_marks_studentcourse_id_name_1091fffa_uniq UNIQUE (studentcourse_id, name);


--
-- Name: info_marksclass info_marksclass_assign_id_name_e0207692_uniq; Type: CONSTRAINT; Schema: public; Owner: postgres
--

ALTER TABLE ONLY public.info_marksclass
    ADD CONSTRAINT info_marksclass_assign_id_name_e0207692_uniq UNIQUE (assign_id, name);


--
-- Name: info_marksclass info_marksclass_pkey; Type: CONSTRAINT; Schema: public; Owner: postgres
--

ALTER TABLE ONLY public.info_marksclass
    ADD CONSTRAINT info_marksclass_pkey PRIMARY KEY (id);


--
-- Name: info_student info_student_pkey; Type: CONSTRAINT; Schema: public; Owner: postgres
--

ALTER TABLE ONLY public.info_student
    ADD CONSTRAINT info_student_pkey PRIMARY KEY ("USN");


--
-- Name: info_student info_student_user_id_key; Type: CONSTRAINT; Schema: public; Owner: postgres
--

ALTER TABLE ONLY public.info_student
    ADD CONSTRAINT info_student_user_id_key UNIQUE (user_id);


--
-- Name: info_studentcourse info_studentcourse_pkey; Type: CONSTRAINT; Schema: public; Owner: postgres
--

ALTER TABLE ONLY public.info_studentcourse
    ADD CONSTRAINT info_studentcourse_pkey PRIMARY KEY (id);


--
-- Name: info_studentcourse info_studentcourse_student_id_course_id_96c683ba_uniq; Type: CONSTRAINT; Schema: public; Owner: postgres
--

ALTER TABLE ONLY public.info_studentcourse
    ADD CONSTRAINT info_studentcourse_student_id_course_id_96c683ba_uniq UNIQUE (student_id, course_id);


--
-- Name: info_teacher info_teacher_pkey; Type: CONSTRAINT; Schema: public; Owner: postgres
--

ALTER TABLE ONLY public.info_teacher
    ADD CONSTRAINT info_teacher_pkey PRIMARY KEY (id);


--
-- Name: info_teacher info_teacher_user_id_key; Type: CONSTRAINT; Schema: public; Owner: postgres
--

ALTER TABLE ONLY public.info_teacher
    ADD CONSTRAINT info_teacher_user_id_key UNIQUE (user_id);


--
-- Name: info_user_groups info_user_groups_pkey; Type: CONSTRAINT; Schema: public; Owner: postgres
--

ALTER TABLE ONLY public.info_user_groups
    ADD CONSTRAINT info_user_groups_pkey PRIMARY KEY (id);


--
-- Name: info_user_groups info_user_groups_user_id_group_id_1b352364_uniq; Type: CONSTRAINT; Schema: public; Owner: postgres
--

ALTER TABLE ONLY public.info_user_groups
    ADD CONSTRAINT info_user_groups_user_id_group_id_1b352364_uniq UNIQUE (user_id, group_id);


--
-- Name: info_user info_user_pkey; Type: CONSTRAINT; Schema: public; Owner: postgres
--

ALTER TABLE ONLY public.info_user
    ADD CONSTRAINT info_user_pkey PRIMARY KEY (id);


--
-- Name: info_user_user_permissions info_user_user_permissions_pkey; Type: CONSTRAINT; Schema: public; Owner: postgres
--

ALTER TABLE ONLY public.info_user_user_permissions
    ADD CONSTRAINT info_user_user_permissions_pkey PRIMARY KEY (id);


--
-- Name: info_user_user_permissions info_user_user_permissions_user_id_permission_id_86ac821e_uniq; Type: CONSTRAINT; Schema: public; Owner: postgres
--

ALTER TABLE ONLY public.info_user_user_permissions
    ADD CONSTRAINT info_user_user_permissions_user_id_permission_id_86ac821e_uniq UNIQUE (user_id, permission_id);


--
-- Name: info_user info_user_username_key; Type: CONSTRAINT; Schema: public; Owner: postgres
--

ALTER TABLE ONLY public.info_user
    ADD CONSTRAINT info_user_username_key UNIQUE (username);


--
-- Name: shop_item shop_item_pkey; Type: CONSTRAINT; Schema: public; Owner: postgres
--

ALTER TABLE ONLY public.shop_item
    ADD CONSTRAINT shop_item_pkey PRIMARY KEY (id);


--
-- Name: shop_purchase shop_purchase_pkey; Type: CONSTRAINT; Schema: public; Owner: postgres
--

ALTER TABLE ONLY public.shop_purchase
    ADD CONSTRAINT shop_purchase_pkey PRIMARY KEY (id);


--
-- Name: shop_rawrp shop_rawrp_pkey; Type: CONSTRAINT; Schema: public; Owner: postgres
--

ALTER TABLE ONLY public.shop_rawrp
    ADD CONSTRAINT shop_rawrp_pkey PRIMARY KEY (id);


--
-- Name: sms_ctdt sms_ctdt_pkey; Type: CONSTRAINT; Schema: public; Owner: postgres
--

ALTER TABLE ONLY public.sms_ctdt
    ADD CONSTRAINT sms_ctdt_pkey PRIMARY KEY (id);


--
-- Name: sms_ctdt sms_ctdt_ten_8acb8075_uniq; Type: CONSTRAINT; Schema: public; Owner: postgres
--

ALTER TABLE ONLY public.sms_ctdt
    ADD CONSTRAINT sms_ctdt_ten_8acb8075_uniq UNIQUE (ten);


--
-- Name: sms_ctdtmonhoc sms_ctdtmonhoc_ctdt_id_monhoc_id_2e111cea_uniq; Type: CONSTRAINT; Schema: public; Owner: postgres
--

ALTER TABLE ONLY public.sms_ctdtmonhoc
    ADD CONSTRAINT sms_ctdtmonhoc_ctdt_id_monhoc_id_2e111cea_uniq UNIQUE (ctdt_id, monhoc_id);


--
-- Name: sms_ctdtmonhoc sms_ctdtmonhoc_pkey; Type: CONSTRAINT; Schema: public; Owner: postgres
--

ALTER TABLE ONLY public.sms_ctdtmonhoc
    ADD CONSTRAINT sms_ctdtmonhoc_pkey PRIMARY KEY (id);


--
-- Name: sms_diemdanh sms_diemdanh_pkey; Type: CONSTRAINT; Schema: public; Owner: postgres
--

ALTER TABLE ONLY public.sms_diemdanh
    ADD CONSTRAINT sms_diemdanh_pkey PRIMARY KEY (id);


--
-- Name: sms_diemdanh sms_diemdanh_sv_id_lichhoc_id_c99858bb_uniq; Type: CONSTRAINT; Schema: public; Owner: postgres
--

ALTER TABLE ONLY public.sms_diemdanh
    ADD CONSTRAINT sms_diemdanh_sv_id_lichhoc_id_c99858bb_uniq UNIQUE (sv_id, lichhoc_id);


--
-- Name: sms_diemdanhall sms_diemdanhall_pkey; Type: CONSTRAINT; Schema: public; Owner: postgres
--

ALTER TABLE ONLY public.sms_diemdanhall
    ADD CONSTRAINT sms_diemdanhall_pkey PRIMARY KEY (id);


--
-- Name: sms_diemthanhphan sms_diemthanhphan_pkey; Type: CONSTRAINT; Schema: public; Owner: postgres
--

ALTER TABLE ONLY public.sms_diemthanhphan
    ADD CONSTRAINT sms_diemthanhphan_pkey PRIMARY KEY (id);


--
-- Name: sms_giayto_hs81 sms_giayto_hs81_pkey; Type: CONSTRAINT; Schema: public; Owner: postgres
--

ALTER TABLE ONLY public.sms_giayto_hs81
    ADD CONSTRAINT sms_giayto_hs81_pkey PRIMARY KEY (id);


--
-- Name: sms_gvlmh sms_gvlmh_gv_id_lopmh_id_c0e86365_uniq; Type: CONSTRAINT; Schema: public; Owner: postgres
--

ALTER TABLE ONLY public.sms_gvlmh
    ADD CONSTRAINT sms_gvlmh_gv_id_lopmh_id_c0e86365_uniq UNIQUE (gv_id, lopmh_id);


--
-- Name: sms_gvlmh sms_gvlmh_pkey; Type: CONSTRAINT; Schema: public; Owner: postgres
--

ALTER TABLE ONLY public.sms_gvlmh
    ADD CONSTRAINT sms_gvlmh_pkey PRIMARY KEY (id);


--
-- Name: sms_gvlop sms_gvlop_gv_id_lop_id_361dc33f_uniq; Type: CONSTRAINT; Schema: public; Owner: postgres
--

ALTER TABLE ONLY public.sms_gvlop
    ADD CONSTRAINT sms_gvlop_gv_id_lop_id_361dc33f_uniq UNIQUE (gv_id, lop_id);


--
-- Name: sms_gvlop sms_gvlop_pkey; Type: CONSTRAINT; Schema: public; Owner: postgres
--

ALTER TABLE ONLY public.sms_gvlop
    ADD CONSTRAINT sms_gvlop_pkey PRIMARY KEY (id);


--
-- Name: sms_gvmonhoc sms_gvmonhoc_gv_id_monhoc_id_ca6781c5_uniq; Type: CONSTRAINT; Schema: public; Owner: postgres
--

ALTER TABLE ONLY public.sms_gvmonhoc
    ADD CONSTRAINT sms_gvmonhoc_gv_id_monhoc_id_ca6781c5_uniq UNIQUE (gv_id, monhoc_id);


--
-- Name: sms_gvmonhoc sms_gvmonhoc_pkey; Type: CONSTRAINT; Schema: public; Owner: postgres
--

ALTER TABLE ONLY public.sms_gvmonhoc
    ADD CONSTRAINT sms_gvmonhoc_pkey PRIMARY KEY (id);


--
-- Name: sms_hedt sms_hedt_ma_ba6aa5e3_uniq; Type: CONSTRAINT; Schema: public; Owner: postgres
--

ALTER TABLE ONLY public.sms_hedt
    ADD CONSTRAINT sms_hedt_ma_ba6aa5e3_uniq UNIQUE (ma);


--
-- Name: sms_hedt sms_hedt_pkey; Type: CONSTRAINT; Schema: public; Owner: postgres
--

ALTER TABLE ONLY public.sms_hedt
    ADD CONSTRAINT sms_hedt_pkey PRIMARY KEY (id);


--
-- Name: sms_historicalctdt sms_historicalctdt_pkey; Type: CONSTRAINT; Schema: public; Owner: postgres
--

ALTER TABLE ONLY public.sms_historicalctdt
    ADD CONSTRAINT sms_historicalctdt_pkey PRIMARY KEY (history_id);


--
-- Name: sms_historicalctdtmonhoc sms_historicalctdtmonhoc_pkey; Type: CONSTRAINT; Schema: public; Owner: postgres
--

ALTER TABLE ONLY public.sms_historicalctdtmonhoc
    ADD CONSTRAINT sms_historicalctdtmonhoc_pkey PRIMARY KEY (history_id);


--
-- Name: sms_historicaldiemdanh sms_historicaldiemdanh_pkey; Type: CONSTRAINT; Schema: public; Owner: postgres
--

ALTER TABLE ONLY public.sms_historicaldiemdanh
    ADD CONSTRAINT sms_historicaldiemdanh_pkey PRIMARY KEY (history_id);


--
-- Name: sms_historicaldiemthanhphan sms_historicaldiemthanhphan_pkey; Type: CONSTRAINT; Schema: public; Owner: postgres
--

ALTER TABLE ONLY public.sms_historicaldiemthanhphan
    ADD CONSTRAINT sms_historicaldiemthanhphan_pkey PRIMARY KEY (history_id);


--
-- Name: sms_historicalgiayto_hs81 sms_historicalgiayto_hs81_pkey; Type: CONSTRAINT; Schema: public; Owner: postgres
--

ALTER TABLE ONLY public.sms_historicalgiayto_hs81
    ADD CONSTRAINT sms_historicalgiayto_hs81_pkey PRIMARY KEY (history_id);


--
-- Name: sms_historicalgvlmh sms_historicalgvlmh_pkey; Type: CONSTRAINT; Schema: public; Owner: postgres
--

ALTER TABLE ONLY public.sms_historicalgvlmh
    ADD CONSTRAINT sms_historicalgvlmh_pkey PRIMARY KEY (history_id);


--
-- Name: sms_historicalgvlop sms_historicalgvlop_pkey; Type: CONSTRAINT; Schema: public; Owner: postgres
--

ALTER TABLE ONLY public.sms_historicalgvlop
    ADD CONSTRAINT sms_historicalgvlop_pkey PRIMARY KEY (history_id);


--
-- Name: sms_historicalgvmonhoc sms_historicalgvmonhoc_pkey; Type: CONSTRAINT; Schema: public; Owner: postgres
--

ALTER TABLE ONLY public.sms_historicalgvmonhoc
    ADD CONSTRAINT sms_historicalgvmonhoc_pkey PRIMARY KEY (history_id);


--
-- Name: sms_historicalhedt sms_historicalhedt_pkey; Type: CONSTRAINT; Schema: public; Owner: postgres
--

ALTER TABLE ONLY public.sms_historicalhedt
    ADD CONSTRAINT sms_historicalhedt_pkey PRIMARY KEY (history_id);


--
-- Name: sms_historicalhocky sms_historicalhocky_pkey; Type: CONSTRAINT; Schema: public; Owner: postgres
--

ALTER TABLE ONLY public.sms_historicalhocky
    ADD CONSTRAINT sms_historicalhocky_pkey PRIMARY KEY (history_id);


--
-- Name: sms_historicalhocphi sms_historicalhocphi_pkey; Type: CONSTRAINT; Schema: public; Owner: postgres
--

ALTER TABLE ONLY public.sms_historicalhocphi
    ADD CONSTRAINT sms_historicalhocphi_pkey PRIMARY KEY (history_id);


--
-- Name: sms_historicalhocphistatus sms_historicalhocphistatus_pkey; Type: CONSTRAINT; Schema: public; Owner: postgres
--

ALTER TABLE ONLY public.sms_historicalhocphistatus
    ADD CONSTRAINT sms_historicalhocphistatus_pkey PRIMARY KEY (history_id);


--
-- Name: sms_historicalhp81 sms_historicalhp81_pkey; Type: CONSTRAINT; Schema: public; Owner: postgres
--

ALTER TABLE ONLY public.sms_historicalhp81
    ADD CONSTRAINT sms_historicalhp81_pkey PRIMARY KEY (history_id);


--
-- Name: sms_historicalhs81 sms_historicalhs81_pkey; Type: CONSTRAINT; Schema: public; Owner: postgres
--

ALTER TABLE ONLY public.sms_historicalhs81
    ADD CONSTRAINT sms_historicalhs81_pkey PRIMARY KEY (history_id);


--
-- Name: sms_historicalhsgv sms_historicalhsgv_pkey; Type: CONSTRAINT; Schema: public; Owner: postgres
--

ALTER TABLE ONLY public.sms_historicalhsgv
    ADD CONSTRAINT sms_historicalhsgv_pkey PRIMARY KEY (history_id);


--
-- Name: sms_historicalhsns sms_historicalhsns_pkey; Type: CONSTRAINT; Schema: public; Owner: postgres
--

ALTER TABLE ONLY public.sms_historicalhsns
    ADD CONSTRAINT sms_historicalhsns_pkey PRIMARY KEY (history_id);


--
-- Name: sms_historicalhssv sms_historicalhssv_pkey; Type: CONSTRAINT; Schema: public; Owner: postgres
--

ALTER TABLE ONLY public.sms_historicalhssv
    ADD CONSTRAINT sms_historicalhssv_pkey PRIMARY KEY (history_id);


--
-- Name: sms_historicalkhoahoc sms_historicalkhoahoc_pkey; Type: CONSTRAINT; Schema: public; Owner: postgres
--

ALTER TABLE ONLY public.sms_historicalkhoahoc
    ADD CONSTRAINT sms_historicalkhoahoc_pkey PRIMARY KEY (history_id);


--
-- Name: sms_historicallichhoc sms_historicallichhoc_pkey; Type: CONSTRAINT; Schema: public; Owner: postgres
--

ALTER TABLE ONLY public.sms_historicallichhoc
    ADD CONSTRAINT sms_historicallichhoc_pkey PRIMARY KEY (history_id);


--
-- Name: sms_historicalloaidiem sms_historicalloaidiem_pkey; Type: CONSTRAINT; Schema: public; Owner: postgres
--

ALTER TABLE ONLY public.sms_historicalloaidiem
    ADD CONSTRAINT sms_historicalloaidiem_pkey PRIMARY KEY (history_id);


--
-- Name: sms_historicallop sms_historicallop_pkey; Type: CONSTRAINT; Schema: public; Owner: postgres
--

ALTER TABLE ONLY public.sms_historicallop
    ADD CONSTRAINT sms_historicallop_pkey PRIMARY KEY (history_id);


--
-- Name: sms_historicallophk sms_historicallophk_pkey; Type: CONSTRAINT; Schema: public; Owner: postgres
--

ALTER TABLE ONLY public.sms_historicallophk
    ADD CONSTRAINT sms_historicallophk_pkey PRIMARY KEY (history_id);


--
-- Name: sms_historicallopmonhoc sms_historicallopmonhoc_pkey; Type: CONSTRAINT; Schema: public; Owner: postgres
--

ALTER TABLE ONLY public.sms_historicallopmonhoc
    ADD CONSTRAINT sms_historicallopmonhoc_pkey PRIMARY KEY (history_id);


--
-- Name: sms_historicalmonhoc sms_historicalmonhoc_pkey; Type: CONSTRAINT; Schema: public; Owner: postgres
--

ALTER TABLE ONLY public.sms_historicalmonhoc
    ADD CONSTRAINT sms_historicalmonhoc_pkey PRIMARY KEY (history_id);


--
-- Name: sms_historicalnganh sms_historicalnganh_pkey; Type: CONSTRAINT; Schema: public; Owner: postgres
--

ALTER TABLE ONLY public.sms_historicalnganh
    ADD CONSTRAINT sms_historicalnganh_pkey PRIMARY KEY (history_id);


--
-- Name: sms_historicalnslop sms_historicalnslop_pkey; Type: CONSTRAINT; Schema: public; Owner: postgres
--

ALTER TABLE ONLY public.sms_historicalnslop
    ADD CONSTRAINT sms_historicalnslop_pkey PRIMARY KEY (history_id);


--
-- Name: sms_historicalnsphong sms_historicalnsphong_pkey; Type: CONSTRAINT; Schema: public; Owner: postgres
--

ALTER TABLE ONLY public.sms_historicalnsphong
    ADD CONSTRAINT sms_historicalnsphong_pkey PRIMARY KEY (history_id);


--
-- Name: sms_historicalphong sms_historicalphong_pkey; Type: CONSTRAINT; Schema: public; Owner: postgres
--

ALTER TABLE ONLY public.sms_historicalphong
    ADD CONSTRAINT sms_historicalphong_pkey PRIMARY KEY (history_id);


--
-- Name: sms_historicalsvstatus sms_historicalsvstatus_pkey; Type: CONSTRAINT; Schema: public; Owner: postgres
--

ALTER TABLE ONLY public.sms_historicalsvstatus
    ADD CONSTRAINT sms_historicalsvstatus_pkey PRIMARY KEY (history_id);


--
-- Name: sms_historicaltrungtam sms_historicaltrungtam_pkey; Type: CONSTRAINT; Schema: public; Owner: postgres
--

ALTER TABLE ONLY public.sms_historicaltrungtam
    ADD CONSTRAINT sms_historicaltrungtam_pkey PRIMARY KEY (history_id);


--
-- Name: sms_historicalttgv sms_historicalttgv_pkey; Type: CONSTRAINT; Schema: public; Owner: postgres
--

ALTER TABLE ONLY public.sms_historicalttgv
    ADD CONSTRAINT sms_historicalttgv_pkey PRIMARY KEY (history_id);


--
-- Name: sms_historicaluploadedfile sms_historicaluploadedfile_pkey; Type: CONSTRAINT; Schema: public; Owner: postgres
--

ALTER TABLE ONLY public.sms_historicaluploadedfile
    ADD CONSTRAINT sms_historicaluploadedfile_pkey PRIMARY KEY (history_id);


--
-- Name: sms_hocky sms_hocky_ma_048918fa_uniq; Type: CONSTRAINT; Schema: public; Owner: postgres
--

ALTER TABLE ONLY public.sms_hocky
    ADD CONSTRAINT sms_hocky_ma_048918fa_uniq UNIQUE (ma);


--
-- Name: sms_hocky sms_hocky_pkey; Type: CONSTRAINT; Schema: public; Owner: postgres
--

ALTER TABLE ONLY public.sms_hocky
    ADD CONSTRAINT sms_hocky_pkey PRIMARY KEY (id);


--
-- Name: sms_hocphi sms_hocphi_pkey; Type: CONSTRAINT; Schema: public; Owner: postgres
--

ALTER TABLE ONLY public.sms_hocphi
    ADD CONSTRAINT sms_hocphi_pkey PRIMARY KEY (id);


--
-- Name: sms_hocphistatus sms_hocphistatus_ma_1aa71532_uniq; Type: CONSTRAINT; Schema: public; Owner: postgres
--

ALTER TABLE ONLY public.sms_hocphistatus
    ADD CONSTRAINT sms_hocphistatus_ma_1aa71532_uniq UNIQUE (ma);


--
-- Name: sms_hocphistatus sms_hocphistatus_pkey; Type: CONSTRAINT; Schema: public; Owner: postgres
--

ALTER TABLE ONLY public.sms_hocphistatus
    ADD CONSTRAINT sms_hocphistatus_pkey PRIMARY KEY (id);


--
-- Name: sms_hp81 sms_hp81_pkey; Type: CONSTRAINT; Schema: public; Owner: postgres
--

ALTER TABLE ONLY public.sms_hp81
    ADD CONSTRAINT sms_hp81_pkey PRIMARY KEY (id);


--
-- Name: sms_hp81 sms_hp81_sv_id_hk_id_8141ef52_uniq; Type: CONSTRAINT; Schema: public; Owner: postgres
--

ALTER TABLE ONLY public.sms_hp81
    ADD CONSTRAINT sms_hp81_sv_id_hk_id_8141ef52_uniq UNIQUE (sv_id, hk_id);


--
-- Name: sms_hs81 sms_hs81_pkey; Type: CONSTRAINT; Schema: public; Owner: postgres
--

ALTER TABLE ONLY public.sms_hs81
    ADD CONSTRAINT sms_hs81_pkey PRIMARY KEY (id);


--
-- Name: sms_hs81 sms_hs81_sv_id_hk_id_56292ed5_uniq; Type: CONSTRAINT; Schema: public; Owner: postgres
--

ALTER TABLE ONLY public.sms_hs81
    ADD CONSTRAINT sms_hs81_sv_id_hk_id_56292ed5_uniq UNIQUE (sv_id, hk_id);


--
-- Name: sms_hsgv sms_hsgv_ma_f4fe3a08_uniq; Type: CONSTRAINT; Schema: public; Owner: postgres
--

ALTER TABLE ONLY public.sms_hsgv
    ADD CONSTRAINT sms_hsgv_ma_f4fe3a08_uniq UNIQUE (ma);


--
-- Name: sms_hsgv sms_hsgv_pkey; Type: CONSTRAINT; Schema: public; Owner: postgres
--

ALTER TABLE ONLY public.sms_hsgv
    ADD CONSTRAINT sms_hsgv_pkey PRIMARY KEY (id);


--
-- Name: sms_hsgv sms_hsgv_user_id_key; Type: CONSTRAINT; Schema: public; Owner: postgres
--

ALTER TABLE ONLY public.sms_hsgv
    ADD CONSTRAINT sms_hsgv_user_id_key UNIQUE (user_id);


--
-- Name: sms_hsns sms_hsns_ma_a0f930a9_uniq; Type: CONSTRAINT; Schema: public; Owner: postgres
--

ALTER TABLE ONLY public.sms_hsns
    ADD CONSTRAINT sms_hsns_ma_a0f930a9_uniq UNIQUE (ma);


--
-- Name: sms_hsns sms_hsns_pkey; Type: CONSTRAINT; Schema: public; Owner: postgres
--

ALTER TABLE ONLY public.sms_hsns
    ADD CONSTRAINT sms_hsns_pkey PRIMARY KEY (id);


--
-- Name: sms_hsns sms_hsns_user_id_key; Type: CONSTRAINT; Schema: public; Owner: postgres
--

ALTER TABLE ONLY public.sms_hsns
    ADD CONSTRAINT sms_hsns_user_id_key UNIQUE (user_id);


--
-- Name: sms_hssv sms_hssv_msv_8a5efede_uniq; Type: CONSTRAINT; Schema: public; Owner: postgres
--

ALTER TABLE ONLY public.sms_hssv
    ADD CONSTRAINT sms_hssv_msv_8a5efede_uniq UNIQUE (msv);


--
-- Name: sms_hssv sms_hssv_pkey; Type: CONSTRAINT; Schema: public; Owner: postgres
--

ALTER TABLE ONLY public.sms_hssv
    ADD CONSTRAINT sms_hssv_pkey PRIMARY KEY (id);


--
-- Name: sms_hssv sms_hssv_user_id_key; Type: CONSTRAINT; Schema: public; Owner: postgres
--

ALTER TABLE ONLY public.sms_hssv
    ADD CONSTRAINT sms_hssv_user_id_key UNIQUE (user_id);


--
-- Name: sms_khoahoc sms_khoahoc_ma_18161e7b_uniq; Type: CONSTRAINT; Schema: public; Owner: postgres
--

ALTER TABLE ONLY public.sms_khoahoc
    ADD CONSTRAINT sms_khoahoc_ma_18161e7b_uniq UNIQUE (ma);


--
-- Name: sms_khoahoc sms_khoahoc_pkey; Type: CONSTRAINT; Schema: public; Owner: postgres
--

ALTER TABLE ONLY public.sms_khoahoc
    ADD CONSTRAINT sms_khoahoc_pkey PRIMARY KEY (id);


--
-- Name: sms_lichhoc sms_lichhoc_pkey; Type: CONSTRAINT; Schema: public; Owner: postgres
--

ALTER TABLE ONLY public.sms_lichhoc
    ADD CONSTRAINT sms_lichhoc_pkey PRIMARY KEY (id);


--
-- Name: sms_loaidiem sms_loaidiem_ma_9cadad78_uniq; Type: CONSTRAINT; Schema: public; Owner: postgres
--

ALTER TABLE ONLY public.sms_loaidiem
    ADD CONSTRAINT sms_loaidiem_ma_9cadad78_uniq UNIQUE (ma);


--
-- Name: sms_loaidiem sms_loaidiem_pkey; Type: CONSTRAINT; Schema: public; Owner: postgres
--

ALTER TABLE ONLY public.sms_loaidiem
    ADD CONSTRAINT sms_loaidiem_pkey PRIMARY KEY (id);


--
-- Name: sms_logdiem sms_logdiem_pkey; Type: CONSTRAINT; Schema: public; Owner: postgres
--

ALTER TABLE ONLY public.sms_logdiem
    ADD CONSTRAINT sms_logdiem_pkey PRIMARY KEY (id);


--
-- Name: sms_lop sms_lop_ma_f0db0926_uniq; Type: CONSTRAINT; Schema: public; Owner: postgres
--

ALTER TABLE ONLY public.sms_lop
    ADD CONSTRAINT sms_lop_ma_f0db0926_uniq UNIQUE (ma);


--
-- Name: sms_lop sms_lop_pkey; Type: CONSTRAINT; Schema: public; Owner: postgres
--

ALTER TABLE ONLY public.sms_lop
    ADD CONSTRAINT sms_lop_pkey PRIMARY KEY (id);


--
-- Name: sms_lophk sms_lophk_lop_id_hk_id_9f197d6e_uniq; Type: CONSTRAINT; Schema: public; Owner: postgres
--

ALTER TABLE ONLY public.sms_lophk
    ADD CONSTRAINT sms_lophk_lop_id_hk_id_9f197d6e_uniq UNIQUE (lop_id, hk_id);


--
-- Name: sms_lophk sms_lophk_pkey; Type: CONSTRAINT; Schema: public; Owner: postgres
--

ALTER TABLE ONLY public.sms_lophk
    ADD CONSTRAINT sms_lophk_pkey PRIMARY KEY (id);


--
-- Name: sms_lopmonhoc sms_lopmonhoc_lop_id_monhoc_id_ed553f06_uniq; Type: CONSTRAINT; Schema: public; Owner: postgres
--

ALTER TABLE ONLY public.sms_lopmonhoc
    ADD CONSTRAINT sms_lopmonhoc_lop_id_monhoc_id_ed553f06_uniq UNIQUE (lop_id, monhoc_id);


--
-- Name: sms_lopmonhoc sms_lopmonhoc_pkey; Type: CONSTRAINT; Schema: public; Owner: postgres
--

ALTER TABLE ONLY public.sms_lopmonhoc
    ADD CONSTRAINT sms_lopmonhoc_pkey PRIMARY KEY (id);


--
-- Name: sms_monhoc sms_monhoc_ma_ten_chuongtrinh_26d029ba_uniq; Type: CONSTRAINT; Schema: public; Owner: postgres
--

ALTER TABLE ONLY public.sms_monhoc
    ADD CONSTRAINT sms_monhoc_ma_ten_chuongtrinh_26d029ba_uniq UNIQUE (ma, ten, chuongtrinh);


--
-- Name: sms_monhoc sms_monhoc_pkey; Type: CONSTRAINT; Schema: public; Owner: postgres
--

ALTER TABLE ONLY public.sms_monhoc
    ADD CONSTRAINT sms_monhoc_pkey PRIMARY KEY (id);


--
-- Name: sms_nganh sms_nganh_ma_6437ac2b_uniq; Type: CONSTRAINT; Schema: public; Owner: postgres
--

ALTER TABLE ONLY public.sms_nganh
    ADD CONSTRAINT sms_nganh_ma_6437ac2b_uniq UNIQUE (ma);


--
-- Name: sms_nganh sms_nganh_pkey; Type: CONSTRAINT; Schema: public; Owner: postgres
--

ALTER TABLE ONLY public.sms_nganh
    ADD CONSTRAINT sms_nganh_pkey PRIMARY KEY (id);


--
-- Name: sms_nslop sms_nslop_ns_id_lop_id_a24b2e54_uniq; Type: CONSTRAINT; Schema: public; Owner: postgres
--

ALTER TABLE ONLY public.sms_nslop
    ADD CONSTRAINT sms_nslop_ns_id_lop_id_a24b2e54_uniq UNIQUE (ns_id, lop_id);


--
-- Name: sms_nslop sms_nslop_pkey; Type: CONSTRAINT; Schema: public; Owner: postgres
--

ALTER TABLE ONLY public.sms_nslop
    ADD CONSTRAINT sms_nslop_pkey PRIMARY KEY (id);


--
-- Name: sms_nsphong sms_nsphong_ns_id_phong_id_4bebba36_uniq; Type: CONSTRAINT; Schema: public; Owner: postgres
--

ALTER TABLE ONLY public.sms_nsphong
    ADD CONSTRAINT sms_nsphong_ns_id_phong_id_4bebba36_uniq UNIQUE (ns_id, phong_id);


--
-- Name: sms_nsphong sms_nsphong_pkey; Type: CONSTRAINT; Schema: public; Owner: postgres
--

ALTER TABLE ONLY public.sms_nsphong
    ADD CONSTRAINT sms_nsphong_pkey PRIMARY KEY (id);


--
-- Name: sms_phong sms_phong_ma_cc77acd3_uniq; Type: CONSTRAINT; Schema: public; Owner: postgres
--

ALTER TABLE ONLY public.sms_phong
    ADD CONSTRAINT sms_phong_ma_cc77acd3_uniq UNIQUE (ma);


--
-- Name: sms_phong sms_phong_pkey; Type: CONSTRAINT; Schema: public; Owner: postgres
--

ALTER TABLE ONLY public.sms_phong
    ADD CONSTRAINT sms_phong_pkey PRIMARY KEY (id);


--
-- Name: sms_svstatus sms_svstatus_ma_da9029b4_uniq; Type: CONSTRAINT; Schema: public; Owner: postgres
--

ALTER TABLE ONLY public.sms_svstatus
    ADD CONSTRAINT sms_svstatus_ma_da9029b4_uniq UNIQUE (ma);


--
-- Name: sms_svstatus sms_svstatus_pkey; Type: CONSTRAINT; Schema: public; Owner: postgres
--

ALTER TABLE ONLY public.sms_svstatus
    ADD CONSTRAINT sms_svstatus_pkey PRIMARY KEY (id);


--
-- Name: sms_teacherdeptinfo sms_teacherdeptinfo_pkey; Type: CONSTRAINT; Schema: public; Owner: postgres
--

ALTER TABLE ONLY public.sms_teacherdeptinfo
    ADD CONSTRAINT sms_teacherdeptinfo_pkey PRIMARY KEY (id);


--
-- Name: sms_teacherinfo sms_teacherinfo_email_key; Type: CONSTRAINT; Schema: public; Owner: postgres
--

ALTER TABLE ONLY public.sms_teacherinfo
    ADD CONSTRAINT sms_teacherinfo_email_key UNIQUE (email);


--
-- Name: sms_teacherinfo sms_teacherinfo_pkey; Type: CONSTRAINT; Schema: public; Owner: postgres
--

ALTER TABLE ONLY public.sms_teacherinfo
    ADD CONSTRAINT sms_teacherinfo_pkey PRIMARY KEY (id);


--
-- Name: sms_teachersubinfo sms_teachersubinfo_pkey; Type: CONSTRAINT; Schema: public; Owner: postgres
--

ALTER TABLE ONLY public.sms_teachersubinfo
    ADD CONSTRAINT sms_teachersubinfo_pkey PRIMARY KEY (id);


--
-- Name: sms_trungtam sms_trungtam_ma_ae2c38a7_uniq; Type: CONSTRAINT; Schema: public; Owner: postgres
--

ALTER TABLE ONLY public.sms_trungtam
    ADD CONSTRAINT sms_trungtam_ma_ae2c38a7_uniq UNIQUE (ma);


--
-- Name: sms_trungtam sms_trungtam_pkey; Type: CONSTRAINT; Schema: public; Owner: postgres
--

ALTER TABLE ONLY public.sms_trungtam
    ADD CONSTRAINT sms_trungtam_pkey PRIMARY KEY (id);


--
-- Name: sms_ttgv sms_ttgv_gv_id_lopmh_id_6b0fad90_uniq; Type: CONSTRAINT; Schema: public; Owner: postgres
--

ALTER TABLE ONLY public.sms_ttgv
    ADD CONSTRAINT sms_ttgv_gv_id_lopmh_id_6b0fad90_uniq UNIQUE (gv_id, lopmh_id);


--
-- Name: sms_ttgv sms_ttgv_pkey; Type: CONSTRAINT; Schema: public; Owner: postgres
--

ALTER TABLE ONLY public.sms_ttgv
    ADD CONSTRAINT sms_ttgv_pkey PRIMARY KEY (id);


--
-- Name: sms_uploadedfile sms_uploadedfile_pkey; Type: CONSTRAINT; Schema: public; Owner: postgres
--

ALTER TABLE ONLY public.sms_uploadedfile
    ADD CONSTRAINT sms_uploadedfile_pkey PRIMARY KEY (id);


--
-- Name: admin_interface_theme_name_30bda70f_like; Type: INDEX; Schema: public; Owner: postgres
--

CREATE INDEX admin_interface_theme_name_30bda70f_like ON public.admin_interface_theme USING btree (name varchar_pattern_ops);


--
-- Name: auth_group_name_a6ea08ec_like; Type: INDEX; Schema: public; Owner: postgres
--

CREATE INDEX auth_group_name_a6ea08ec_like ON public.auth_group USING btree (name varchar_pattern_ops);


--
-- Name: auth_group_permissions_group_id_b120cbf9; Type: INDEX; Schema: public; Owner: postgres
--

CREATE INDEX auth_group_permissions_group_id_b120cbf9 ON public.auth_group_permissions USING btree (group_id);


--
-- Name: auth_group_permissions_permission_id_84c5c92e; Type: INDEX; Schema: public; Owner: postgres
--

CREATE INDEX auth_group_permissions_permission_id_84c5c92e ON public.auth_group_permissions USING btree (permission_id);


--
-- Name: auth_permission_content_type_id_2f476e4b; Type: INDEX; Schema: public; Owner: postgres
--

CREATE INDEX auth_permission_content_type_id_2f476e4b ON public.auth_permission USING btree (content_type_id);


--
-- Name: authtoken_token_key_10f0b77e_like; Type: INDEX; Schema: public; Owner: postgres
--

CREATE INDEX authtoken_token_key_10f0b77e_like ON public.authtoken_token USING btree (key varchar_pattern_ops);


--
-- Name: django_admin_log_content_type_id_c4bce8eb; Type: INDEX; Schema: public; Owner: postgres
--

CREATE INDEX django_admin_log_content_type_id_c4bce8eb ON public.django_admin_log USING btree (content_type_id);


--
-- Name: django_admin_log_user_id_c564eba6; Type: INDEX; Schema: public; Owner: postgres
--

CREATE INDEX django_admin_log_user_id_c564eba6 ON public.django_admin_log USING btree (user_id);


--
-- Name: django_session_expire_date_a5c62663; Type: INDEX; Schema: public; Owner: postgres
--

CREATE INDEX django_session_expire_date_a5c62663 ON public.django_session USING btree (expire_date);


--
-- Name: django_session_session_key_c0390e0f_like; Type: INDEX; Schema: public; Owner: postgres
--

CREATE INDEX django_session_session_key_c0390e0f_like ON public.django_session USING btree (session_key varchar_pattern_ops);


--
-- Name: django_site_domain_a2e37b91_like; Type: INDEX; Schema: public; Owner: postgres
--

CREATE INDEX django_site_domain_a2e37b91_like ON public.django_site USING btree (domain varchar_pattern_ops);


--
-- Name: guardian_gr_content_ae6aec_idx; Type: INDEX; Schema: public; Owner: postgres
--

CREATE INDEX guardian_gr_content_ae6aec_idx ON public.guardian_groupobjectpermission USING btree (content_type_id, object_pk);


--
-- Name: guardian_groupobjectpermission_content_type_id_7ade36b8; Type: INDEX; Schema: public; Owner: postgres
--

CREATE INDEX guardian_groupobjectpermission_content_type_id_7ade36b8 ON public.guardian_groupobjectpermission USING btree (content_type_id);


--
-- Name: guardian_groupobjectpermission_group_id_4bbbfb62; Type: INDEX; Schema: public; Owner: postgres
--

CREATE INDEX guardian_groupobjectpermission_group_id_4bbbfb62 ON public.guardian_groupobjectpermission USING btree (group_id);


--
-- Name: guardian_groupobjectpermission_permission_id_36572738; Type: INDEX; Schema: public; Owner: postgres
--

CREATE INDEX guardian_groupobjectpermission_permission_id_36572738 ON public.guardian_groupobjectpermission USING btree (permission_id);


--
-- Name: guardian_us_content_179ed2_idx; Type: INDEX; Schema: public; Owner: postgres
--

CREATE INDEX guardian_us_content_179ed2_idx ON public.guardian_userobjectpermission USING btree (content_type_id, object_pk);


--
-- Name: guardian_userobjectpermission_content_type_id_2e892405; Type: INDEX; Schema: public; Owner: postgres
--

CREATE INDEX guardian_userobjectpermission_content_type_id_2e892405 ON public.guardian_userobjectpermission USING btree (content_type_id);


--
-- Name: guardian_userobjectpermission_permission_id_71807bfc; Type: INDEX; Schema: public; Owner: postgres
--

CREATE INDEX guardian_userobjectpermission_permission_id_71807bfc ON public.guardian_userobjectpermission USING btree (permission_id);


--
-- Name: guardian_userobjectpermission_user_id_d5c1e964; Type: INDEX; Schema: public; Owner: postgres
--

CREATE INDEX guardian_userobjectpermission_user_id_d5c1e964 ON public.guardian_userobjectpermission USING btree (user_id);


--
-- Name: info_assign_class_id_id_97445caa; Type: INDEX; Schema: public; Owner: postgres
--

CREATE INDEX info_assign_class_id_id_97445caa ON public.info_assign USING btree (class_id_id);


--
-- Name: info_assign_class_id_id_97445caa_like; Type: INDEX; Schema: public; Owner: postgres
--

CREATE INDEX info_assign_class_id_id_97445caa_like ON public.info_assign USING btree (class_id_id varchar_pattern_ops);


--
-- Name: info_assign_course_id_50da791d; Type: INDEX; Schema: public; Owner: postgres
--

CREATE INDEX info_assign_course_id_50da791d ON public.info_assign USING btree (course_id);


--
-- Name: info_assign_course_id_50da791d_like; Type: INDEX; Schema: public; Owner: postgres
--

CREATE INDEX info_assign_course_id_50da791d_like ON public.info_assign USING btree (course_id varchar_pattern_ops);


--
-- Name: info_assign_teacher_id_4cc729a9; Type: INDEX; Schema: public; Owner: postgres
--

CREATE INDEX info_assign_teacher_id_4cc729a9 ON public.info_assign USING btree (teacher_id);


--
-- Name: info_assign_teacher_id_4cc729a9_like; Type: INDEX; Schema: public; Owner: postgres
--

CREATE INDEX info_assign_teacher_id_4cc729a9_like ON public.info_assign USING btree (teacher_id varchar_pattern_ops);


--
-- Name: info_assigntime_assign_id_dea972e8; Type: INDEX; Schema: public; Owner: postgres
--

CREATE INDEX info_assigntime_assign_id_dea972e8 ON public.info_assigntime USING btree (assign_id);


--
-- Name: info_attendance_attendanceclass_id_165ae557; Type: INDEX; Schema: public; Owner: postgres
--

CREATE INDEX info_attendance_attendanceclass_id_165ae557 ON public.info_attendance USING btree (attendanceclass_id);


--
-- Name: info_attendance_course_id_862fb2a9; Type: INDEX; Schema: public; Owner: postgres
--

CREATE INDEX info_attendance_course_id_862fb2a9 ON public.info_attendance USING btree (course_id);


--
-- Name: info_attendance_course_id_862fb2a9_like; Type: INDEX; Schema: public; Owner: postgres
--

CREATE INDEX info_attendance_course_id_862fb2a9_like ON public.info_attendance USING btree (course_id varchar_pattern_ops);


--
-- Name: info_attendance_student_id_a3848ef5; Type: INDEX; Schema: public; Owner: postgres
--

CREATE INDEX info_attendance_student_id_a3848ef5 ON public.info_attendance USING btree (student_id);


--
-- Name: info_attendance_student_id_a3848ef5_like; Type: INDEX; Schema: public; Owner: postgres
--

CREATE INDEX info_attendance_student_id_a3848ef5_like ON public.info_attendance USING btree (student_id varchar_pattern_ops);


--
-- Name: info_attendanceclass_assign_id_8241361c; Type: INDEX; Schema: public; Owner: postgres
--

CREATE INDEX info_attendanceclass_assign_id_8241361c ON public.info_attendanceclass USING btree (assign_id);


--
-- Name: info_attendancetotal_course_id_d7c45376; Type: INDEX; Schema: public; Owner: postgres
--

CREATE INDEX info_attendancetotal_course_id_d7c45376 ON public.info_attendancetotal USING btree (course_id);


--
-- Name: info_attendancetotal_course_id_d7c45376_like; Type: INDEX; Schema: public; Owner: postgres
--

CREATE INDEX info_attendancetotal_course_id_d7c45376_like ON public.info_attendancetotal USING btree (course_id varchar_pattern_ops);


--
-- Name: info_attendancetotal_student_id_47e719b1; Type: INDEX; Schema: public; Owner: postgres
--

CREATE INDEX info_attendancetotal_student_id_47e719b1 ON public.info_attendancetotal USING btree (student_id);


--
-- Name: info_attendancetotal_student_id_47e719b1_like; Type: INDEX; Schema: public; Owner: postgres
--

CREATE INDEX info_attendancetotal_student_id_47e719b1_like ON public.info_attendancetotal USING btree (student_id varchar_pattern_ops);


--
-- Name: info_class_dept_id_eac78ba6; Type: INDEX; Schema: public; Owner: postgres
--

CREATE INDEX info_class_dept_id_eac78ba6 ON public.info_class USING btree (dept_id);


--
-- Name: info_class_dept_id_eac78ba6_like; Type: INDEX; Schema: public; Owner: postgres
--

CREATE INDEX info_class_dept_id_eac78ba6_like ON public.info_class USING btree (dept_id varchar_pattern_ops);


--
-- Name: info_class_id_e0643062_like; Type: INDEX; Schema: public; Owner: postgres
--

CREATE INDEX info_class_id_e0643062_like ON public.info_class USING btree (id varchar_pattern_ops);


--
-- Name: info_course_dept_id_8783e216; Type: INDEX; Schema: public; Owner: postgres
--

CREATE INDEX info_course_dept_id_8783e216 ON public.info_course USING btree (dept_id);


--
-- Name: info_course_dept_id_8783e216_like; Type: INDEX; Schema: public; Owner: postgres
--

CREATE INDEX info_course_dept_id_8783e216_like ON public.info_course USING btree (dept_id varchar_pattern_ops);


--
-- Name: info_course_id_3cb5c07f_like; Type: INDEX; Schema: public; Owner: postgres
--

CREATE INDEX info_course_id_3cb5c07f_like ON public.info_course USING btree (id varchar_pattern_ops);


--
-- Name: info_dept_id_0c6f25a6_like; Type: INDEX; Schema: public; Owner: postgres
--

CREATE INDEX info_dept_id_0c6f25a6_like ON public.info_dept USING btree (id varchar_pattern_ops);


--
-- Name: info_historicaldept_history_date_6a1ec050; Type: INDEX; Schema: public; Owner: postgres
--

CREATE INDEX info_historicaldept_history_date_6a1ec050 ON public.info_historicaldept USING btree (history_date);


--
-- Name: info_historicaldept_history_user_id_95be2c59; Type: INDEX; Schema: public; Owner: postgres
--

CREATE INDEX info_historicaldept_history_user_id_95be2c59 ON public.info_historicaldept USING btree (history_user_id);


--
-- Name: info_historicaldept_id_49884c6b; Type: INDEX; Schema: public; Owner: postgres
--

CREATE INDEX info_historicaldept_id_49884c6b ON public.info_historicaldept USING btree (id);


--
-- Name: info_historicaldept_id_49884c6b_like; Type: INDEX; Schema: public; Owner: postgres
--

CREATE INDEX info_historicaldept_id_49884c6b_like ON public.info_historicaldept USING btree (id varchar_pattern_ops);


--
-- Name: info_marks_studentcourse_id_9db4f113; Type: INDEX; Schema: public; Owner: postgres
--

CREATE INDEX info_marks_studentcourse_id_9db4f113 ON public.info_marks USING btree (studentcourse_id);


--
-- Name: info_marksclass_assign_id_06c0e888; Type: INDEX; Schema: public; Owner: postgres
--

CREATE INDEX info_marksclass_assign_id_06c0e888 ON public.info_marksclass USING btree (assign_id);


--
-- Name: info_student_USN_ff1805a3_like; Type: INDEX; Schema: public; Owner: postgres
--

CREATE INDEX "info_student_USN_ff1805a3_like" ON public.info_student USING btree ("USN" varchar_pattern_ops);


--
-- Name: info_student_class_id_id_49fe47c8; Type: INDEX; Schema: public; Owner: postgres
--

CREATE INDEX info_student_class_id_id_49fe47c8 ON public.info_student USING btree (class_id_id);


--
-- Name: info_student_class_id_id_49fe47c8_like; Type: INDEX; Schema: public; Owner: postgres
--

CREATE INDEX info_student_class_id_id_49fe47c8_like ON public.info_student USING btree (class_id_id varchar_pattern_ops);


--
-- Name: info_studentcourse_course_id_2aac8b3b; Type: INDEX; Schema: public; Owner: postgres
--

CREATE INDEX info_studentcourse_course_id_2aac8b3b ON public.info_studentcourse USING btree (course_id);


--
-- Name: info_studentcourse_course_id_2aac8b3b_like; Type: INDEX; Schema: public; Owner: postgres
--

CREATE INDEX info_studentcourse_course_id_2aac8b3b_like ON public.info_studentcourse USING btree (course_id varchar_pattern_ops);


--
-- Name: info_studentcourse_student_id_824a5a25; Type: INDEX; Schema: public; Owner: postgres
--

CREATE INDEX info_studentcourse_student_id_824a5a25 ON public.info_studentcourse USING btree (student_id);


--
-- Name: info_studentcourse_student_id_824a5a25_like; Type: INDEX; Schema: public; Owner: postgres
--

CREATE INDEX info_studentcourse_student_id_824a5a25_like ON public.info_studentcourse USING btree (student_id varchar_pattern_ops);


--
-- Name: info_teacher_dept_id_e65acdf7; Type: INDEX; Schema: public; Owner: postgres
--

CREATE INDEX info_teacher_dept_id_e65acdf7 ON public.info_teacher USING btree (dept_id);


--
-- Name: info_teacher_dept_id_e65acdf7_like; Type: INDEX; Schema: public; Owner: postgres
--

CREATE INDEX info_teacher_dept_id_e65acdf7_like ON public.info_teacher USING btree (dept_id varchar_pattern_ops);


--
-- Name: info_teacher_id_7162de2f_like; Type: INDEX; Schema: public; Owner: postgres
--

CREATE INDEX info_teacher_id_7162de2f_like ON public.info_teacher USING btree (id varchar_pattern_ops);


--
-- Name: info_user_groups_group_id_40dffdbb; Type: INDEX; Schema: public; Owner: postgres
--

CREATE INDEX info_user_groups_group_id_40dffdbb ON public.info_user_groups USING btree (group_id);


--
-- Name: info_user_groups_user_id_583ab83a; Type: INDEX; Schema: public; Owner: postgres
--

CREATE INDEX info_user_groups_user_id_583ab83a ON public.info_user_groups USING btree (user_id);


--
-- Name: info_user_user_permissions_permission_id_839364f4; Type: INDEX; Schema: public; Owner: postgres
--

CREATE INDEX info_user_user_permissions_permission_id_839364f4 ON public.info_user_user_permissions USING btree (permission_id);


--
-- Name: info_user_user_permissions_user_id_ffc10b58; Type: INDEX; Schema: public; Owner: postgres
--

CREATE INDEX info_user_user_permissions_user_id_ffc10b58 ON public.info_user_user_permissions USING btree (user_id);


--
-- Name: info_user_username_5f64c2d6_like; Type: INDEX; Schema: public; Owner: postgres
--

CREATE INDEX info_user_username_5f64c2d6_like ON public.info_user USING btree (username varchar_pattern_ops);


--
-- Name: shop_purchase_item_id_59b806b2; Type: INDEX; Schema: public; Owner: postgres
--

CREATE INDEX shop_purchase_item_id_59b806b2 ON public.shop_purchase USING btree (item_id);


--
-- Name: sms_ctdtmonhoc_ctdt_id_076e75ac; Type: INDEX; Schema: public; Owner: postgres
--

CREATE INDEX sms_ctdtmonhoc_ctdt_id_076e75ac ON public.sms_ctdtmonhoc USING btree (ctdt_id);


--
-- Name: sms_ctdtmonhoc_monhoc_id_c985084d; Type: INDEX; Schema: public; Owner: postgres
--

CREATE INDEX sms_ctdtmonhoc_monhoc_id_c985084d ON public.sms_ctdtmonhoc USING btree (monhoc_id);


--
-- Name: sms_diemdanh_lichhoc_id_b2d67e2d; Type: INDEX; Schema: public; Owner: postgres
--

CREATE INDEX sms_diemdanh_lichhoc_id_b2d67e2d ON public.sms_diemdanh USING btree (lichhoc_id);


--
-- Name: sms_diemdanh_sv_id_1ff6e2ed; Type: INDEX; Schema: public; Owner: postgres
--

CREATE INDEX sms_diemdanh_sv_id_1ff6e2ed ON public.sms_diemdanh USING btree (sv_id);


--
-- Name: sms_diemthanhphan_log_id_a0029d1d; Type: INDEX; Schema: public; Owner: postgres
--

CREATE INDEX sms_diemthanhphan_log_id_a0029d1d ON public.sms_diemthanhphan USING btree (log_id);


--
-- Name: sms_diemthanhphan_monhoc_id_0c2876dd; Type: INDEX; Schema: public; Owner: postgres
--

CREATE INDEX sms_diemthanhphan_monhoc_id_0c2876dd ON public.sms_diemthanhphan USING btree (monhoc_id);


--
-- Name: sms_diemthanhphan_sv_id_05ab85eb; Type: INDEX; Schema: public; Owner: postgres
--

CREATE INDEX sms_diemthanhphan_sv_id_05ab85eb ON public.sms_diemthanhphan USING btree (sv_id);


--
-- Name: sms_diemthanhphan_tp_id_8e2d2608; Type: INDEX; Schema: public; Owner: postgres
--

CREATE INDEX sms_diemthanhphan_tp_id_8e2d2608 ON public.sms_diemthanhphan USING btree (tp_id);


--
-- Name: sms_giayto_hs81_hs81_id_d0ca9cdf; Type: INDEX; Schema: public; Owner: postgres
--

CREATE INDEX sms_giayto_hs81_hs81_id_d0ca9cdf ON public.sms_giayto_hs81 USING btree (hs81_id);


--
-- Name: sms_giayto_hs81_softfile_id_0aab3f50; Type: INDEX; Schema: public; Owner: postgres
--

CREATE INDEX sms_giayto_hs81_softfile_id_0aab3f50 ON public.sms_giayto_hs81 USING btree (softfile_id);


--
-- Name: sms_gvlmh_gv_id_99be1c2e; Type: INDEX; Schema: public; Owner: postgres
--

CREATE INDEX sms_gvlmh_gv_id_99be1c2e ON public.sms_gvlmh USING btree (gv_id);


--
-- Name: sms_gvlmh_lopmh_id_143aac51; Type: INDEX; Schema: public; Owner: postgres
--

CREATE INDEX sms_gvlmh_lopmh_id_143aac51 ON public.sms_gvlmh USING btree (lopmh_id);


--
-- Name: sms_gvlop_gv_id_39fe38c4; Type: INDEX; Schema: public; Owner: postgres
--

CREATE INDEX sms_gvlop_gv_id_39fe38c4 ON public.sms_gvlop USING btree (gv_id);


--
-- Name: sms_gvlop_lop_id_57ec6d04; Type: INDEX; Schema: public; Owner: postgres
--

CREATE INDEX sms_gvlop_lop_id_57ec6d04 ON public.sms_gvlop USING btree (lop_id);


--
-- Name: sms_gvmonhoc_gv_id_77d3109a; Type: INDEX; Schema: public; Owner: postgres
--

CREATE INDEX sms_gvmonhoc_gv_id_77d3109a ON public.sms_gvmonhoc USING btree (gv_id);


--
-- Name: sms_gvmonhoc_monhoc_id_29bb25bc; Type: INDEX; Schema: public; Owner: postgres
--

CREATE INDEX sms_gvmonhoc_monhoc_id_29bb25bc ON public.sms_gvmonhoc USING btree (monhoc_id);


--
-- Name: sms_historicalctdt_history_date_9a5ee9b9; Type: INDEX; Schema: public; Owner: postgres
--

CREATE INDEX sms_historicalctdt_history_date_9a5ee9b9 ON public.sms_historicalctdt USING btree (history_date);


--
-- Name: sms_historicalctdt_history_user_id_3e2d5373; Type: INDEX; Schema: public; Owner: postgres
--

CREATE INDEX sms_historicalctdt_history_user_id_3e2d5373 ON public.sms_historicalctdt USING btree (history_user_id);


--
-- Name: sms_historicalctdt_id_6d179fce; Type: INDEX; Schema: public; Owner: postgres
--

CREATE INDEX sms_historicalctdt_id_6d179fce ON public.sms_historicalctdt USING btree (id);


--
-- Name: sms_historicalctdtmonhoc_ctdt_id_324b6a24; Type: INDEX; Schema: public; Owner: postgres
--

CREATE INDEX sms_historicalctdtmonhoc_ctdt_id_324b6a24 ON public.sms_historicalctdtmonhoc USING btree (ctdt_id);


--
-- Name: sms_historicalctdtmonhoc_history_date_dac697ec; Type: INDEX; Schema: public; Owner: postgres
--

CREATE INDEX sms_historicalctdtmonhoc_history_date_dac697ec ON public.sms_historicalctdtmonhoc USING btree (history_date);


--
-- Name: sms_historicalctdtmonhoc_history_user_id_deb46649; Type: INDEX; Schema: public; Owner: postgres
--

CREATE INDEX sms_historicalctdtmonhoc_history_user_id_deb46649 ON public.sms_historicalctdtmonhoc USING btree (history_user_id);


--
-- Name: sms_historicalctdtmonhoc_id_d0d03199; Type: INDEX; Schema: public; Owner: postgres
--

CREATE INDEX sms_historicalctdtmonhoc_id_d0d03199 ON public.sms_historicalctdtmonhoc USING btree (id);


--
-- Name: sms_historicalctdtmonhoc_monhoc_id_b1bb1298; Type: INDEX; Schema: public; Owner: postgres
--

CREATE INDEX sms_historicalctdtmonhoc_monhoc_id_b1bb1298 ON public.sms_historicalctdtmonhoc USING btree (monhoc_id);


--
-- Name: sms_historicaldiemdanh_history_date_19692b2a; Type: INDEX; Schema: public; Owner: postgres
--

CREATE INDEX sms_historicaldiemdanh_history_date_19692b2a ON public.sms_historicaldiemdanh USING btree (history_date);


--
-- Name: sms_historicaldiemdanh_history_user_id_077bfab3; Type: INDEX; Schema: public; Owner: postgres
--

CREATE INDEX sms_historicaldiemdanh_history_user_id_077bfab3 ON public.sms_historicaldiemdanh USING btree (history_user_id);


--
-- Name: sms_historicaldiemdanh_id_b9245218; Type: INDEX; Schema: public; Owner: postgres
--

CREATE INDEX sms_historicaldiemdanh_id_b9245218 ON public.sms_historicaldiemdanh USING btree (id);


--
-- Name: sms_historicaldiemdanh_lichhoc_id_09de6e7a; Type: INDEX; Schema: public; Owner: postgres
--

CREATE INDEX sms_historicaldiemdanh_lichhoc_id_09de6e7a ON public.sms_historicaldiemdanh USING btree (lichhoc_id);


--
-- Name: sms_historicaldiemdanh_sv_id_32d0af15; Type: INDEX; Schema: public; Owner: postgres
--

CREATE INDEX sms_historicaldiemdanh_sv_id_32d0af15 ON public.sms_historicaldiemdanh USING btree (sv_id);


--
-- Name: sms_historicaldiemthanhphan_history_date_290dc409; Type: INDEX; Schema: public; Owner: postgres
--

CREATE INDEX sms_historicaldiemthanhphan_history_date_290dc409 ON public.sms_historicaldiemthanhphan USING btree (history_date);


--
-- Name: sms_historicaldiemthanhphan_history_user_id_103dafbf; Type: INDEX; Schema: public; Owner: postgres
--

CREATE INDEX sms_historicaldiemthanhphan_history_user_id_103dafbf ON public.sms_historicaldiemthanhphan USING btree (history_user_id);


--
-- Name: sms_historicaldiemthanhphan_id_a17319ad; Type: INDEX; Schema: public; Owner: postgres
--

CREATE INDEX sms_historicaldiemthanhphan_id_a17319ad ON public.sms_historicaldiemthanhphan USING btree (id);


--
-- Name: sms_historicaldiemthanhphan_log_id_69473531; Type: INDEX; Schema: public; Owner: postgres
--

CREATE INDEX sms_historicaldiemthanhphan_log_id_69473531 ON public.sms_historicaldiemthanhphan USING btree (log_id);


--
-- Name: sms_historicaldiemthanhphan_monhoc_id_6648e9f9; Type: INDEX; Schema: public; Owner: postgres
--

CREATE INDEX sms_historicaldiemthanhphan_monhoc_id_6648e9f9 ON public.sms_historicaldiemthanhphan USING btree (monhoc_id);


--
-- Name: sms_historicaldiemthanhphan_sv_id_215ea169; Type: INDEX; Schema: public; Owner: postgres
--

CREATE INDEX sms_historicaldiemthanhphan_sv_id_215ea169 ON public.sms_historicaldiemthanhphan USING btree (sv_id);


--
-- Name: sms_historicaldiemthanhphan_tp_id_e8f64a25; Type: INDEX; Schema: public; Owner: postgres
--

CREATE INDEX sms_historicaldiemthanhphan_tp_id_e8f64a25 ON public.sms_historicaldiemthanhphan USING btree (tp_id);


--
-- Name: sms_historicalgiayto_hs81_history_date_550417ac; Type: INDEX; Schema: public; Owner: postgres
--

CREATE INDEX sms_historicalgiayto_hs81_history_date_550417ac ON public.sms_historicalgiayto_hs81 USING btree (history_date);


--
-- Name: sms_historicalgiayto_hs81_history_user_id_503ab4bc; Type: INDEX; Schema: public; Owner: postgres
--

CREATE INDEX sms_historicalgiayto_hs81_history_user_id_503ab4bc ON public.sms_historicalgiayto_hs81 USING btree (history_user_id);


--
-- Name: sms_historicalgiayto_hs81_hs81_id_85db4b89; Type: INDEX; Schema: public; Owner: postgres
--

CREATE INDEX sms_historicalgiayto_hs81_hs81_id_85db4b89 ON public.sms_historicalgiayto_hs81 USING btree (hs81_id);


--
-- Name: sms_historicalgiayto_hs81_id_29e7d6aa; Type: INDEX; Schema: public; Owner: postgres
--

CREATE INDEX sms_historicalgiayto_hs81_id_29e7d6aa ON public.sms_historicalgiayto_hs81 USING btree (id);


--
-- Name: sms_historicalgiayto_hs81_softfile_id_22262b95; Type: INDEX; Schema: public; Owner: postgres
--

CREATE INDEX sms_historicalgiayto_hs81_softfile_id_22262b95 ON public.sms_historicalgiayto_hs81 USING btree (softfile_id);


--
-- Name: sms_historicalgvlmh_gv_id_8fa01644; Type: INDEX; Schema: public; Owner: postgres
--

CREATE INDEX sms_historicalgvlmh_gv_id_8fa01644 ON public.sms_historicalgvlmh USING btree (gv_id);


--
-- Name: sms_historicalgvlmh_history_date_07877557; Type: INDEX; Schema: public; Owner: postgres
--

CREATE INDEX sms_historicalgvlmh_history_date_07877557 ON public.sms_historicalgvlmh USING btree (history_date);


--
-- Name: sms_historicalgvlmh_history_user_id_491abcc7; Type: INDEX; Schema: public; Owner: postgres
--

CREATE INDEX sms_historicalgvlmh_history_user_id_491abcc7 ON public.sms_historicalgvlmh USING btree (history_user_id);


--
-- Name: sms_historicalgvlmh_id_fe95ff29; Type: INDEX; Schema: public; Owner: postgres
--

CREATE INDEX sms_historicalgvlmh_id_fe95ff29 ON public.sms_historicalgvlmh USING btree (id);


--
-- Name: sms_historicalgvlmh_lopmh_id_4b421069; Type: INDEX; Schema: public; Owner: postgres
--

CREATE INDEX sms_historicalgvlmh_lopmh_id_4b421069 ON public.sms_historicalgvlmh USING btree (lopmh_id);


--
-- Name: sms_historicalgvlop_gv_id_c0cac741; Type: INDEX; Schema: public; Owner: postgres
--

CREATE INDEX sms_historicalgvlop_gv_id_c0cac741 ON public.sms_historicalgvlop USING btree (gv_id);


--
-- Name: sms_historicalgvlop_history_date_507e1321; Type: INDEX; Schema: public; Owner: postgres
--

CREATE INDEX sms_historicalgvlop_history_date_507e1321 ON public.sms_historicalgvlop USING btree (history_date);


--
-- Name: sms_historicalgvlop_history_user_id_b963eebf; Type: INDEX; Schema: public; Owner: postgres
--

CREATE INDEX sms_historicalgvlop_history_user_id_b963eebf ON public.sms_historicalgvlop USING btree (history_user_id);


--
-- Name: sms_historicalgvlop_id_c798a8cf; Type: INDEX; Schema: public; Owner: postgres
--

CREATE INDEX sms_historicalgvlop_id_c798a8cf ON public.sms_historicalgvlop USING btree (id);


--
-- Name: sms_historicalgvlop_lop_id_cd52ae82; Type: INDEX; Schema: public; Owner: postgres
--

CREATE INDEX sms_historicalgvlop_lop_id_cd52ae82 ON public.sms_historicalgvlop USING btree (lop_id);


--
-- Name: sms_historicalgvmonhoc_gv_id_c76f742b; Type: INDEX; Schema: public; Owner: postgres
--

CREATE INDEX sms_historicalgvmonhoc_gv_id_c76f742b ON public.sms_historicalgvmonhoc USING btree (gv_id);


--
-- Name: sms_historicalgvmonhoc_history_date_a1888761; Type: INDEX; Schema: public; Owner: postgres
--

CREATE INDEX sms_historicalgvmonhoc_history_date_a1888761 ON public.sms_historicalgvmonhoc USING btree (history_date);


--
-- Name: sms_historicalgvmonhoc_history_user_id_914239c9; Type: INDEX; Schema: public; Owner: postgres
--

CREATE INDEX sms_historicalgvmonhoc_history_user_id_914239c9 ON public.sms_historicalgvmonhoc USING btree (history_user_id);


--
-- Name: sms_historicalgvmonhoc_id_34e3e581; Type: INDEX; Schema: public; Owner: postgres
--

CREATE INDEX sms_historicalgvmonhoc_id_34e3e581 ON public.sms_historicalgvmonhoc USING btree (id);


--
-- Name: sms_historicalgvmonhoc_monhoc_id_8cac6e8d; Type: INDEX; Schema: public; Owner: postgres
--

CREATE INDEX sms_historicalgvmonhoc_monhoc_id_8cac6e8d ON public.sms_historicalgvmonhoc USING btree (monhoc_id);


--
-- Name: sms_historicalhedt_history_date_c55d6430; Type: INDEX; Schema: public; Owner: postgres
--

CREATE INDEX sms_historicalhedt_history_date_c55d6430 ON public.sms_historicalhedt USING btree (history_date);


--
-- Name: sms_historicalhedt_history_user_id_90e5cddf; Type: INDEX; Schema: public; Owner: postgres
--

CREATE INDEX sms_historicalhedt_history_user_id_90e5cddf ON public.sms_historicalhedt USING btree (history_user_id);


--
-- Name: sms_historicalhedt_id_295d93a7; Type: INDEX; Schema: public; Owner: postgres
--

CREATE INDEX sms_historicalhedt_id_295d93a7 ON public.sms_historicalhedt USING btree (id);


--
-- Name: sms_historicalhocky_history_date_93d48591; Type: INDEX; Schema: public; Owner: postgres
--

CREATE INDEX sms_historicalhocky_history_date_93d48591 ON public.sms_historicalhocky USING btree (history_date);


--
-- Name: sms_historicalhocky_history_user_id_335d3be7; Type: INDEX; Schema: public; Owner: postgres
--

CREATE INDEX sms_historicalhocky_history_user_id_335d3be7 ON public.sms_historicalhocky USING btree (history_user_id);


--
-- Name: sms_historicalhocky_id_150f681b; Type: INDEX; Schema: public; Owner: postgres
--

CREATE INDEX sms_historicalhocky_id_150f681b ON public.sms_historicalhocky USING btree (id);


--
-- Name: sms_historicalhocphi_history_date_4a507373; Type: INDEX; Schema: public; Owner: postgres
--

CREATE INDEX sms_historicalhocphi_history_date_4a507373 ON public.sms_historicalhocphi USING btree (history_date);


--
-- Name: sms_historicalhocphi_history_user_id_3883c72a; Type: INDEX; Schema: public; Owner: postgres
--

CREATE INDEX sms_historicalhocphi_history_user_id_3883c72a ON public.sms_historicalhocphi USING btree (history_user_id);


--
-- Name: sms_historicalhocphi_id_147798ac; Type: INDEX; Schema: public; Owner: postgres
--

CREATE INDEX sms_historicalhocphi_id_147798ac ON public.sms_historicalhocphi USING btree (id);


--
-- Name: sms_historicalhocphi_lop_id_646ccdf0; Type: INDEX; Schema: public; Owner: postgres
--

CREATE INDEX sms_historicalhocphi_lop_id_646ccdf0 ON public.sms_historicalhocphi USING btree (lop_id);


--
-- Name: sms_historicalhocphi_sv_id_688d7745; Type: INDEX; Schema: public; Owner: postgres
--

CREATE INDEX sms_historicalhocphi_sv_id_688d7745 ON public.sms_historicalhocphi USING btree (sv_id);


--
-- Name: sms_historicalhocphistatus_history_date_8f7fccd8; Type: INDEX; Schema: public; Owner: postgres
--

CREATE INDEX sms_historicalhocphistatus_history_date_8f7fccd8 ON public.sms_historicalhocphistatus USING btree (history_date);


--
-- Name: sms_historicalhocphistatus_history_user_id_b511191e; Type: INDEX; Schema: public; Owner: postgres
--

CREATE INDEX sms_historicalhocphistatus_history_user_id_b511191e ON public.sms_historicalhocphistatus USING btree (history_user_id);


--
-- Name: sms_historicalhocphistatus_id_1442f495; Type: INDEX; Schema: public; Owner: postgres
--

CREATE INDEX sms_historicalhocphistatus_id_1442f495 ON public.sms_historicalhocphistatus USING btree (id);


--
-- Name: sms_historicalhp81_history_date_d45e3103; Type: INDEX; Schema: public; Owner: postgres
--

CREATE INDEX sms_historicalhp81_history_date_d45e3103 ON public.sms_historicalhp81 USING btree (history_date);


--
-- Name: sms_historicalhp81_history_user_id_3e8f61b3; Type: INDEX; Schema: public; Owner: postgres
--

CREATE INDEX sms_historicalhp81_history_user_id_3e8f61b3 ON public.sms_historicalhp81 USING btree (history_user_id);


--
-- Name: sms_historicalhp81_hk_id_0e2b5975; Type: INDEX; Schema: public; Owner: postgres
--

CREATE INDEX sms_historicalhp81_hk_id_0e2b5975 ON public.sms_historicalhp81 USING btree (hk_id);


--
-- Name: sms_historicalhp81_id_8b21f5a0; Type: INDEX; Schema: public; Owner: postgres
--

CREATE INDEX sms_historicalhp81_id_8b21f5a0 ON public.sms_historicalhp81 USING btree (id);


--
-- Name: sms_historicalhp81_status_id_75cda92d; Type: INDEX; Schema: public; Owner: postgres
--

CREATE INDEX sms_historicalhp81_status_id_75cda92d ON public.sms_historicalhp81 USING btree (status_id);


--
-- Name: sms_historicalhp81_sv_id_96351052; Type: INDEX; Schema: public; Owner: postgres
--

CREATE INDEX sms_historicalhp81_sv_id_96351052 ON public.sms_historicalhp81 USING btree (sv_id);


--
-- Name: sms_historicalhs81_history_date_c707e1fd; Type: INDEX; Schema: public; Owner: postgres
--

CREATE INDEX sms_historicalhs81_history_date_c707e1fd ON public.sms_historicalhs81 USING btree (history_date);


--
-- Name: sms_historicalhs81_history_user_id_ac839bbf; Type: INDEX; Schema: public; Owner: postgres
--

CREATE INDEX sms_historicalhs81_history_user_id_ac839bbf ON public.sms_historicalhs81 USING btree (history_user_id);


--
-- Name: sms_historicalhs81_hk_id_f02f6e7a; Type: INDEX; Schema: public; Owner: postgres
--

CREATE INDEX sms_historicalhs81_hk_id_f02f6e7a ON public.sms_historicalhs81 USING btree (hk_id);


--
-- Name: sms_historicalhs81_id_34f469f5; Type: INDEX; Schema: public; Owner: postgres
--

CREATE INDEX sms_historicalhs81_id_34f469f5 ON public.sms_historicalhs81 USING btree (id);


--
-- Name: sms_historicalhs81_sv_id_ef9d64ff; Type: INDEX; Schema: public; Owner: postgres
--

CREATE INDEX sms_historicalhs81_sv_id_ef9d64ff ON public.sms_historicalhs81 USING btree (sv_id);


--
-- Name: sms_historicalhsgv_history_date_3d0daaea; Type: INDEX; Schema: public; Owner: postgres
--

CREATE INDEX sms_historicalhsgv_history_date_3d0daaea ON public.sms_historicalhsgv USING btree (history_date);


--
-- Name: sms_historicalhsgv_history_user_id_81ad3d77; Type: INDEX; Schema: public; Owner: postgres
--

CREATE INDEX sms_historicalhsgv_history_user_id_81ad3d77 ON public.sms_historicalhsgv USING btree (history_user_id);


--
-- Name: sms_historicalhsgv_id_e2292aca; Type: INDEX; Schema: public; Owner: postgres
--

CREATE INDEX sms_historicalhsgv_id_e2292aca ON public.sms_historicalhsgv USING btree (id);


--
-- Name: sms_historicalhsgv_user_id_38c9f6bf; Type: INDEX; Schema: public; Owner: postgres
--

CREATE INDEX sms_historicalhsgv_user_id_38c9f6bf ON public.sms_historicalhsgv USING btree (user_id);


--
-- Name: sms_historicalhsns_history_date_cf31374c; Type: INDEX; Schema: public; Owner: postgres
--

CREATE INDEX sms_historicalhsns_history_date_cf31374c ON public.sms_historicalhsns USING btree (history_date);


--
-- Name: sms_historicalhsns_history_user_id_4fe0b1dd; Type: INDEX; Schema: public; Owner: postgres
--

CREATE INDEX sms_historicalhsns_history_user_id_4fe0b1dd ON public.sms_historicalhsns USING btree (history_user_id);


--
-- Name: sms_historicalhsns_id_7fe2cb21; Type: INDEX; Schema: public; Owner: postgres
--

CREATE INDEX sms_historicalhsns_id_7fe2cb21 ON public.sms_historicalhsns USING btree (id);


--
-- Name: sms_historicalhsns_user_id_755a65d8; Type: INDEX; Schema: public; Owner: postgres
--

CREATE INDEX sms_historicalhsns_user_id_755a65d8 ON public.sms_historicalhsns USING btree (user_id);


--
-- Name: sms_historicalhssv_history_date_7ea1cd1d; Type: INDEX; Schema: public; Owner: postgres
--

CREATE INDEX sms_historicalhssv_history_date_7ea1cd1d ON public.sms_historicalhssv USING btree (history_date);


--
-- Name: sms_historicalhssv_history_user_id_ff5b8152; Type: INDEX; Schema: public; Owner: postgres
--

CREATE INDEX sms_historicalhssv_history_user_id_ff5b8152 ON public.sms_historicalhssv USING btree (history_user_id);


--
-- Name: sms_historicalhssv_id_be693346; Type: INDEX; Schema: public; Owner: postgres
--

CREATE INDEX sms_historicalhssv_id_be693346 ON public.sms_historicalhssv USING btree (id);


--
-- Name: sms_historicalhssv_lop_id_83182a4d; Type: INDEX; Schema: public; Owner: postgres
--

CREATE INDEX sms_historicalhssv_lop_id_83182a4d ON public.sms_historicalhssv USING btree (lop_id);


--
-- Name: sms_historicalhssv_status_id_24f4faa9; Type: INDEX; Schema: public; Owner: postgres
--

CREATE INDEX sms_historicalhssv_status_id_24f4faa9 ON public.sms_historicalhssv USING btree (status_id);


--
-- Name: sms_historicalhssv_user_id_a1f3f28f; Type: INDEX; Schema: public; Owner: postgres
--

CREATE INDEX sms_historicalhssv_user_id_a1f3f28f ON public.sms_historicalhssv USING btree (user_id);


--
-- Name: sms_historicalkhoahoc_history_date_1f8d844b; Type: INDEX; Schema: public; Owner: postgres
--

CREATE INDEX sms_historicalkhoahoc_history_date_1f8d844b ON public.sms_historicalkhoahoc USING btree (history_date);


--
-- Name: sms_historicalkhoahoc_history_user_id_67c348ca; Type: INDEX; Schema: public; Owner: postgres
--

CREATE INDEX sms_historicalkhoahoc_history_user_id_67c348ca ON public.sms_historicalkhoahoc USING btree (history_user_id);


--
-- Name: sms_historicalkhoahoc_id_1023da0c; Type: INDEX; Schema: public; Owner: postgres
--

CREATE INDEX sms_historicalkhoahoc_id_1023da0c ON public.sms_historicalkhoahoc USING btree (id);


--
-- Name: sms_historicallichhoc_giaovien_id_8ec0e656; Type: INDEX; Schema: public; Owner: postgres
--

CREATE INDEX sms_historicallichhoc_giaovien_id_8ec0e656 ON public.sms_historicallichhoc USING btree (giaovien_id);


--
-- Name: sms_historicallichhoc_history_date_0b5d6ef2; Type: INDEX; Schema: public; Owner: postgres
--

CREATE INDEX sms_historicallichhoc_history_date_0b5d6ef2 ON public.sms_historicallichhoc USING btree (history_date);


--
-- Name: sms_historicallichhoc_history_user_id_d335154e; Type: INDEX; Schema: public; Owner: postgres
--

CREATE INDEX sms_historicallichhoc_history_user_id_d335154e ON public.sms_historicallichhoc USING btree (history_user_id);


--
-- Name: sms_historicallichhoc_id_dc276e7d; Type: INDEX; Schema: public; Owner: postgres
--

CREATE INDEX sms_historicallichhoc_id_dc276e7d ON public.sms_historicallichhoc USING btree (id);


--
-- Name: sms_historicallichhoc_lmh_id_3c707afc; Type: INDEX; Schema: public; Owner: postgres
--

CREATE INDEX sms_historicallichhoc_lmh_id_3c707afc ON public.sms_historicallichhoc USING btree (lmh_id);


--
-- Name: sms_historicalloaidiem_history_date_cf670ec2; Type: INDEX; Schema: public; Owner: postgres
--

CREATE INDEX sms_historicalloaidiem_history_date_cf670ec2 ON public.sms_historicalloaidiem USING btree (history_date);


--
-- Name: sms_historicalloaidiem_history_user_id_a08db680; Type: INDEX; Schema: public; Owner: postgres
--

CREATE INDEX sms_historicalloaidiem_history_user_id_a08db680 ON public.sms_historicalloaidiem USING btree (history_user_id);


--
-- Name: sms_historicalloaidiem_id_c262eeeb; Type: INDEX; Schema: public; Owner: postgres
--

CREATE INDEX sms_historicalloaidiem_id_c262eeeb ON public.sms_historicalloaidiem USING btree (id);


--
-- Name: sms_historicallop_ctdt_id_26442a08; Type: INDEX; Schema: public; Owner: postgres
--

CREATE INDEX sms_historicallop_ctdt_id_26442a08 ON public.sms_historicallop USING btree (ctdt_id);


--
-- Name: sms_historicallop_history_date_63e90f93; Type: INDEX; Schema: public; Owner: postgres
--

CREATE INDEX sms_historicallop_history_date_63e90f93 ON public.sms_historicallop USING btree (history_date);


--
-- Name: sms_historicallop_history_user_id_1b311a0d; Type: INDEX; Schema: public; Owner: postgres
--

CREATE INDEX sms_historicallop_history_user_id_1b311a0d ON public.sms_historicallop USING btree (history_user_id);


--
-- Name: sms_historicallop_id_8ab93874; Type: INDEX; Schema: public; Owner: postgres
--

CREATE INDEX sms_historicallop_id_8ab93874 ON public.sms_historicallop USING btree (id);


--
-- Name: sms_historicallop_trungtam_id_fede86fe; Type: INDEX; Schema: public; Owner: postgres
--

CREATE INDEX sms_historicallop_trungtam_id_fede86fe ON public.sms_historicallop USING btree (trungtam_id);


--
-- Name: sms_historicallophk_history_date_c8847341; Type: INDEX; Schema: public; Owner: postgres
--

CREATE INDEX sms_historicallophk_history_date_c8847341 ON public.sms_historicallophk USING btree (history_date);


--
-- Name: sms_historicallophk_history_user_id_0cfe7969; Type: INDEX; Schema: public; Owner: postgres
--

CREATE INDEX sms_historicallophk_history_user_id_0cfe7969 ON public.sms_historicallophk USING btree (history_user_id);


--
-- Name: sms_historicallophk_hk_id_b74c4f26; Type: INDEX; Schema: public; Owner: postgres
--

CREATE INDEX sms_historicallophk_hk_id_b74c4f26 ON public.sms_historicallophk USING btree (hk_id);


--
-- Name: sms_historicallophk_id_be9fa44a; Type: INDEX; Schema: public; Owner: postgres
--

CREATE INDEX sms_historicallophk_id_be9fa44a ON public.sms_historicallophk USING btree (id);


--
-- Name: sms_historicallophk_lop_id_73efcfd8; Type: INDEX; Schema: public; Owner: postgres
--

CREATE INDEX sms_historicallophk_lop_id_73efcfd8 ON public.sms_historicallophk USING btree (lop_id);


--
-- Name: sms_historicallopmonhoc_history_date_43da06b0; Type: INDEX; Schema: public; Owner: postgres
--

CREATE INDEX sms_historicallopmonhoc_history_date_43da06b0 ON public.sms_historicallopmonhoc USING btree (history_date);


--
-- Name: sms_historicallopmonhoc_history_user_id_99a5608c; Type: INDEX; Schema: public; Owner: postgres
--

CREATE INDEX sms_historicallopmonhoc_history_user_id_99a5608c ON public.sms_historicallopmonhoc USING btree (history_user_id);


--
-- Name: sms_historicallopmonhoc_hk_id_9819de32; Type: INDEX; Schema: public; Owner: postgres
--

CREATE INDEX sms_historicallopmonhoc_hk_id_9819de32 ON public.sms_historicallopmonhoc USING btree (hk_id);


--
-- Name: sms_historicallopmonhoc_id_0c9f77f0; Type: INDEX; Schema: public; Owner: postgres
--

CREATE INDEX sms_historicallopmonhoc_id_0c9f77f0 ON public.sms_historicallopmonhoc USING btree (id);


--
-- Name: sms_historicallopmonhoc_lop_id_dacfe1a5; Type: INDEX; Schema: public; Owner: postgres
--

CREATE INDEX sms_historicallopmonhoc_lop_id_dacfe1a5 ON public.sms_historicallopmonhoc USING btree (lop_id);


--
-- Name: sms_historicallopmonhoc_monhoc_id_4dee2eb5; Type: INDEX; Schema: public; Owner: postgres
--

CREATE INDEX sms_historicallopmonhoc_monhoc_id_4dee2eb5 ON public.sms_historicallopmonhoc USING btree (monhoc_id);


--
-- Name: sms_historicalmonhoc_history_date_90779c7d; Type: INDEX; Schema: public; Owner: postgres
--

CREATE INDEX sms_historicalmonhoc_history_date_90779c7d ON public.sms_historicalmonhoc USING btree (history_date);


--
-- Name: sms_historicalmonhoc_history_user_id_001d27ce; Type: INDEX; Schema: public; Owner: postgres
--

CREATE INDEX sms_historicalmonhoc_history_user_id_001d27ce ON public.sms_historicalmonhoc USING btree (history_user_id);


--
-- Name: sms_historicalmonhoc_id_497214c6; Type: INDEX; Schema: public; Owner: postgres
--

CREATE INDEX sms_historicalmonhoc_id_497214c6 ON public.sms_historicalmonhoc USING btree (id);


--
-- Name: sms_historicalnganh_history_date_a3cecc74; Type: INDEX; Schema: public; Owner: postgres
--

CREATE INDEX sms_historicalnganh_history_date_a3cecc74 ON public.sms_historicalnganh USING btree (history_date);


--
-- Name: sms_historicalnganh_history_user_id_218f6d6e; Type: INDEX; Schema: public; Owner: postgres
--

CREATE INDEX sms_historicalnganh_history_user_id_218f6d6e ON public.sms_historicalnganh USING btree (history_user_id);


--
-- Name: sms_historicalnganh_id_c2c372ff; Type: INDEX; Schema: public; Owner: postgres
--

CREATE INDEX sms_historicalnganh_id_c2c372ff ON public.sms_historicalnganh USING btree (id);


--
-- Name: sms_historicalnslop_history_date_f6598b6c; Type: INDEX; Schema: public; Owner: postgres
--

CREATE INDEX sms_historicalnslop_history_date_f6598b6c ON public.sms_historicalnslop USING btree (history_date);


--
-- Name: sms_historicalnslop_history_user_id_1a28dc71; Type: INDEX; Schema: public; Owner: postgres
--

CREATE INDEX sms_historicalnslop_history_user_id_1a28dc71 ON public.sms_historicalnslop USING btree (history_user_id);


--
-- Name: sms_historicalnslop_id_654303ad; Type: INDEX; Schema: public; Owner: postgres
--

CREATE INDEX sms_historicalnslop_id_654303ad ON public.sms_historicalnslop USING btree (id);


--
-- Name: sms_historicalnslop_lop_id_ca7fac8b; Type: INDEX; Schema: public; Owner: postgres
--

CREATE INDEX sms_historicalnslop_lop_id_ca7fac8b ON public.sms_historicalnslop USING btree (lop_id);


--
-- Name: sms_historicalnslop_ns_id_f273bbbf; Type: INDEX; Schema: public; Owner: postgres
--

CREATE INDEX sms_historicalnslop_ns_id_f273bbbf ON public.sms_historicalnslop USING btree (ns_id);


--
-- Name: sms_historicalnsphong_history_date_413097e7; Type: INDEX; Schema: public; Owner: postgres
--

CREATE INDEX sms_historicalnsphong_history_date_413097e7 ON public.sms_historicalnsphong USING btree (history_date);


--
-- Name: sms_historicalnsphong_history_user_id_07c37203; Type: INDEX; Schema: public; Owner: postgres
--

CREATE INDEX sms_historicalnsphong_history_user_id_07c37203 ON public.sms_historicalnsphong USING btree (history_user_id);


--
-- Name: sms_historicalnsphong_id_938c593b; Type: INDEX; Schema: public; Owner: postgres
--

CREATE INDEX sms_historicalnsphong_id_938c593b ON public.sms_historicalnsphong USING btree (id);


--
-- Name: sms_historicalnsphong_ns_id_56e8f2c6; Type: INDEX; Schema: public; Owner: postgres
--

CREATE INDEX sms_historicalnsphong_ns_id_56e8f2c6 ON public.sms_historicalnsphong USING btree (ns_id);


--
-- Name: sms_historicalnsphong_phong_id_eab4562d; Type: INDEX; Schema: public; Owner: postgres
--

CREATE INDEX sms_historicalnsphong_phong_id_eab4562d ON public.sms_historicalnsphong USING btree (phong_id);


--
-- Name: sms_historicalphong_history_date_d40d3b50; Type: INDEX; Schema: public; Owner: postgres
--

CREATE INDEX sms_historicalphong_history_date_d40d3b50 ON public.sms_historicalphong USING btree (history_date);


--
-- Name: sms_historicalphong_history_user_id_e4cec344; Type: INDEX; Schema: public; Owner: postgres
--

CREATE INDEX sms_historicalphong_history_user_id_e4cec344 ON public.sms_historicalphong USING btree (history_user_id);


--
-- Name: sms_historicalphong_id_7cd2ce14; Type: INDEX; Schema: public; Owner: postgres
--

CREATE INDEX sms_historicalphong_id_7cd2ce14 ON public.sms_historicalphong USING btree (id);


--
-- Name: sms_historicalsvstatus_history_date_de8ee4cb; Type: INDEX; Schema: public; Owner: postgres
--

CREATE INDEX sms_historicalsvstatus_history_date_de8ee4cb ON public.sms_historicalsvstatus USING btree (history_date);


--
-- Name: sms_historicalsvstatus_history_user_id_4385b00d; Type: INDEX; Schema: public; Owner: postgres
--

CREATE INDEX sms_historicalsvstatus_history_user_id_4385b00d ON public.sms_historicalsvstatus USING btree (history_user_id);


--
-- Name: sms_historicalsvstatus_id_8726baeb; Type: INDEX; Schema: public; Owner: postgres
--

CREATE INDEX sms_historicalsvstatus_id_8726baeb ON public.sms_historicalsvstatus USING btree (id);


--
-- Name: sms_historicaltrungtam_history_date_f9e773bf; Type: INDEX; Schema: public; Owner: postgres
--

CREATE INDEX sms_historicaltrungtam_history_date_f9e773bf ON public.sms_historicaltrungtam USING btree (history_date);


--
-- Name: sms_historicaltrungtam_history_user_id_c9cea09a; Type: INDEX; Schema: public; Owner: postgres
--

CREATE INDEX sms_historicaltrungtam_history_user_id_c9cea09a ON public.sms_historicaltrungtam USING btree (history_user_id);


--
-- Name: sms_historicaltrungtam_id_cd7ace68; Type: INDEX; Schema: public; Owner: postgres
--

CREATE INDEX sms_historicaltrungtam_id_cd7ace68 ON public.sms_historicaltrungtam USING btree (id);


--
-- Name: sms_historicalttgv_gv_id_497c6767; Type: INDEX; Schema: public; Owner: postgres
--

CREATE INDEX sms_historicalttgv_gv_id_497c6767 ON public.sms_historicalttgv USING btree (gv_id);


--
-- Name: sms_historicalttgv_history_date_628241b7; Type: INDEX; Schema: public; Owner: postgres
--

CREATE INDEX sms_historicalttgv_history_date_628241b7 ON public.sms_historicalttgv USING btree (history_date);


--
-- Name: sms_historicalttgv_history_user_id_c8843691; Type: INDEX; Schema: public; Owner: postgres
--

CREATE INDEX sms_historicalttgv_history_user_id_c8843691 ON public.sms_historicalttgv USING btree (history_user_id);


--
-- Name: sms_historicalttgv_id_17c04348; Type: INDEX; Schema: public; Owner: postgres
--

CREATE INDEX sms_historicalttgv_id_17c04348 ON public.sms_historicalttgv USING btree (id);


--
-- Name: sms_historicalttgv_lopmh_id_1f37c284; Type: INDEX; Schema: public; Owner: postgres
--

CREATE INDEX sms_historicalttgv_lopmh_id_1f37c284 ON public.sms_historicalttgv USING btree (lopmh_id);


--
-- Name: sms_historicaluploadedfile_history_date_2175cedb; Type: INDEX; Schema: public; Owner: postgres
--

CREATE INDEX sms_historicaluploadedfile_history_date_2175cedb ON public.sms_historicaluploadedfile USING btree (history_date);


--
-- Name: sms_historicaluploadedfile_history_user_id_194c2821; Type: INDEX; Schema: public; Owner: postgres
--

CREATE INDEX sms_historicaluploadedfile_history_user_id_194c2821 ON public.sms_historicaluploadedfile USING btree (history_user_id);


--
-- Name: sms_historicaluploadedfile_id_0f1ee24b; Type: INDEX; Schema: public; Owner: postgres
--

CREATE INDEX sms_historicaluploadedfile_id_0f1ee24b ON public.sms_historicaluploadedfile USING btree (id);


--
-- Name: sms_hocphi_lop_id_565a189a; Type: INDEX; Schema: public; Owner: postgres
--

CREATE INDEX sms_hocphi_lop_id_565a189a ON public.sms_hocphi USING btree (lop_id);


--
-- Name: sms_hocphi_sv_id_6a466c91; Type: INDEX; Schema: public; Owner: postgres
--

CREATE INDEX sms_hocphi_sv_id_6a466c91 ON public.sms_hocphi USING btree (sv_id);


--
-- Name: sms_hp81_hk_id_cc999989; Type: INDEX; Schema: public; Owner: postgres
--

CREATE INDEX sms_hp81_hk_id_cc999989 ON public.sms_hp81 USING btree (hk_id);


--
-- Name: sms_hp81_status_id_c82791b1; Type: INDEX; Schema: public; Owner: postgres
--

CREATE INDEX sms_hp81_status_id_c82791b1 ON public.sms_hp81 USING btree (status_id);


--
-- Name: sms_hp81_sv_id_12f68d97; Type: INDEX; Schema: public; Owner: postgres
--

CREATE INDEX sms_hp81_sv_id_12f68d97 ON public.sms_hp81 USING btree (sv_id);


--
-- Name: sms_hs81_hk_id_01086abd; Type: INDEX; Schema: public; Owner: postgres
--

CREATE INDEX sms_hs81_hk_id_01086abd ON public.sms_hs81 USING btree (hk_id);


--
-- Name: sms_hs81_sv_id_61a1ae24; Type: INDEX; Schema: public; Owner: postgres
--

CREATE INDEX sms_hs81_sv_id_61a1ae24 ON public.sms_hs81 USING btree (sv_id);


--
-- Name: sms_hssv_lop_id_2464dbe1; Type: INDEX; Schema: public; Owner: postgres
--

CREATE INDEX sms_hssv_lop_id_2464dbe1 ON public.sms_hssv USING btree (lop_id);


--
-- Name: sms_hssv_status_id_b9aab841; Type: INDEX; Schema: public; Owner: postgres
--

CREATE INDEX sms_hssv_status_id_b9aab841 ON public.sms_hssv USING btree (status_id);


--
-- Name: sms_lichhoc_giaovien_id_378447b5; Type: INDEX; Schema: public; Owner: postgres
--

CREATE INDEX sms_lichhoc_giaovien_id_378447b5 ON public.sms_lichhoc USING btree (giaovien_id);


--
-- Name: sms_lichhoc_lmh_id_4611fb11; Type: INDEX; Schema: public; Owner: postgres
--

CREATE INDEX sms_lichhoc_lmh_id_4611fb11 ON public.sms_lichhoc USING btree (lmh_id);


--
-- Name: sms_lop_ctdt_id_065d816b; Type: INDEX; Schema: public; Owner: postgres
--

CREATE INDEX sms_lop_ctdt_id_065d816b ON public.sms_lop USING btree (ctdt_id);


--
-- Name: sms_lop_trungtam_id_a491429b; Type: INDEX; Schema: public; Owner: postgres
--

CREATE INDEX sms_lop_trungtam_id_a491429b ON public.sms_lop USING btree (trungtam_id);


--
-- Name: sms_lophk_hk_id_677881f9; Type: INDEX; Schema: public; Owner: postgres
--

CREATE INDEX sms_lophk_hk_id_677881f9 ON public.sms_lophk USING btree (hk_id);


--
-- Name: sms_lophk_lop_id_69e8de07; Type: INDEX; Schema: public; Owner: postgres
--

CREATE INDEX sms_lophk_lop_id_69e8de07 ON public.sms_lophk USING btree (lop_id);


--
-- Name: sms_lopmonhoc_hk_id_e59a0faf; Type: INDEX; Schema: public; Owner: postgres
--

CREATE INDEX sms_lopmonhoc_hk_id_e59a0faf ON public.sms_lopmonhoc USING btree (hk_id);


--
-- Name: sms_lopmonhoc_lop_id_506a1384; Type: INDEX; Schema: public; Owner: postgres
--

CREATE INDEX sms_lopmonhoc_lop_id_506a1384 ON public.sms_lopmonhoc USING btree (lop_id);


--
-- Name: sms_lopmonhoc_monhoc_id_abdf1192; Type: INDEX; Schema: public; Owner: postgres
--

CREATE INDEX sms_lopmonhoc_monhoc_id_abdf1192 ON public.sms_lopmonhoc USING btree (monhoc_id);


--
-- Name: sms_nslop_lop_id_12ed6f6c; Type: INDEX; Schema: public; Owner: postgres
--

CREATE INDEX sms_nslop_lop_id_12ed6f6c ON public.sms_nslop USING btree (lop_id);


--
-- Name: sms_nslop_ns_id_7d9b0472; Type: INDEX; Schema: public; Owner: postgres
--

CREATE INDEX sms_nslop_ns_id_7d9b0472 ON public.sms_nslop USING btree (ns_id);


--
-- Name: sms_nsphong_ns_id_abafe93a; Type: INDEX; Schema: public; Owner: postgres
--

CREATE INDEX sms_nsphong_ns_id_abafe93a ON public.sms_nsphong USING btree (ns_id);


--
-- Name: sms_nsphong_phong_id_28911cc2; Type: INDEX; Schema: public; Owner: postgres
--

CREATE INDEX sms_nsphong_phong_id_28911cc2 ON public.sms_nsphong USING btree (phong_id);


--
-- Name: sms_teacherinfo_dept_type_id_aa87842d; Type: INDEX; Schema: public; Owner: postgres
--

CREATE INDEX sms_teacherinfo_dept_type_id_aa87842d ON public.sms_teacherinfo USING btree (dept_type_id);


--
-- Name: sms_teacherinfo_email_fdff767a_like; Type: INDEX; Schema: public; Owner: postgres
--

CREATE INDEX sms_teacherinfo_email_fdff767a_like ON public.sms_teacherinfo USING btree (email varchar_pattern_ops);


--
-- Name: sms_teacherinfo_sub_type_id_c043ede5; Type: INDEX; Schema: public; Owner: postgres
--

CREATE INDEX sms_teacherinfo_sub_type_id_c043ede5 ON public.sms_teacherinfo USING btree (sub_type_id);


--
-- Name: sms_ttgv_gv_id_2f217eed; Type: INDEX; Schema: public; Owner: postgres
--

CREATE INDEX sms_ttgv_gv_id_2f217eed ON public.sms_ttgv USING btree (gv_id);


--
-- Name: sms_ttgv_lopmh_id_ea8aef5d; Type: INDEX; Schema: public; Owner: postgres
--

CREATE INDEX sms_ttgv_lopmh_id_ea8aef5d ON public.sms_ttgv USING btree (lopmh_id);


--
-- Name: auth_group_permissions auth_group_permissio_permission_id_84c5c92e_fk_auth_perm; Type: FK CONSTRAINT; Schema: public; Owner: postgres
--

ALTER TABLE ONLY public.auth_group_permissions
    ADD CONSTRAINT auth_group_permissio_permission_id_84c5c92e_fk_auth_perm FOREIGN KEY (permission_id) REFERENCES public.auth_permission(id) DEFERRABLE INITIALLY DEFERRED;


--
-- Name: auth_group_permissions auth_group_permissions_group_id_b120cbf9_fk_auth_group_id; Type: FK CONSTRAINT; Schema: public; Owner: postgres
--

ALTER TABLE ONLY public.auth_group_permissions
    ADD CONSTRAINT auth_group_permissions_group_id_b120cbf9_fk_auth_group_id FOREIGN KEY (group_id) REFERENCES public.auth_group(id) DEFERRABLE INITIALLY DEFERRED;


--
-- Name: auth_permission auth_permission_content_type_id_2f476e4b_fk_django_co; Type: FK CONSTRAINT; Schema: public; Owner: postgres
--

ALTER TABLE ONLY public.auth_permission
    ADD CONSTRAINT auth_permission_content_type_id_2f476e4b_fk_django_co FOREIGN KEY (content_type_id) REFERENCES public.django_content_type(id) DEFERRABLE INITIALLY DEFERRED;


--
-- Name: authtoken_token authtoken_token_user_id_35299eff_fk_info_user_id; Type: FK CONSTRAINT; Schema: public; Owner: postgres
--

ALTER TABLE ONLY public.authtoken_token
    ADD CONSTRAINT authtoken_token_user_id_35299eff_fk_info_user_id FOREIGN KEY (user_id) REFERENCES public.info_user(id) DEFERRABLE INITIALLY DEFERRED;


--
-- Name: django_admin_log django_admin_log_content_type_id_c4bce8eb_fk_django_co; Type: FK CONSTRAINT; Schema: public; Owner: postgres
--

ALTER TABLE ONLY public.django_admin_log
    ADD CONSTRAINT django_admin_log_content_type_id_c4bce8eb_fk_django_co FOREIGN KEY (content_type_id) REFERENCES public.django_content_type(id) DEFERRABLE INITIALLY DEFERRED;


--
-- Name: django_admin_log django_admin_log_user_id_c564eba6_fk_info_user_id; Type: FK CONSTRAINT; Schema: public; Owner: postgres
--

ALTER TABLE ONLY public.django_admin_log
    ADD CONSTRAINT django_admin_log_user_id_c564eba6_fk_info_user_id FOREIGN KEY (user_id) REFERENCES public.info_user(id) DEFERRABLE INITIALLY DEFERRED;


--
-- Name: guardian_groupobjectpermission guardian_groupobject_content_type_id_7ade36b8_fk_django_co; Type: FK CONSTRAINT; Schema: public; Owner: postgres
--

ALTER TABLE ONLY public.guardian_groupobjectpermission
    ADD CONSTRAINT guardian_groupobject_content_type_id_7ade36b8_fk_django_co FOREIGN KEY (content_type_id) REFERENCES public.django_content_type(id) DEFERRABLE INITIALLY DEFERRED;


--
-- Name: guardian_groupobjectpermission guardian_groupobject_group_id_4bbbfb62_fk_auth_grou; Type: FK CONSTRAINT; Schema: public; Owner: postgres
--

ALTER TABLE ONLY public.guardian_groupobjectpermission
    ADD CONSTRAINT guardian_groupobject_group_id_4bbbfb62_fk_auth_grou FOREIGN KEY (group_id) REFERENCES public.auth_group(id) DEFERRABLE INITIALLY DEFERRED;


--
-- Name: guardian_groupobjectpermission guardian_groupobject_permission_id_36572738_fk_auth_perm; Type: FK CONSTRAINT; Schema: public; Owner: postgres
--

ALTER TABLE ONLY public.guardian_groupobjectpermission
    ADD CONSTRAINT guardian_groupobject_permission_id_36572738_fk_auth_perm FOREIGN KEY (permission_id) REFERENCES public.auth_permission(id) DEFERRABLE INITIALLY DEFERRED;


--
-- Name: guardian_userobjectpermission guardian_userobjectp_content_type_id_2e892405_fk_django_co; Type: FK CONSTRAINT; Schema: public; Owner: postgres
--

ALTER TABLE ONLY public.guardian_userobjectpermission
    ADD CONSTRAINT guardian_userobjectp_content_type_id_2e892405_fk_django_co FOREIGN KEY (content_type_id) REFERENCES public.django_content_type(id) DEFERRABLE INITIALLY DEFERRED;


--
-- Name: guardian_userobjectpermission guardian_userobjectp_permission_id_71807bfc_fk_auth_perm; Type: FK CONSTRAINT; Schema: public; Owner: postgres
--

ALTER TABLE ONLY public.guardian_userobjectpermission
    ADD CONSTRAINT guardian_userobjectp_permission_id_71807bfc_fk_auth_perm FOREIGN KEY (permission_id) REFERENCES public.auth_permission(id) DEFERRABLE INITIALLY DEFERRED;


--
-- Name: guardian_userobjectpermission guardian_userobjectpermission_user_id_d5c1e964_fk_info_user_id; Type: FK CONSTRAINT; Schema: public; Owner: postgres
--

ALTER TABLE ONLY public.guardian_userobjectpermission
    ADD CONSTRAINT guardian_userobjectpermission_user_id_d5c1e964_fk_info_user_id FOREIGN KEY (user_id) REFERENCES public.info_user(id) DEFERRABLE INITIALLY DEFERRED;


--
-- Name: info_assign info_assign_class_id_id_97445caa_fk_info_class_id; Type: FK CONSTRAINT; Schema: public; Owner: postgres
--

ALTER TABLE ONLY public.info_assign
    ADD CONSTRAINT info_assign_class_id_id_97445caa_fk_info_class_id FOREIGN KEY (class_id_id) REFERENCES public.info_class(id) DEFERRABLE INITIALLY DEFERRED;


--
-- Name: info_assign info_assign_course_id_50da791d_fk_info_course_id; Type: FK CONSTRAINT; Schema: public; Owner: postgres
--

ALTER TABLE ONLY public.info_assign
    ADD CONSTRAINT info_assign_course_id_50da791d_fk_info_course_id FOREIGN KEY (course_id) REFERENCES public.info_course(id) DEFERRABLE INITIALLY DEFERRED;


--
-- Name: info_assign info_assign_teacher_id_4cc729a9_fk_info_teacher_id; Type: FK CONSTRAINT; Schema: public; Owner: postgres
--

ALTER TABLE ONLY public.info_assign
    ADD CONSTRAINT info_assign_teacher_id_4cc729a9_fk_info_teacher_id FOREIGN KEY (teacher_id) REFERENCES public.info_teacher(id) DEFERRABLE INITIALLY DEFERRED;


--
-- Name: info_assigntime info_assigntime_assign_id_dea972e8_fk_info_assign_id; Type: FK CONSTRAINT; Schema: public; Owner: postgres
--

ALTER TABLE ONLY public.info_assigntime
    ADD CONSTRAINT info_assigntime_assign_id_dea972e8_fk_info_assign_id FOREIGN KEY (assign_id) REFERENCES public.info_assign(id) DEFERRABLE INITIALLY DEFERRED;


--
-- Name: info_attendance info_attendance_attendanceclass_id_165ae557_fk_info_atte; Type: FK CONSTRAINT; Schema: public; Owner: postgres
--

ALTER TABLE ONLY public.info_attendance
    ADD CONSTRAINT info_attendance_attendanceclass_id_165ae557_fk_info_atte FOREIGN KEY (attendanceclass_id) REFERENCES public.info_attendanceclass(id) DEFERRABLE INITIALLY DEFERRED;


--
-- Name: info_attendance info_attendance_course_id_862fb2a9_fk_info_course_id; Type: FK CONSTRAINT; Schema: public; Owner: postgres
--

ALTER TABLE ONLY public.info_attendance
    ADD CONSTRAINT info_attendance_course_id_862fb2a9_fk_info_course_id FOREIGN KEY (course_id) REFERENCES public.info_course(id) DEFERRABLE INITIALLY DEFERRED;


--
-- Name: info_attendance info_attendance_student_id_a3848ef5_fk_info_student_USN; Type: FK CONSTRAINT; Schema: public; Owner: postgres
--

ALTER TABLE ONLY public.info_attendance
    ADD CONSTRAINT "info_attendance_student_id_a3848ef5_fk_info_student_USN" FOREIGN KEY (student_id) REFERENCES public.info_student("USN") DEFERRABLE INITIALLY DEFERRED;


--
-- Name: info_attendanceclass info_attendanceclass_assign_id_8241361c_fk_info_assign_id; Type: FK CONSTRAINT; Schema: public; Owner: postgres
--

ALTER TABLE ONLY public.info_attendanceclass
    ADD CONSTRAINT info_attendanceclass_assign_id_8241361c_fk_info_assign_id FOREIGN KEY (assign_id) REFERENCES public.info_assign(id) DEFERRABLE INITIALLY DEFERRED;


--
-- Name: info_attendancetotal info_attendancetotal_course_id_d7c45376_fk_info_course_id; Type: FK CONSTRAINT; Schema: public; Owner: postgres
--

ALTER TABLE ONLY public.info_attendancetotal
    ADD CONSTRAINT info_attendancetotal_course_id_d7c45376_fk_info_course_id FOREIGN KEY (course_id) REFERENCES public.info_course(id) DEFERRABLE INITIALLY DEFERRED;


--
-- Name: info_attendancetotal info_attendancetotal_student_id_47e719b1_fk_info_student_USN; Type: FK CONSTRAINT; Schema: public; Owner: postgres
--

ALTER TABLE ONLY public.info_attendancetotal
    ADD CONSTRAINT "info_attendancetotal_student_id_47e719b1_fk_info_student_USN" FOREIGN KEY (student_id) REFERENCES public.info_student("USN") DEFERRABLE INITIALLY DEFERRED;


--
-- Name: info_class info_class_dept_id_eac78ba6_fk_info_dept_id; Type: FK CONSTRAINT; Schema: public; Owner: postgres
--

ALTER TABLE ONLY public.info_class
    ADD CONSTRAINT info_class_dept_id_eac78ba6_fk_info_dept_id FOREIGN KEY (dept_id) REFERENCES public.info_dept(id) DEFERRABLE INITIALLY DEFERRED;


--
-- Name: info_course info_course_dept_id_8783e216_fk_info_dept_id; Type: FK CONSTRAINT; Schema: public; Owner: postgres
--

ALTER TABLE ONLY public.info_course
    ADD CONSTRAINT info_course_dept_id_8783e216_fk_info_dept_id FOREIGN KEY (dept_id) REFERENCES public.info_dept(id) DEFERRABLE INITIALLY DEFERRED;


--
-- Name: info_historicaldept info_historicaldept_history_user_id_95be2c59_fk_info_user_id; Type: FK CONSTRAINT; Schema: public; Owner: postgres
--

ALTER TABLE ONLY public.info_historicaldept
    ADD CONSTRAINT info_historicaldept_history_user_id_95be2c59_fk_info_user_id FOREIGN KEY (history_user_id) REFERENCES public.info_user(id) DEFERRABLE INITIALLY DEFERRED;


--
-- Name: info_marks info_marks_studentcourse_id_9db4f113_fk_info_studentcourse_id; Type: FK CONSTRAINT; Schema: public; Owner: postgres
--

ALTER TABLE ONLY public.info_marks
    ADD CONSTRAINT info_marks_studentcourse_id_9db4f113_fk_info_studentcourse_id FOREIGN KEY (studentcourse_id) REFERENCES public.info_studentcourse(id) DEFERRABLE INITIALLY DEFERRED;


--
-- Name: info_marksclass info_marksclass_assign_id_06c0e888_fk_info_assign_id; Type: FK CONSTRAINT; Schema: public; Owner: postgres
--

ALTER TABLE ONLY public.info_marksclass
    ADD CONSTRAINT info_marksclass_assign_id_06c0e888_fk_info_assign_id FOREIGN KEY (assign_id) REFERENCES public.info_assign(id) DEFERRABLE INITIALLY DEFERRED;


--
-- Name: info_student info_student_class_id_id_49fe47c8_fk_info_class_id; Type: FK CONSTRAINT; Schema: public; Owner: postgres
--

ALTER TABLE ONLY public.info_student
    ADD CONSTRAINT info_student_class_id_id_49fe47c8_fk_info_class_id FOREIGN KEY (class_id_id) REFERENCES public.info_class(id) DEFERRABLE INITIALLY DEFERRED;


--
-- Name: info_student info_student_user_id_3ec39602_fk_info_user_id; Type: FK CONSTRAINT; Schema: public; Owner: postgres
--

ALTER TABLE ONLY public.info_student
    ADD CONSTRAINT info_student_user_id_3ec39602_fk_info_user_id FOREIGN KEY (user_id) REFERENCES public.info_user(id) DEFERRABLE INITIALLY DEFERRED;


--
-- Name: info_studentcourse info_studentcourse_course_id_2aac8b3b_fk_info_course_id; Type: FK CONSTRAINT; Schema: public; Owner: postgres
--

ALTER TABLE ONLY public.info_studentcourse
    ADD CONSTRAINT info_studentcourse_course_id_2aac8b3b_fk_info_course_id FOREIGN KEY (course_id) REFERENCES public.info_course(id) DEFERRABLE INITIALLY DEFERRED;


--
-- Name: info_studentcourse info_studentcourse_student_id_824a5a25_fk_info_student_USN; Type: FK CONSTRAINT; Schema: public; Owner: postgres
--

ALTER TABLE ONLY public.info_studentcourse
    ADD CONSTRAINT "info_studentcourse_student_id_824a5a25_fk_info_student_USN" FOREIGN KEY (student_id) REFERENCES public.info_student("USN") DEFERRABLE INITIALLY DEFERRED;


--
-- Name: info_teacher info_teacher_dept_id_e65acdf7_fk_info_dept_id; Type: FK CONSTRAINT; Schema: public; Owner: postgres
--

ALTER TABLE ONLY public.info_teacher
    ADD CONSTRAINT info_teacher_dept_id_e65acdf7_fk_info_dept_id FOREIGN KEY (dept_id) REFERENCES public.info_dept(id) DEFERRABLE INITIALLY DEFERRED;


--
-- Name: info_teacher info_teacher_user_id_1ed88589_fk_info_user_id; Type: FK CONSTRAINT; Schema: public; Owner: postgres
--

ALTER TABLE ONLY public.info_teacher
    ADD CONSTRAINT info_teacher_user_id_1ed88589_fk_info_user_id FOREIGN KEY (user_id) REFERENCES public.info_user(id) DEFERRABLE INITIALLY DEFERRED;


--
-- Name: info_user_groups info_user_groups_group_id_40dffdbb_fk_auth_group_id; Type: FK CONSTRAINT; Schema: public; Owner: postgres
--

ALTER TABLE ONLY public.info_user_groups
    ADD CONSTRAINT info_user_groups_group_id_40dffdbb_fk_auth_group_id FOREIGN KEY (group_id) REFERENCES public.auth_group(id) DEFERRABLE INITIALLY DEFERRED;


--
-- Name: info_user_groups info_user_groups_user_id_583ab83a_fk_info_user_id; Type: FK CONSTRAINT; Schema: public; Owner: postgres
--

ALTER TABLE ONLY public.info_user_groups
    ADD CONSTRAINT info_user_groups_user_id_583ab83a_fk_info_user_id FOREIGN KEY (user_id) REFERENCES public.info_user(id) DEFERRABLE INITIALLY DEFERRED;


--
-- Name: info_user_user_permissions info_user_user_permi_permission_id_839364f4_fk_auth_perm; Type: FK CONSTRAINT; Schema: public; Owner: postgres
--

ALTER TABLE ONLY public.info_user_user_permissions
    ADD CONSTRAINT info_user_user_permi_permission_id_839364f4_fk_auth_perm FOREIGN KEY (permission_id) REFERENCES public.auth_permission(id) DEFERRABLE INITIALLY DEFERRED;


--
-- Name: info_user_user_permissions info_user_user_permissions_user_id_ffc10b58_fk_info_user_id; Type: FK CONSTRAINT; Schema: public; Owner: postgres
--

ALTER TABLE ONLY public.info_user_user_permissions
    ADD CONSTRAINT info_user_user_permissions_user_id_ffc10b58_fk_info_user_id FOREIGN KEY (user_id) REFERENCES public.info_user(id) DEFERRABLE INITIALLY DEFERRED;


--
-- Name: shop_purchase shop_purchase_item_id_59b806b2_fk_shop_item_id; Type: FK CONSTRAINT; Schema: public; Owner: postgres
--

ALTER TABLE ONLY public.shop_purchase
    ADD CONSTRAINT shop_purchase_item_id_59b806b2_fk_shop_item_id FOREIGN KEY (item_id) REFERENCES public.shop_item(id) DEFERRABLE INITIALLY DEFERRED;


--
-- Name: sms_ctdtmonhoc sms_ctdtmonhoc_ctdt_id_076e75ac_fk_sms_ctdt_id; Type: FK CONSTRAINT; Schema: public; Owner: postgres
--

ALTER TABLE ONLY public.sms_ctdtmonhoc
    ADD CONSTRAINT sms_ctdtmonhoc_ctdt_id_076e75ac_fk_sms_ctdt_id FOREIGN KEY (ctdt_id) REFERENCES public.sms_ctdt(id) DEFERRABLE INITIALLY DEFERRED;


--
-- Name: sms_ctdtmonhoc sms_ctdtmonhoc_monhoc_id_c985084d_fk_sms_monhoc_id; Type: FK CONSTRAINT; Schema: public; Owner: postgres
--

ALTER TABLE ONLY public.sms_ctdtmonhoc
    ADD CONSTRAINT sms_ctdtmonhoc_monhoc_id_c985084d_fk_sms_monhoc_id FOREIGN KEY (monhoc_id) REFERENCES public.sms_monhoc(id) DEFERRABLE INITIALLY DEFERRED;


--
-- Name: sms_diemdanh sms_diemdanh_lichhoc_id_b2d67e2d_fk_sms_lichhoc_id; Type: FK CONSTRAINT; Schema: public; Owner: postgres
--

ALTER TABLE ONLY public.sms_diemdanh
    ADD CONSTRAINT sms_diemdanh_lichhoc_id_b2d67e2d_fk_sms_lichhoc_id FOREIGN KEY (lichhoc_id) REFERENCES public.sms_lichhoc(id) DEFERRABLE INITIALLY DEFERRED;


--
-- Name: sms_diemdanh sms_diemdanh_sv_id_1ff6e2ed_fk_sms_hssv_id; Type: FK CONSTRAINT; Schema: public; Owner: postgres
--

ALTER TABLE ONLY public.sms_diemdanh
    ADD CONSTRAINT sms_diemdanh_sv_id_1ff6e2ed_fk_sms_hssv_id FOREIGN KEY (sv_id) REFERENCES public.sms_hssv(id) DEFERRABLE INITIALLY DEFERRED;


--
-- Name: sms_diemthanhphan sms_diemthanhphan_log_id_a0029d1d_fk_sms_logdiem_id; Type: FK CONSTRAINT; Schema: public; Owner: postgres
--

ALTER TABLE ONLY public.sms_diemthanhphan
    ADD CONSTRAINT sms_diemthanhphan_log_id_a0029d1d_fk_sms_logdiem_id FOREIGN KEY (log_id) REFERENCES public.sms_logdiem(id) DEFERRABLE INITIALLY DEFERRED;


--
-- Name: sms_diemthanhphan sms_diemthanhphan_monhoc_id_0c2876dd_fk_sms_monhoc_id; Type: FK CONSTRAINT; Schema: public; Owner: postgres
--

ALTER TABLE ONLY public.sms_diemthanhphan
    ADD CONSTRAINT sms_diemthanhphan_monhoc_id_0c2876dd_fk_sms_monhoc_id FOREIGN KEY (monhoc_id) REFERENCES public.sms_monhoc(id) DEFERRABLE INITIALLY DEFERRED;


--
-- Name: sms_diemthanhphan sms_diemthanhphan_sv_id_05ab85eb_fk_sms_hssv_id; Type: FK CONSTRAINT; Schema: public; Owner: postgres
--

ALTER TABLE ONLY public.sms_diemthanhphan
    ADD CONSTRAINT sms_diemthanhphan_sv_id_05ab85eb_fk_sms_hssv_id FOREIGN KEY (sv_id) REFERENCES public.sms_hssv(id) DEFERRABLE INITIALLY DEFERRED;


--
-- Name: sms_diemthanhphan sms_diemthanhphan_tp_id_8e2d2608_fk_sms_loaidiem_id; Type: FK CONSTRAINT; Schema: public; Owner: postgres
--

ALTER TABLE ONLY public.sms_diemthanhphan
    ADD CONSTRAINT sms_diemthanhphan_tp_id_8e2d2608_fk_sms_loaidiem_id FOREIGN KEY (tp_id) REFERENCES public.sms_loaidiem(id) DEFERRABLE INITIALLY DEFERRED;


--
-- Name: sms_giayto_hs81 sms_giayto_hs81_hs81_id_d0ca9cdf_fk_sms_hs81_id; Type: FK CONSTRAINT; Schema: public; Owner: postgres
--

ALTER TABLE ONLY public.sms_giayto_hs81
    ADD CONSTRAINT sms_giayto_hs81_hs81_id_d0ca9cdf_fk_sms_hs81_id FOREIGN KEY (hs81_id) REFERENCES public.sms_hs81(id) DEFERRABLE INITIALLY DEFERRED;


--
-- Name: sms_giayto_hs81 sms_giayto_hs81_softfile_id_0aab3f50_fk_sms_uploadedfile_id; Type: FK CONSTRAINT; Schema: public; Owner: postgres
--

ALTER TABLE ONLY public.sms_giayto_hs81
    ADD CONSTRAINT sms_giayto_hs81_softfile_id_0aab3f50_fk_sms_uploadedfile_id FOREIGN KEY (softfile_id) REFERENCES public.sms_uploadedfile(id) DEFERRABLE INITIALLY DEFERRED;


--
-- Name: sms_gvlmh sms_gvlmh_gv_id_99be1c2e_fk_sms_hsgv_id; Type: FK CONSTRAINT; Schema: public; Owner: postgres
--

ALTER TABLE ONLY public.sms_gvlmh
    ADD CONSTRAINT sms_gvlmh_gv_id_99be1c2e_fk_sms_hsgv_id FOREIGN KEY (gv_id) REFERENCES public.sms_hsgv(id) DEFERRABLE INITIALLY DEFERRED;


--
-- Name: sms_gvlmh sms_gvlmh_lopmh_id_143aac51_fk_sms_lopmonhoc_id; Type: FK CONSTRAINT; Schema: public; Owner: postgres
--

ALTER TABLE ONLY public.sms_gvlmh
    ADD CONSTRAINT sms_gvlmh_lopmh_id_143aac51_fk_sms_lopmonhoc_id FOREIGN KEY (lopmh_id) REFERENCES public.sms_lopmonhoc(id) DEFERRABLE INITIALLY DEFERRED;


--
-- Name: sms_gvlop sms_gvlop_gv_id_39fe38c4_fk_sms_hsgv_id; Type: FK CONSTRAINT; Schema: public; Owner: postgres
--

ALTER TABLE ONLY public.sms_gvlop
    ADD CONSTRAINT sms_gvlop_gv_id_39fe38c4_fk_sms_hsgv_id FOREIGN KEY (gv_id) REFERENCES public.sms_hsgv(id) DEFERRABLE INITIALLY DEFERRED;


--
-- Name: sms_gvlop sms_gvlop_lop_id_57ec6d04_fk_sms_lop_id; Type: FK CONSTRAINT; Schema: public; Owner: postgres
--

ALTER TABLE ONLY public.sms_gvlop
    ADD CONSTRAINT sms_gvlop_lop_id_57ec6d04_fk_sms_lop_id FOREIGN KEY (lop_id) REFERENCES public.sms_lop(id) DEFERRABLE INITIALLY DEFERRED;


--
-- Name: sms_gvmonhoc sms_gvmonhoc_gv_id_77d3109a_fk_sms_hsgv_id; Type: FK CONSTRAINT; Schema: public; Owner: postgres
--

ALTER TABLE ONLY public.sms_gvmonhoc
    ADD CONSTRAINT sms_gvmonhoc_gv_id_77d3109a_fk_sms_hsgv_id FOREIGN KEY (gv_id) REFERENCES public.sms_hsgv(id) DEFERRABLE INITIALLY DEFERRED;


--
-- Name: sms_gvmonhoc sms_gvmonhoc_monhoc_id_29bb25bc_fk_sms_monhoc_id; Type: FK CONSTRAINT; Schema: public; Owner: postgres
--

ALTER TABLE ONLY public.sms_gvmonhoc
    ADD CONSTRAINT sms_gvmonhoc_monhoc_id_29bb25bc_fk_sms_monhoc_id FOREIGN KEY (monhoc_id) REFERENCES public.sms_monhoc(id) DEFERRABLE INITIALLY DEFERRED;


--
-- Name: sms_historicalctdt sms_historicalctdt_history_user_id_3e2d5373_fk_info_user_id; Type: FK CONSTRAINT; Schema: public; Owner: postgres
--

ALTER TABLE ONLY public.sms_historicalctdt
    ADD CONSTRAINT sms_historicalctdt_history_user_id_3e2d5373_fk_info_user_id FOREIGN KEY (history_user_id) REFERENCES public.info_user(id) DEFERRABLE INITIALLY DEFERRED;


--
-- Name: sms_historicalctdtmonhoc sms_historicalctdtmo_history_user_id_deb46649_fk_info_user; Type: FK CONSTRAINT; Schema: public; Owner: postgres
--

ALTER TABLE ONLY public.sms_historicalctdtmonhoc
    ADD CONSTRAINT sms_historicalctdtmo_history_user_id_deb46649_fk_info_user FOREIGN KEY (history_user_id) REFERENCES public.info_user(id) DEFERRABLE INITIALLY DEFERRED;


--
-- Name: sms_historicaldiemdanh sms_historicaldiemdanh_history_user_id_077bfab3_fk_info_user_id; Type: FK CONSTRAINT; Schema: public; Owner: postgres
--

ALTER TABLE ONLY public.sms_historicaldiemdanh
    ADD CONSTRAINT sms_historicaldiemdanh_history_user_id_077bfab3_fk_info_user_id FOREIGN KEY (history_user_id) REFERENCES public.info_user(id) DEFERRABLE INITIALLY DEFERRED;


--
-- Name: sms_historicaldiemthanhphan sms_historicaldiemth_history_user_id_103dafbf_fk_info_user; Type: FK CONSTRAINT; Schema: public; Owner: postgres
--

ALTER TABLE ONLY public.sms_historicaldiemthanhphan
    ADD CONSTRAINT sms_historicaldiemth_history_user_id_103dafbf_fk_info_user FOREIGN KEY (history_user_id) REFERENCES public.info_user(id) DEFERRABLE INITIALLY DEFERRED;


--
-- Name: sms_historicalgiayto_hs81 sms_historicalgiayto_history_user_id_503ab4bc_fk_info_user; Type: FK CONSTRAINT; Schema: public; Owner: postgres
--

ALTER TABLE ONLY public.sms_historicalgiayto_hs81
    ADD CONSTRAINT sms_historicalgiayto_history_user_id_503ab4bc_fk_info_user FOREIGN KEY (history_user_id) REFERENCES public.info_user(id) DEFERRABLE INITIALLY DEFERRED;


--
-- Name: sms_historicalgvlmh sms_historicalgvlmh_history_user_id_491abcc7_fk_info_user_id; Type: FK CONSTRAINT; Schema: public; Owner: postgres
--

ALTER TABLE ONLY public.sms_historicalgvlmh
    ADD CONSTRAINT sms_historicalgvlmh_history_user_id_491abcc7_fk_info_user_id FOREIGN KEY (history_user_id) REFERENCES public.info_user(id) DEFERRABLE INITIALLY DEFERRED;


--
-- Name: sms_historicalgvlop sms_historicalgvlop_history_user_id_b963eebf_fk_info_user_id; Type: FK CONSTRAINT; Schema: public; Owner: postgres
--

ALTER TABLE ONLY public.sms_historicalgvlop
    ADD CONSTRAINT sms_historicalgvlop_history_user_id_b963eebf_fk_info_user_id FOREIGN KEY (history_user_id) REFERENCES public.info_user(id) DEFERRABLE INITIALLY DEFERRED;


--
-- Name: sms_historicalgvmonhoc sms_historicalgvmonhoc_history_user_id_914239c9_fk_info_user_id; Type: FK CONSTRAINT; Schema: public; Owner: postgres
--

ALTER TABLE ONLY public.sms_historicalgvmonhoc
    ADD CONSTRAINT sms_historicalgvmonhoc_history_user_id_914239c9_fk_info_user_id FOREIGN KEY (history_user_id) REFERENCES public.info_user(id) DEFERRABLE INITIALLY DEFERRED;


--
-- Name: sms_historicalhedt sms_historicalhedt_history_user_id_90e5cddf_fk_info_user_id; Type: FK CONSTRAINT; Schema: public; Owner: postgres
--

ALTER TABLE ONLY public.sms_historicalhedt
    ADD CONSTRAINT sms_historicalhedt_history_user_id_90e5cddf_fk_info_user_id FOREIGN KEY (history_user_id) REFERENCES public.info_user(id) DEFERRABLE INITIALLY DEFERRED;


--
-- Name: sms_historicalhocky sms_historicalhocky_history_user_id_335d3be7_fk_info_user_id; Type: FK CONSTRAINT; Schema: public; Owner: postgres
--

ALTER TABLE ONLY public.sms_historicalhocky
    ADD CONSTRAINT sms_historicalhocky_history_user_id_335d3be7_fk_info_user_id FOREIGN KEY (history_user_id) REFERENCES public.info_user(id) DEFERRABLE INITIALLY DEFERRED;


--
-- Name: sms_historicalhocphi sms_historicalhocphi_history_user_id_3883c72a_fk_info_user_id; Type: FK CONSTRAINT; Schema: public; Owner: postgres
--

ALTER TABLE ONLY public.sms_historicalhocphi
    ADD CONSTRAINT sms_historicalhocphi_history_user_id_3883c72a_fk_info_user_id FOREIGN KEY (history_user_id) REFERENCES public.info_user(id) DEFERRABLE INITIALLY DEFERRED;


--
-- Name: sms_historicalhocphistatus sms_historicalhocphi_history_user_id_b511191e_fk_info_user; Type: FK CONSTRAINT; Schema: public; Owner: postgres
--

ALTER TABLE ONLY public.sms_historicalhocphistatus
    ADD CONSTRAINT sms_historicalhocphi_history_user_id_b511191e_fk_info_user FOREIGN KEY (history_user_id) REFERENCES public.info_user(id) DEFERRABLE INITIALLY DEFERRED;


--
-- Name: sms_historicalhp81 sms_historicalhp81_history_user_id_3e8f61b3_fk_info_user_id; Type: FK CONSTRAINT; Schema: public; Owner: postgres
--

ALTER TABLE ONLY public.sms_historicalhp81
    ADD CONSTRAINT sms_historicalhp81_history_user_id_3e8f61b3_fk_info_user_id FOREIGN KEY (history_user_id) REFERENCES public.info_user(id) DEFERRABLE INITIALLY DEFERRED;


--
-- Name: sms_historicalhs81 sms_historicalhs81_history_user_id_ac839bbf_fk_info_user_id; Type: FK CONSTRAINT; Schema: public; Owner: postgres
--

ALTER TABLE ONLY public.sms_historicalhs81
    ADD CONSTRAINT sms_historicalhs81_history_user_id_ac839bbf_fk_info_user_id FOREIGN KEY (history_user_id) REFERENCES public.info_user(id) DEFERRABLE INITIALLY DEFERRED;


--
-- Name: sms_historicalhsgv sms_historicalhsgv_history_user_id_81ad3d77_fk_info_user_id; Type: FK CONSTRAINT; Schema: public; Owner: postgres
--

ALTER TABLE ONLY public.sms_historicalhsgv
    ADD CONSTRAINT sms_historicalhsgv_history_user_id_81ad3d77_fk_info_user_id FOREIGN KEY (history_user_id) REFERENCES public.info_user(id) DEFERRABLE INITIALLY DEFERRED;


--
-- Name: sms_historicalhsns sms_historicalhsns_history_user_id_4fe0b1dd_fk_info_user_id; Type: FK CONSTRAINT; Schema: public; Owner: postgres
--

ALTER TABLE ONLY public.sms_historicalhsns
    ADD CONSTRAINT sms_historicalhsns_history_user_id_4fe0b1dd_fk_info_user_id FOREIGN KEY (history_user_id) REFERENCES public.info_user(id) DEFERRABLE INITIALLY DEFERRED;


--
-- Name: sms_historicalhssv sms_historicalhssv_history_user_id_ff5b8152_fk_info_user_id; Type: FK CONSTRAINT; Schema: public; Owner: postgres
--

ALTER TABLE ONLY public.sms_historicalhssv
    ADD CONSTRAINT sms_historicalhssv_history_user_id_ff5b8152_fk_info_user_id FOREIGN KEY (history_user_id) REFERENCES public.info_user(id) DEFERRABLE INITIALLY DEFERRED;


--
-- Name: sms_historicalkhoahoc sms_historicalkhoahoc_history_user_id_67c348ca_fk_info_user_id; Type: FK CONSTRAINT; Schema: public; Owner: postgres
--

ALTER TABLE ONLY public.sms_historicalkhoahoc
    ADD CONSTRAINT sms_historicalkhoahoc_history_user_id_67c348ca_fk_info_user_id FOREIGN KEY (history_user_id) REFERENCES public.info_user(id) DEFERRABLE INITIALLY DEFERRED;


--
-- Name: sms_historicallichhoc sms_historicallichhoc_history_user_id_d335154e_fk_info_user_id; Type: FK CONSTRAINT; Schema: public; Owner: postgres
--

ALTER TABLE ONLY public.sms_historicallichhoc
    ADD CONSTRAINT sms_historicallichhoc_history_user_id_d335154e_fk_info_user_id FOREIGN KEY (history_user_id) REFERENCES public.info_user(id) DEFERRABLE INITIALLY DEFERRED;


--
-- Name: sms_historicalloaidiem sms_historicalloaidiem_history_user_id_a08db680_fk_info_user_id; Type: FK CONSTRAINT; Schema: public; Owner: postgres
--

ALTER TABLE ONLY public.sms_historicalloaidiem
    ADD CONSTRAINT sms_historicalloaidiem_history_user_id_a08db680_fk_info_user_id FOREIGN KEY (history_user_id) REFERENCES public.info_user(id) DEFERRABLE INITIALLY DEFERRED;


--
-- Name: sms_historicallop sms_historicallop_history_user_id_1b311a0d_fk_info_user_id; Type: FK CONSTRAINT; Schema: public; Owner: postgres
--

ALTER TABLE ONLY public.sms_historicallop
    ADD CONSTRAINT sms_historicallop_history_user_id_1b311a0d_fk_info_user_id FOREIGN KEY (history_user_id) REFERENCES public.info_user(id) DEFERRABLE INITIALLY DEFERRED;


--
-- Name: sms_historicallophk sms_historicallophk_history_user_id_0cfe7969_fk_info_user_id; Type: FK CONSTRAINT; Schema: public; Owner: postgres
--

ALTER TABLE ONLY public.sms_historicallophk
    ADD CONSTRAINT sms_historicallophk_history_user_id_0cfe7969_fk_info_user_id FOREIGN KEY (history_user_id) REFERENCES public.info_user(id) DEFERRABLE INITIALLY DEFERRED;


--
-- Name: sms_historicallopmonhoc sms_historicallopmon_history_user_id_99a5608c_fk_info_user; Type: FK CONSTRAINT; Schema: public; Owner: postgres
--

ALTER TABLE ONLY public.sms_historicallopmonhoc
    ADD CONSTRAINT sms_historicallopmon_history_user_id_99a5608c_fk_info_user FOREIGN KEY (history_user_id) REFERENCES public.info_user(id) DEFERRABLE INITIALLY DEFERRED;


--
-- Name: sms_historicalmonhoc sms_historicalmonhoc_history_user_id_001d27ce_fk_info_user_id; Type: FK CONSTRAINT; Schema: public; Owner: postgres
--

ALTER TABLE ONLY public.sms_historicalmonhoc
    ADD CONSTRAINT sms_historicalmonhoc_history_user_id_001d27ce_fk_info_user_id FOREIGN KEY (history_user_id) REFERENCES public.info_user(id) DEFERRABLE INITIALLY DEFERRED;


--
-- Name: sms_historicalnganh sms_historicalnganh_history_user_id_218f6d6e_fk_info_user_id; Type: FK CONSTRAINT; Schema: public; Owner: postgres
--

ALTER TABLE ONLY public.sms_historicalnganh
    ADD CONSTRAINT sms_historicalnganh_history_user_id_218f6d6e_fk_info_user_id FOREIGN KEY (history_user_id) REFERENCES public.info_user(id) DEFERRABLE INITIALLY DEFERRED;


--
-- Name: sms_historicalnslop sms_historicalnslop_history_user_id_1a28dc71_fk_info_user_id; Type: FK CONSTRAINT; Schema: public; Owner: postgres
--

ALTER TABLE ONLY public.sms_historicalnslop
    ADD CONSTRAINT sms_historicalnslop_history_user_id_1a28dc71_fk_info_user_id FOREIGN KEY (history_user_id) REFERENCES public.info_user(id) DEFERRABLE INITIALLY DEFERRED;


--
-- Name: sms_historicalnsphong sms_historicalnsphong_history_user_id_07c37203_fk_info_user_id; Type: FK CONSTRAINT; Schema: public; Owner: postgres
--

ALTER TABLE ONLY public.sms_historicalnsphong
    ADD CONSTRAINT sms_historicalnsphong_history_user_id_07c37203_fk_info_user_id FOREIGN KEY (history_user_id) REFERENCES public.info_user(id) DEFERRABLE INITIALLY DEFERRED;


--
-- Name: sms_historicalphong sms_historicalphong_history_user_id_e4cec344_fk_info_user_id; Type: FK CONSTRAINT; Schema: public; Owner: postgres
--

ALTER TABLE ONLY public.sms_historicalphong
    ADD CONSTRAINT sms_historicalphong_history_user_id_e4cec344_fk_info_user_id FOREIGN KEY (history_user_id) REFERENCES public.info_user(id) DEFERRABLE INITIALLY DEFERRED;


--
-- Name: sms_historicalsvstatus sms_historicalsvstatus_history_user_id_4385b00d_fk_info_user_id; Type: FK CONSTRAINT; Schema: public; Owner: postgres
--

ALTER TABLE ONLY public.sms_historicalsvstatus
    ADD CONSTRAINT sms_historicalsvstatus_history_user_id_4385b00d_fk_info_user_id FOREIGN KEY (history_user_id) REFERENCES public.info_user(id) DEFERRABLE INITIALLY DEFERRED;


--
-- Name: sms_historicaltrungtam sms_historicaltrungtam_history_user_id_c9cea09a_fk_info_user_id; Type: FK CONSTRAINT; Schema: public; Owner: postgres
--

ALTER TABLE ONLY public.sms_historicaltrungtam
    ADD CONSTRAINT sms_historicaltrungtam_history_user_id_c9cea09a_fk_info_user_id FOREIGN KEY (history_user_id) REFERENCES public.info_user(id) DEFERRABLE INITIALLY DEFERRED;


--
-- Name: sms_historicalttgv sms_historicalttgv_history_user_id_c8843691_fk_info_user_id; Type: FK CONSTRAINT; Schema: public; Owner: postgres
--

ALTER TABLE ONLY public.sms_historicalttgv
    ADD CONSTRAINT sms_historicalttgv_history_user_id_c8843691_fk_info_user_id FOREIGN KEY (history_user_id) REFERENCES public.info_user(id) DEFERRABLE INITIALLY DEFERRED;


--
-- Name: sms_historicaluploadedfile sms_historicalupload_history_user_id_194c2821_fk_info_user; Type: FK CONSTRAINT; Schema: public; Owner: postgres
--

ALTER TABLE ONLY public.sms_historicaluploadedfile
    ADD CONSTRAINT sms_historicalupload_history_user_id_194c2821_fk_info_user FOREIGN KEY (history_user_id) REFERENCES public.info_user(id) DEFERRABLE INITIALLY DEFERRED;


--
-- Name: sms_hocphi sms_hocphi_lop_id_565a189a_fk_sms_lop_id; Type: FK CONSTRAINT; Schema: public; Owner: postgres
--

ALTER TABLE ONLY public.sms_hocphi
    ADD CONSTRAINT sms_hocphi_lop_id_565a189a_fk_sms_lop_id FOREIGN KEY (lop_id) REFERENCES public.sms_lop(id) DEFERRABLE INITIALLY DEFERRED;


--
-- Name: sms_hocphi sms_hocphi_sv_id_6a466c91_fk_sms_hssv_id; Type: FK CONSTRAINT; Schema: public; Owner: postgres
--

ALTER TABLE ONLY public.sms_hocphi
    ADD CONSTRAINT sms_hocphi_sv_id_6a466c91_fk_sms_hssv_id FOREIGN KEY (sv_id) REFERENCES public.sms_hssv(id) DEFERRABLE INITIALLY DEFERRED;


--
-- Name: sms_hp81 sms_hp81_hk_id_cc999989_fk_sms_hocky_id; Type: FK CONSTRAINT; Schema: public; Owner: postgres
--

ALTER TABLE ONLY public.sms_hp81
    ADD CONSTRAINT sms_hp81_hk_id_cc999989_fk_sms_hocky_id FOREIGN KEY (hk_id) REFERENCES public.sms_hocky(id) DEFERRABLE INITIALLY DEFERRED;


--
-- Name: sms_hp81 sms_hp81_status_id_c82791b1_fk_sms_hocphistatus_id; Type: FK CONSTRAINT; Schema: public; Owner: postgres
--

ALTER TABLE ONLY public.sms_hp81
    ADD CONSTRAINT sms_hp81_status_id_c82791b1_fk_sms_hocphistatus_id FOREIGN KEY (status_id) REFERENCES public.sms_hocphistatus(id) DEFERRABLE INITIALLY DEFERRED;


--
-- Name: sms_hp81 sms_hp81_sv_id_12f68d97_fk_sms_hssv_id; Type: FK CONSTRAINT; Schema: public; Owner: postgres
--

ALTER TABLE ONLY public.sms_hp81
    ADD CONSTRAINT sms_hp81_sv_id_12f68d97_fk_sms_hssv_id FOREIGN KEY (sv_id) REFERENCES public.sms_hssv(id) DEFERRABLE INITIALLY DEFERRED;


--
-- Name: sms_hs81 sms_hs81_hk_id_01086abd_fk_sms_hocky_id; Type: FK CONSTRAINT; Schema: public; Owner: postgres
--

ALTER TABLE ONLY public.sms_hs81
    ADD CONSTRAINT sms_hs81_hk_id_01086abd_fk_sms_hocky_id FOREIGN KEY (hk_id) REFERENCES public.sms_hocky(id) DEFERRABLE INITIALLY DEFERRED;


--
-- Name: sms_hs81 sms_hs81_sv_id_61a1ae24_fk_sms_hssv_id; Type: FK CONSTRAINT; Schema: public; Owner: postgres
--

ALTER TABLE ONLY public.sms_hs81
    ADD CONSTRAINT sms_hs81_sv_id_61a1ae24_fk_sms_hssv_id FOREIGN KEY (sv_id) REFERENCES public.sms_hssv(id) DEFERRABLE INITIALLY DEFERRED;


--
-- Name: sms_hsgv sms_hsgv_user_id_39253673_fk_info_user_id; Type: FK CONSTRAINT; Schema: public; Owner: postgres
--

ALTER TABLE ONLY public.sms_hsgv
    ADD CONSTRAINT sms_hsgv_user_id_39253673_fk_info_user_id FOREIGN KEY (user_id) REFERENCES public.info_user(id) DEFERRABLE INITIALLY DEFERRED;


--
-- Name: sms_hsns sms_hsns_user_id_1fe6eec1_fk_info_user_id; Type: FK CONSTRAINT; Schema: public; Owner: postgres
--

ALTER TABLE ONLY public.sms_hsns
    ADD CONSTRAINT sms_hsns_user_id_1fe6eec1_fk_info_user_id FOREIGN KEY (user_id) REFERENCES public.info_user(id) DEFERRABLE INITIALLY DEFERRED;


--
-- Name: sms_hssv sms_hssv_lop_id_2464dbe1_fk_sms_lop_id; Type: FK CONSTRAINT; Schema: public; Owner: postgres
--

ALTER TABLE ONLY public.sms_hssv
    ADD CONSTRAINT sms_hssv_lop_id_2464dbe1_fk_sms_lop_id FOREIGN KEY (lop_id) REFERENCES public.sms_lop(id) DEFERRABLE INITIALLY DEFERRED;


--
-- Name: sms_hssv sms_hssv_status_id_b9aab841_fk_sms_svstatus_id; Type: FK CONSTRAINT; Schema: public; Owner: postgres
--

ALTER TABLE ONLY public.sms_hssv
    ADD CONSTRAINT sms_hssv_status_id_b9aab841_fk_sms_svstatus_id FOREIGN KEY (status_id) REFERENCES public.sms_svstatus(id) DEFERRABLE INITIALLY DEFERRED;


--
-- Name: sms_hssv sms_hssv_user_id_7e01d24f_fk_info_user_id; Type: FK CONSTRAINT; Schema: public; Owner: postgres
--

ALTER TABLE ONLY public.sms_hssv
    ADD CONSTRAINT sms_hssv_user_id_7e01d24f_fk_info_user_id FOREIGN KEY (user_id) REFERENCES public.info_user(id) DEFERRABLE INITIALLY DEFERRED;


--
-- Name: sms_lichhoc sms_lichhoc_giaovien_id_378447b5_fk_sms_hsgv_id; Type: FK CONSTRAINT; Schema: public; Owner: postgres
--

ALTER TABLE ONLY public.sms_lichhoc
    ADD CONSTRAINT sms_lichhoc_giaovien_id_378447b5_fk_sms_hsgv_id FOREIGN KEY (giaovien_id) REFERENCES public.sms_hsgv(id) DEFERRABLE INITIALLY DEFERRED;


--
-- Name: sms_lichhoc sms_lichhoc_lmh_id_4611fb11_fk_sms_lopmonhoc_id; Type: FK CONSTRAINT; Schema: public; Owner: postgres
--

ALTER TABLE ONLY public.sms_lichhoc
    ADD CONSTRAINT sms_lichhoc_lmh_id_4611fb11_fk_sms_lopmonhoc_id FOREIGN KEY (lmh_id) REFERENCES public.sms_lopmonhoc(id) DEFERRABLE INITIALLY DEFERRED;


--
-- Name: sms_lop sms_lop_ctdt_id_065d816b_fk_sms_ctdt_id; Type: FK CONSTRAINT; Schema: public; Owner: postgres
--

ALTER TABLE ONLY public.sms_lop
    ADD CONSTRAINT sms_lop_ctdt_id_065d816b_fk_sms_ctdt_id FOREIGN KEY (ctdt_id) REFERENCES public.sms_ctdt(id) DEFERRABLE INITIALLY DEFERRED;


--
-- Name: sms_lop sms_lop_trungtam_id_a491429b_fk_sms_trungtam_id; Type: FK CONSTRAINT; Schema: public; Owner: postgres
--

ALTER TABLE ONLY public.sms_lop
    ADD CONSTRAINT sms_lop_trungtam_id_a491429b_fk_sms_trungtam_id FOREIGN KEY (trungtam_id) REFERENCES public.sms_trungtam(id) DEFERRABLE INITIALLY DEFERRED;


--
-- Name: sms_lophk sms_lophk_hk_id_677881f9_fk_sms_hocky_id; Type: FK CONSTRAINT; Schema: public; Owner: postgres
--

ALTER TABLE ONLY public.sms_lophk
    ADD CONSTRAINT sms_lophk_hk_id_677881f9_fk_sms_hocky_id FOREIGN KEY (hk_id) REFERENCES public.sms_hocky(id) DEFERRABLE INITIALLY DEFERRED;


--
-- Name: sms_lophk sms_lophk_lop_id_69e8de07_fk_sms_lop_id; Type: FK CONSTRAINT; Schema: public; Owner: postgres
--

ALTER TABLE ONLY public.sms_lophk
    ADD CONSTRAINT sms_lophk_lop_id_69e8de07_fk_sms_lop_id FOREIGN KEY (lop_id) REFERENCES public.sms_lop(id) DEFERRABLE INITIALLY DEFERRED;


--
-- Name: sms_lopmonhoc sms_lopmonhoc_hk_id_e59a0faf_fk_sms_hocky_id; Type: FK CONSTRAINT; Schema: public; Owner: postgres
--

ALTER TABLE ONLY public.sms_lopmonhoc
    ADD CONSTRAINT sms_lopmonhoc_hk_id_e59a0faf_fk_sms_hocky_id FOREIGN KEY (hk_id) REFERENCES public.sms_hocky(id) DEFERRABLE INITIALLY DEFERRED;


--
-- Name: sms_lopmonhoc sms_lopmonhoc_lop_id_506a1384_fk_sms_lop_id; Type: FK CONSTRAINT; Schema: public; Owner: postgres
--

ALTER TABLE ONLY public.sms_lopmonhoc
    ADD CONSTRAINT sms_lopmonhoc_lop_id_506a1384_fk_sms_lop_id FOREIGN KEY (lop_id) REFERENCES public.sms_lop(id) DEFERRABLE INITIALLY DEFERRED;


--
-- Name: sms_lopmonhoc sms_lopmonhoc_monhoc_id_abdf1192_fk_sms_monhoc_id; Type: FK CONSTRAINT; Schema: public; Owner: postgres
--

ALTER TABLE ONLY public.sms_lopmonhoc
    ADD CONSTRAINT sms_lopmonhoc_monhoc_id_abdf1192_fk_sms_monhoc_id FOREIGN KEY (monhoc_id) REFERENCES public.sms_monhoc(id) DEFERRABLE INITIALLY DEFERRED;


--
-- Name: sms_nslop sms_nslop_lop_id_12ed6f6c_fk_sms_lop_id; Type: FK CONSTRAINT; Schema: public; Owner: postgres
--

ALTER TABLE ONLY public.sms_nslop
    ADD CONSTRAINT sms_nslop_lop_id_12ed6f6c_fk_sms_lop_id FOREIGN KEY (lop_id) REFERENCES public.sms_lop(id) DEFERRABLE INITIALLY DEFERRED;


--
-- Name: sms_nslop sms_nslop_ns_id_7d9b0472_fk_sms_hsns_id; Type: FK CONSTRAINT; Schema: public; Owner: postgres
--

ALTER TABLE ONLY public.sms_nslop
    ADD CONSTRAINT sms_nslop_ns_id_7d9b0472_fk_sms_hsns_id FOREIGN KEY (ns_id) REFERENCES public.sms_hsns(id) DEFERRABLE INITIALLY DEFERRED;


--
-- Name: sms_nsphong sms_nsphong_ns_id_abafe93a_fk_sms_hsns_id; Type: FK CONSTRAINT; Schema: public; Owner: postgres
--

ALTER TABLE ONLY public.sms_nsphong
    ADD CONSTRAINT sms_nsphong_ns_id_abafe93a_fk_sms_hsns_id FOREIGN KEY (ns_id) REFERENCES public.sms_hsns(id) DEFERRABLE INITIALLY DEFERRED;


--
-- Name: sms_nsphong sms_nsphong_phong_id_28911cc2_fk_sms_phong_id; Type: FK CONSTRAINT; Schema: public; Owner: postgres
--

ALTER TABLE ONLY public.sms_nsphong
    ADD CONSTRAINT sms_nsphong_phong_id_28911cc2_fk_sms_phong_id FOREIGN KEY (phong_id) REFERENCES public.sms_phong(id) DEFERRABLE INITIALLY DEFERRED;


--
-- Name: sms_teacherinfo sms_teacherinfo_dept_type_id_aa87842d_fk_sms_teacherdeptinfo_id; Type: FK CONSTRAINT; Schema: public; Owner: postgres
--

ALTER TABLE ONLY public.sms_teacherinfo
    ADD CONSTRAINT sms_teacherinfo_dept_type_id_aa87842d_fk_sms_teacherdeptinfo_id FOREIGN KEY (dept_type_id) REFERENCES public.sms_teacherdeptinfo(id) DEFERRABLE INITIALLY DEFERRED;


--
-- Name: sms_teacherinfo sms_teacherinfo_sub_type_id_c043ede5_fk_sms_teachersubinfo_id; Type: FK CONSTRAINT; Schema: public; Owner: postgres
--

ALTER TABLE ONLY public.sms_teacherinfo
    ADD CONSTRAINT sms_teacherinfo_sub_type_id_c043ede5_fk_sms_teachersubinfo_id FOREIGN KEY (sub_type_id) REFERENCES public.sms_teachersubinfo(id) DEFERRABLE INITIALLY DEFERRED;


--
-- Name: sms_ttgv sms_ttgv_gv_id_2f217eed_fk_sms_hsgv_id; Type: FK CONSTRAINT; Schema: public; Owner: postgres
--

ALTER TABLE ONLY public.sms_ttgv
    ADD CONSTRAINT sms_ttgv_gv_id_2f217eed_fk_sms_hsgv_id FOREIGN KEY (gv_id) REFERENCES public.sms_hsgv(id) DEFERRABLE INITIALLY DEFERRED;


--
-- Name: sms_ttgv sms_ttgv_lopmh_id_ea8aef5d_fk_sms_lopmonhoc_id; Type: FK CONSTRAINT; Schema: public; Owner: postgres
--

ALTER TABLE ONLY public.sms_ttgv
    ADD CONSTRAINT sms_ttgv_lopmh_id_ea8aef5d_fk_sms_lopmonhoc_id FOREIGN KEY (lopmh_id) REFERENCES public.sms_lopmonhoc(id) DEFERRABLE INITIALLY DEFERRED;


--
-- PostgreSQL database dump complete
--

